[{"pk": 1, "model": "south.migrationhistory", "fields": {"applied": "2014-01-02T20:42:59.517", "app_name": "base", "migration": "0001_initial"}}, {"pk": 2, "model": "south.migrationhistory", "fields": {"applied": "2014-01-02T20:42:59.846", "app_name": "base", "migration": "0002_auto__add_vat__add_field_categorie_vat_onsite__add_field_categorie_vat"}}, {"pk": 3, "model": "south.migrationhistory", "fields": {"applied": "2014-01-02T20:43:00.032", "app_name": "base", "migration": "0003_auto__del_field_categorie_alcool"}}, {"pk": 4, "model": "south.migrationhistory", "fields": {"applied": "2014-01-02T20:43:00.222", "app_name": "base", "migration": "0004_auto__add_field_vat_value"}}, {"pk": 5, "model": "south.migrationhistory", "fields": {"applied": "2014-01-02T20:43:00.411", "app_name": "base", "migration": "0005_auto__chg_field_vat_value"}}, {"pk": 6, "model": "south.migrationhistory", "fields": {"applied": "2014-01-02T20:43:00.604", "app_name": "base", "migration": "0006_auto__chg_field_vat_value"}}, {"pk": 7, "model": "south.migrationhistory", "fields": {"applied": "2014-01-02T20:43:00.802", "app_name": "base", "migration": "0007_auto__add_field_facture_onsite"}}, {"pk": 8, "model": "south.migrationhistory", "fields": {"applied": "2014-01-02T20:43:01.065", "app_name": "base", "migration": "0008_auto__del_field_paiementtype_priorite__del_field_paiementtype_nom_fact"}}, {"pk": 9, "model": "south.migrationhistory", "fields": {"applied": "2014-01-02T20:43:01.380", "app_name": "base", "migration": "0009_auto__add_vatonbill__add_field_facture_total_ttc"}}, {"pk": 10, "model": "south.migrationhistory", "fields": {"applied": "2014-01-02T20:43:01.521", "app_name": "base", "migration": "0010_facture_total_ttc"}}, {"pk": 11, "model": "south.migrationhistory", "fields": {"applied": "2014-01-02T20:43:01.811", "app_name": "base", "migration": "0011_auto__del_field_facture_montant_alcool__del_field_facture_montant_norm"}}, {"pk": 12, "model": "south.migrationhistory", "fields": {"applied": "2014-01-02T20:43:01.996", "app_name": "base", "migration": "0012_auto__add_field_cuisson_nom_facture"}}, {"pk": 13, "model": "south.migrationhistory", "fields": {"applied": "2014-01-02T20:43:02.143", "app_name": "base", "migration": "0013_auto__add_printer"}}, {"pk": 14, "model": "south.migrationhistory", "fields": {"applied": "2014-01-02T20:43:02.345", "app_name": "base", "migration": "0014_auto__add_field_printer_width"}}, {"pk": 15, "model": "south.migrationhistory", "fields": {"applied": "2014-01-02T20:43:02.591", "app_name": "base", "migration": "0015_auto__add_field_categorie_made_in_kitchen"}}, {"pk": 16, "model": "south.migrationhistory", "fields": {"applied": "2014-01-02T20:43:02.897", "app_name": "base", "migration": "0016_auto__add_field_produitvendu_made_with__add_field_produitvendu_sent"}}, {"pk": 17, "model": "south.migrationhistory", "fields": {"applied": "2014-01-02T20:43:03.090", "app_name": "base", "migration": "0017_auto__chg_field_produitvendu_made_with"}}, {"pk": 18, "model": "south.migrationhistory", "fields": {"applied": "2014-01-02T20:43:03.445", "app_name": "base", "migration": "0018_auto__del_field_suivi_etat__add_field_suivi_category"}}, {"pk": 19, "model": "south.migrationhistory", "fields": {"applied": "2014-01-02T20:43:03.710", "app_name": "base", "migration": "0019_auto__add_field_produit_vat_onsite__add_field_produit_vat_takeaway"}}, {"pk": 20, "model": "south.migrationhistory", "fields": {"applied": "2014-01-02T20:43:03.858", "app_name": "base", "migration": "0020_auto"}}, {"pk": 21, "model": "south.migrationhistory", "fields": {"applied": "2014-01-02T20:43:04.572", "app_name": "base", "migration": "0021_auto__del_etat__del_couleur__del_field_categorie_couleur__add_field_ca"}}, {"pk": 22, "model": "south.migrationhistory", "fields": {"applied": "2014-01-02T20:43:04.792", "app_name": "base", "migration": "0022_auto__add_field_facture_overcharge"}}, {"pk": 23, "model": "south.migrationhistory", "fields": {"applied": "2014-01-02T20:43:05.252", "app_name": "base", "migration": "0023_auto__del_suivi__add_follow__add_field_facture_following__add_field_fa"}}, {"pk": 24, "model": "south.migrationhistory", "fields": {"applied": "2014-01-02T20:43:05.638", "app_name": "base", "migration": "0024_auto__del_field_facture_following"}}, {"pk": 25, "model": "south.migrationhistory", "fields": {"applied": "2014-01-02T20:43:05.880", "app_name": "base", "migration": "0025_auto__chg_field_facture_category_to_follow"}}, {"pk": 26, "model": "south.migrationhistory", "fields": {"applied": "2014-01-02T20:43:06.047", "app_name": "base", "migration": "0026_auto__add_config"}}, {"pk": 27, "model": "south.migrationhistory", "fields": {"applied": "2014-01-02T20:43:06.312", "app_name": "base", "migration": "0027_auto__del_statsjourcategorie__del_statsjourgeneral__del_statsjourprodu"}}, {"pk": 28, "model": "south.migrationhistory", "fields": {"applied": "2014-01-02T20:43:06.487", "app_name": "base", "migration": "0028_auto__del_logtype__del_log"}}, {"pk": 29, "model": "south.migrationhistory", "fields": {"applied": "2014-01-02T20:43:06.860", "app_name": "base", "migration": "0029_auto__add_field_produit_price_surcharged__add_field_produit_vat_surcha"}}, {"pk": 30, "model": "south.migrationhistory", "fields": {"applied": "2014-01-02T20:43:07.074", "app_name": "base", "migration": "0030_auto__del_field_facture_overcharge__add_field_facture_surcharge"}}, {"pk": 31, "model": "south.migrationhistory", "fields": {"applied": "2014-01-02T20:43:07.257", "app_name": "base", "migration": "0031_auto__del_field_produit_nom_facture"}}, {"pk": 32, "model": "south.migrationhistory", "fields": {"applied": "2014-01-02T20:43:08.143", "app_name": "base", "migration": "0032_auto__del_accompagnement__add_dish__add_field_sauce_nom_facture__del_f"}}, {"pk": 33, "model": "south.migrationhistory", "fields": {"applied": "2014-01-02T20:43:08.391", "app_name": "base", "migration": "0033_auto__add_note"}}, {"pk": 34, "model": "south.migrationhistory", "fields": {"applied": "2014-01-02T20:43:09.009", "app_name": "django_extensions", "migration": "0001_empty"}}, {"pk": 1, "model": "auth.user", "fields": {"username": "demo", "first_name": "first name", "last_name": "last name", "is_active": true, "is_superuser": false, "is_staff": false, "last_login": "2014-01-02T20:45:57.112", "groups": [], "user_permissions": [61, 62, 63, 64, 65, 66, 67, 68, 69], "password": "pbkdf2_sha256$10000$6VwDqUgL0hTg$XIacx/7yD3uK1PgU1+3lsq9xx0Y6nwK9w4UaKH1xUOM=", "email": "demo@possum-software.org", "date_joined": "2014-01-02T20:45:57.112"}}, {"pk": 1, "model": "base.vat", "fields": {"tax": "19.6", "name": "alcool", "value": "0.196"}}, {"pk": 2, "model": "base.vat", "fields": {"tax": "7", "name": "sur place", "value": "0.07"}}, {"pk": 3, "model": "base.vat", "fields": {"tax": "5", "name": "\u00e0 emporter", "value": "0.05"}}, {"pk": 1, "model": "base.cuisson", "fields": {"nom_facture": "B", "nom": "bleu", "priorite": 10, "color": "#8CC6D7"}}, {"pk": 2, "model": "base.cuisson", "fields": {"nom_facture": "S", "nom": "saignant", "priorite": 15, "color": "#DB0B32"}}, {"pk": 3, "model": "base.cuisson", "fields": {"nom_facture": "AP", "nom": "\u00e0 point", "priorite": 20, "color": "#C44C51"}}, {"pk": 4, "model": "base.cuisson", "fields": {"nom_facture": "BC", "nom": "bien cuit", "priorite": 25, "color": "#B78178"}}, {"pk": 1, "model": "base.categorie", "fields": {"nom": "Jus", "disable_surtaxe": false, "color": "#44b3dc", "available_sauces": [], "vat_takeaway": 3, "priorite": 25, "available_dishes": [], "vat_onsite": 2, "made_in_kitchen": false, "surtaxable": false}}, {"pk": 2, "model": "base.categorie", "fields": {"nom": "Bieres", "disable_surtaxe": false, "color": "#ea97b5", "available_sauces": [], "vat_takeaway": 1, "priorite": 2, "available_dishes": [], "vat_onsite": 1, "made_in_kitchen": false, "surtaxable": false}}, {"pk": 3, "model": "base.categorie", "fields": {"nom": "Entrees", "disable_surtaxe": false, "color": "#ff9f00", "available_sauces": [], "vat_takeaway": 3, "priorite": 5, "available_dishes": [], "vat_onsite": 2, "made_in_kitchen": true, "surtaxable": false}}, {"pk": 4, "model": "base.categorie", "fields": {"nom": "Plat", "disable_surtaxe": false, "color": "#c9a100", "available_sauces": [], "vat_takeaway": 3, "priorite": 10, "available_dishes": [], "vat_onsite": 2, "made_in_kitchen": true, "surtaxable": false}}, {"pk": 5, "model": "base.categorie", "fields": {"nom": "Menu", "disable_surtaxe": false, "color": "#88f027", "available_sauces": [], "vat_takeaway": 3, "priorite": 22, "available_dishes": [], "vat_onsite": 2, "made_in_kitchen": false, "surtaxable": false}}, {"pk": 1, "model": "base.config", "fields": {"value": "5", "key": "payment_for_refunds"}}, {"pk": 2, "model": "base.config", "fields": {"value": "0.20", "key": "price_surcharge"}}, {"pk": 1, "model": "base.produit", "fields": {"nom": "jus abricot", "categories_ok": [], "choix_sauce": false, "choix_cuisson": false, "vat_takeaway": "0", "vat_surcharged": "0", "prix": "2.8", "price_surcharged": "0", "vat_onsite": "0", "choix_dish": false, "categorie": 1, "actif": false, "produits_ok": []}}, {"pk": 2, "model": "base.produit", "fields": {"nom": "jus pomme", "categories_ok": [], "choix_sauce": false, "choix_cuisson": false, "vat_takeaway": "0", "vat_surcharged": "0", "prix": "2.8", "price_surcharged": "0", "vat_onsite": "0", "choix_dish": false, "categorie": 1, "actif": false, "produits_ok": []}}, {"pk": 3, "model": "base.produit", "fields": {"nom": "biere 50cl", "categories_ok": [], "choix_sauce": false, "choix_cuisson": false, "vat_takeaway": "0", "vat_surcharged": "0", "prix": "2.8", "price_surcharged": "0", "vat_onsite": "0", "choix_dish": false, "categorie": 2, "actif": false, "produits_ok": []}}, {"pk": 4, "model": "base.produit", "fields": {"nom": "salade normande", "categories_ok": [], "choix_sauce": false, "choix_cuisson": false, "vat_takeaway": "0", "vat_surcharged": "0", "prix": "3.4", "price_surcharged": "0", "vat_onsite": "0", "choix_dish": false, "categorie": 3, "actif": false, "produits_ok": [8, 14]}}, {"pk": 5, "model": "base.produit", "fields": {"nom": "buffet", "categories_ok": [], "choix_sauce": false, "choix_cuisson": false, "vat_takeaway": "0", "vat_surcharged": "0", "prix": "6.4", "price_surcharged": "0", "vat_onsite": "0", "choix_dish": false, "categorie": 3, "actif": false, "produits_ok": []}}, {"pk": 6, "model": "base.produit", "fields": {"nom": "entrecote", "categories_ok": [], "choix_sauce": false, "choix_cuisson": true, "vat_takeaway": "0", "vat_surcharged": "0", "prix": "8.4", "price_surcharged": "0", "vat_onsite": "0", "choix_dish": false, "categorie": 4, "actif": false, "produits_ok": [8, 14]}}, {"pk": 7, "model": "base.produit", "fields": {"nom": "pave de saumon", "categories_ok": [], "choix_sauce": false, "choix_cuisson": false, "vat_takeaway": "0", "vat_surcharged": "0", "prix": "9.4", "price_surcharged": "0", "vat_onsite": "0", "choix_dish": false, "categorie": 4, "actif": false, "produits_ok": [8, 14]}}, {"pk": 8, "model": "base.produit", "fields": {"nom": "Menu Entree/Plat", "categories_ok": [3, 4], "choix_sauce": false, "choix_cuisson": false, "vat_takeaway": "0", "vat_surcharged": "0", "prix": "13.4", "price_surcharged": "0", "vat_onsite": "0", "choix_dish": false, "categorie": 5, "actif": false, "produits_ok": [4, 11, 17, 18, 19, 32, 33, 34, 47, 48, 49, 62, 63, 64, 77, 78, 79, 92, 93, 94, 107, 108, 109, 122, 123, 124, 137, 138, 139, 152, 153, 154, 167, 168, 169, 182, 183, 184, 6, 12, 23, 24, 25, 38, 39, 40, 53, 54, 55, 68, 69, 70, 83, 84, 85, 98, 99, 100, 113, 114, 115, 128, 129, 130, 143, 144, 145, 158, 159, 160, 173, 174, 175, 188, 189, 190, 7, 13, 26, 27, 28, 41, 42, 43, 56, 57, 58, 71, 72, 73, 86, 87, 88, 101, 102, 103, 116, 117, 118, 131, 132, 133, 146, 147, 148, 161, 162, 163, 176, 177, 178, 191, 192, 193]}}, {"pk": 9, "model": "base.produit", "fields": {"nom": "biere 50cl", "categories_ok": [], "choix_sauce": false, "choix_cuisson": false, "vat_takeaway": "0.46", "vat_surcharged": "0.46", "prix": "2.8", "price_surcharged": "2.8", "vat_onsite": "0.46", "choix_dish": false, "categorie": 2, "actif": true, "produits_ok": []}}, {"pk": 10, "model": "base.produit", "fields": {"nom": "buffet", "categories_ok": [], "choix_sauce": false, "choix_cuisson": false, "vat_takeaway": "0.3", "vat_surcharged": "0.42", "prix": "6.4", "price_surcharged": "6.4", "vat_onsite": "0.42", "choix_dish": false, "categorie": 3, "actif": true, "produits_ok": []}}, {"pk": 11, "model": "base.produit", "fields": {"nom": "salade normande", "categories_ok": [], "choix_sauce": false, "choix_cuisson": false, "vat_takeaway": "0.16", "vat_surcharged": "0.22", "prix": "3.4", "price_surcharged": "3.4", "vat_onsite": "0.22", "choix_dish": false, "categorie": 3, "actif": true, "produits_ok": [8, 14]}}, {"pk": 12, "model": "base.produit", "fields": {"nom": "entrecote", "categories_ok": [], "choix_sauce": false, "choix_cuisson": true, "vat_takeaway": "0.4", "vat_surcharged": "0.55", "prix": "8.4", "price_surcharged": "8.4", "vat_onsite": "0.55", "choix_dish": false, "categorie": 4, "actif": true, "produits_ok": [8, 14]}}, {"pk": 13, "model": "base.produit", "fields": {"nom": "pave de saumon", "categories_ok": [], "choix_sauce": false, "choix_cuisson": false, "vat_takeaway": "0.45", "vat_surcharged": "0.61", "prix": "9.4", "price_surcharged": "9.4", "vat_onsite": "0.61", "choix_dish": false, "categorie": 4, "actif": true, "produits_ok": [8, 14]}}, {"pk": 14, "model": "base.produit", "fields": {"nom": "Menu Entree/Plat", "categories_ok": [3, 4], "choix_sauce": false, "choix_cuisson": false, "vat_takeaway": "0.64", "vat_surcharged": "0.88", "prix": "13.4", "price_surcharged": "13.4", "vat_onsite": "0.88", "choix_dish": false, "categorie": 5, "actif": true, "produits_ok": [4, 11, 17, 18, 19, 32, 33, 34, 47, 48, 49, 62, 63, 64, 77, 78, 79, 92, 93, 94, 107, 108, 109, 122, 123, 124, 137, 138, 139, 152, 153, 154, 167, 168, 169, 182, 183, 184, 6, 12, 23, 24, 25, 38, 39, 40, 53, 54, 55, 68, 69, 70, 83, 84, 85, 98, 99, 100, 113, 114, 115, 128, 129, 130, 143, 144, 145, 158, 159, 160, 173, 174, 175, 188, 189, 190, 7, 13, 26, 27, 28, 41, 42, 43, 56, 57, 58, 71, 72, 73, 86, 87, 88, 101, 102, 103, 116, 117, 118, 131, 132, 133, 146, 147, 148, 161, 162, 163, 176, 177, 178, 191, 192, 193]}}, {"pk": 15, "model": "base.produit", "fields": {"nom": "jus abricot", "categories_ok": [], "choix_sauce": false, "choix_cuisson": false, "vat_takeaway": "0.13", "vat_surcharged": "0.18", "prix": "2.8", "price_surcharged": "2.8", "vat_onsite": "0.18", "choix_dish": false, "categorie": 1, "actif": true, "produits_ok": []}}, {"pk": 16, "model": "base.produit", "fields": {"nom": "jus pomme", "categories_ok": [], "choix_sauce": false, "choix_cuisson": false, "vat_takeaway": "0.13", "vat_surcharged": "0.18", "prix": "2.8", "price_surcharged": "2.8", "vat_onsite": "0.18", "choix_dish": false, "categorie": 1, "actif": true, "produits_ok": []}}, {"pk": 17, "model": "base.produit", "fields": {"nom": "salade normande", "categories_ok": [], "choix_sauce": false, "choix_cuisson": false, "vat_takeaway": "0.16", "vat_surcharged": "0.22", "prix": "3.4", "price_surcharged": "3.4", "vat_onsite": "0.22", "choix_dish": false, "categorie": 3, "actif": false, "produits_ok": [8, 14]}}, {"pk": 18, "model": "base.produit", "fields": {"nom": "salade normande", "categories_ok": [], "choix_sauce": false, "choix_cuisson": false, "vat_takeaway": "0.16", "vat_surcharged": "0.22", "prix": "3.4", "price_surcharged": "3.4", "vat_onsite": "0.22", "choix_dish": false, "categorie": 3, "actif": true, "produits_ok": [8, 14]}}, {"pk": 19, "model": "base.produit", "fields": {"nom": "salade normande", "categories_ok": [], "choix_sauce": false, "choix_cuisson": false, "vat_takeaway": "0.16", "vat_surcharged": "0.22", "prix": "3.4", "price_surcharged": "3.4", "vat_onsite": "0.22", "choix_dish": false, "categorie": 3, "actif": false, "produits_ok": [8, 14]}}, {"pk": 20, "model": "base.produit", "fields": {"nom": "buffet", "categories_ok": [], "choix_sauce": false, "choix_cuisson": false, "vat_takeaway": "0.3", "vat_surcharged": "0.42", "prix": "6.4", "price_surcharged": "6.4", "vat_onsite": "0.42", "choix_dish": false, "categorie": 3, "actif": true, "produits_ok": []}}, {"pk": 21, "model": "base.produit", "fields": {"nom": "buffet", "categories_ok": [], "choix_sauce": false, "choix_cuisson": false, "vat_takeaway": "0.3", "vat_surcharged": "0.42", "prix": "6.4", "price_surcharged": "6.4", "vat_onsite": "0.42", "choix_dish": false, "categorie": 3, "actif": false, "produits_ok": []}}, {"pk": 22, "model": "base.produit", "fields": {"nom": "buffet", "categories_ok": [], "choix_sauce": false, "choix_cuisson": false, "vat_takeaway": "0.3", "vat_surcharged": "0.42", "prix": "6.4", "price_surcharged": "6.4", "vat_onsite": "0.42", "choix_dish": false, "categorie": 3, "actif": false, "produits_ok": []}}, {"pk": 23, "model": "base.produit", "fields": {"nom": "entrecote", "categories_ok": [], "choix_sauce": false, "choix_cuisson": true, "vat_takeaway": "0.4", "vat_surcharged": "0.55", "prix": "8.4", "price_surcharged": "8.4", "vat_onsite": "0.55", "choix_dish": false, "categorie": 4, "actif": true, "produits_ok": [8, 14]}}, {"pk": 24, "model": "base.produit", "fields": {"nom": "entrecote", "categories_ok": [], "choix_sauce": false, "choix_cuisson": true, "vat_takeaway": "0.4", "vat_surcharged": "0.55", "prix": "8.4", "price_surcharged": "8.4", "vat_onsite": "0.55", "choix_dish": false, "categorie": 4, "actif": false, "produits_ok": [8, 14]}}, {"pk": 25, "model": "base.produit", "fields": {"nom": "entrecote", "categories_ok": [], "choix_sauce": false, "choix_cuisson": true, "vat_takeaway": "0.4", "vat_surcharged": "0.55", "prix": "8.4", "price_surcharged": "8.4", "vat_onsite": "0.55", "choix_dish": false, "categorie": 4, "actif": false, "produits_ok": [8, 14]}}, {"pk": 26, "model": "base.produit", "fields": {"nom": "pave de saumon", "categories_ok": [], "choix_sauce": false, "choix_cuisson": false, "vat_takeaway": "0.45", "vat_surcharged": "0.61", "prix": "9.4", "price_surcharged": "9.4", "vat_onsite": "0.61", "choix_dish": false, "categorie": 4, "actif": true, "produits_ok": [8, 14]}}, {"pk": 27, "model": "base.produit", "fields": {"nom": "pave de saumon", "categories_ok": [], "choix_sauce": false, "choix_cuisson": false, "vat_takeaway": "0.45", "vat_surcharged": "0.61", "prix": "9.4", "price_surcharged": "9.4", "vat_onsite": "0.61", "choix_dish": false, "categorie": 4, "actif": false, "produits_ok": [8, 14]}}, {"pk": 28, "model": "base.produit", "fields": {"nom": "pave de saumon", "categories_ok": [], "choix_sauce": false, "choix_cuisson": false, "vat_takeaway": "0.45", "vat_surcharged": "0.61", "prix": "9.4", "price_surcharged": "9.4", "vat_onsite": "0.61", "choix_dish": false, "categorie": 4, "actif": false, "produits_ok": [8, 14]}}, {"pk": 29, "model": "base.produit", "fields": {"nom": "biere 50cl", "categories_ok": [], "choix_sauce": false, "choix_cuisson": false, "vat_takeaway": "0.46", "vat_surcharged": "0.46", "prix": "2.8", "price_surcharged": "2.8", "vat_onsite": "0.46", "choix_dish": false, "categorie": 2, "actif": true, "produits_ok": []}}, {"pk": 30, "model": "base.produit", "fields": {"nom": "biere 50cl", "categories_ok": [], "choix_sauce": false, "choix_cuisson": false, "vat_takeaway": "0.46", "vat_surcharged": "0.46", "prix": "2.8", "price_surcharged": "2.8", "vat_onsite": "0.46", "choix_dish": false, "categorie": 2, "actif": false, "produits_ok": []}}, {"pk": 31, "model": "base.produit", "fields": {"nom": "biere 50cl", "categories_ok": [], "choix_sauce": false, "choix_cuisson": false, "vat_takeaway": "0.46", "vat_surcharged": "0.46", "prix": "2.8", "price_surcharged": "2.8", "vat_onsite": "0.46", "choix_dish": false, "categorie": 2, "actif": false, "produits_ok": []}}, {"pk": 32, "model": "base.produit", "fields": {"nom": "salade normande", "categories_ok": [], "choix_sauce": false, "choix_cuisson": false, "vat_takeaway": "0.16", "vat_surcharged": "0.22", "prix": "3.4", "price_surcharged": "3.4", "vat_onsite": "0.22", "choix_dish": false, "categorie": 3, "actif": false, "produits_ok": [8, 14]}}, {"pk": 33, "model": "base.produit", "fields": {"nom": "salade normande", "categories_ok": [], "choix_sauce": false, "choix_cuisson": false, "vat_takeaway": "0.16", "vat_surcharged": "0.22", "prix": "3.4", "price_surcharged": "3.4", "vat_onsite": "0.22", "choix_dish": false, "categorie": 3, "actif": false, "produits_ok": [8, 14]}}, {"pk": 34, "model": "base.produit", "fields": {"nom": "salade normande", "categories_ok": [], "choix_sauce": false, "choix_cuisson": false, "vat_takeaway": "0.16", "vat_surcharged": "0.22", "prix": "3.4", "price_surcharged": "3.4", "vat_onsite": "0.22", "choix_dish": false, "categorie": 3, "actif": false, "produits_ok": [8, 14]}}, {"pk": 35, "model": "base.produit", "fields": {"nom": "buffet", "categories_ok": [], "choix_sauce": false, "choix_cuisson": false, "vat_takeaway": "0.3", "vat_surcharged": "0.42", "prix": "6.4", "price_surcharged": "6.4", "vat_onsite": "0.42", "choix_dish": false, "categorie": 3, "actif": false, "produits_ok": []}}, {"pk": 36, "model": "base.produit", "fields": {"nom": "buffet", "categories_ok": [], "choix_sauce": false, "choix_cuisson": false, "vat_takeaway": "0.3", "vat_surcharged": "0.42", "prix": "6.4", "price_surcharged": "6.4", "vat_onsite": "0.42", "choix_dish": false, "categorie": 3, "actif": false, "produits_ok": []}}, {"pk": 37, "model": "base.produit", "fields": {"nom": "buffet", "categories_ok": [], "choix_sauce": false, "choix_cuisson": false, "vat_takeaway": "0.3", "vat_surcharged": "0.42", "prix": "6.4", "price_surcharged": "6.4", "vat_onsite": "0.42", "choix_dish": false, "categorie": 3, "actif": false, "produits_ok": []}}, {"pk": 38, "model": "base.produit", "fields": {"nom": "entrecote", "categories_ok": [], "choix_sauce": false, "choix_cuisson": true, "vat_takeaway": "0.4", "vat_surcharged": "0.55", "prix": "8.4", "price_surcharged": "8.4", "vat_onsite": "0.55", "choix_dish": false, "categorie": 4, "actif": false, "produits_ok": [8, 14]}}, {"pk": 39, "model": "base.produit", "fields": {"nom": "entrecote", "categories_ok": [], "choix_sauce": false, "choix_cuisson": true, "vat_takeaway": "0.4", "vat_surcharged": "0.55", "prix": "8.4", "price_surcharged": "8.4", "vat_onsite": "0.55", "choix_dish": false, "categorie": 4, "actif": false, "produits_ok": [8, 14]}}, {"pk": 40, "model": "base.produit", "fields": {"nom": "entrecote", "categories_ok": [], "choix_sauce": false, "choix_cuisson": true, "vat_takeaway": "0.4", "vat_surcharged": "0.55", "prix": "8.4", "price_surcharged": "8.4", "vat_onsite": "0.55", "choix_dish": false, "categorie": 4, "actif": false, "produits_ok": [8, 14]}}, {"pk": 41, "model": "base.produit", "fields": {"nom": "pave de saumon", "categories_ok": [], "choix_sauce": false, "choix_cuisson": false, "vat_takeaway": "0.45", "vat_surcharged": "0.61", "prix": "9.4", "price_surcharged": "9.4", "vat_onsite": "0.61", "choix_dish": false, "categorie": 4, "actif": false, "produits_ok": [8, 14]}}, {"pk": 42, "model": "base.produit", "fields": {"nom": "pave de saumon", "categories_ok": [], "choix_sauce": false, "choix_cuisson": false, "vat_takeaway": "0.45", "vat_surcharged": "0.61", "prix": "9.4", "price_surcharged": "9.4", "vat_onsite": "0.61", "choix_dish": false, "categorie": 4, "actif": false, "produits_ok": [8, 14]}}, {"pk": 43, "model": "base.produit", "fields": {"nom": "pave de saumon", "categories_ok": [], "choix_sauce": false, "choix_cuisson": false, "vat_takeaway": "0.45", "vat_surcharged": "0.61", "prix": "9.4", "price_surcharged": "9.4", "vat_onsite": "0.61", "choix_dish": false, "categorie": 4, "actif": false, "produits_ok": [8, 14]}}, {"pk": 44, "model": "base.produit", "fields": {"nom": "biere 50cl", "categories_ok": [], "choix_sauce": false, "choix_cuisson": false, "vat_takeaway": "0.46", "vat_surcharged": "0.46", "prix": "2.8", "price_surcharged": "2.8", "vat_onsite": "0.46", "choix_dish": false, "categorie": 2, "actif": false, "produits_ok": []}}, {"pk": 45, "model": "base.produit", "fields": {"nom": "biere 50cl", "categories_ok": [], "choix_sauce": false, "choix_cuisson": false, "vat_takeaway": "0.46", "vat_surcharged": "0.46", "prix": "2.8", "price_surcharged": "2.8", "vat_onsite": "0.46", "choix_dish": false, "categorie": 2, "actif": false, "produits_ok": []}}, {"pk": 46, "model": "base.produit", "fields": {"nom": "biere 50cl", "categories_ok": [], "choix_sauce": false, "choix_cuisson": false, "vat_takeaway": "0.46", "vat_surcharged": "0.46", "prix": "2.8", "price_surcharged": "2.8", "vat_onsite": "0.46", "choix_dish": false, "categorie": 2, "actif": false, "produits_ok": []}}, {"pk": 47, "model": "base.produit", "fields": {"nom": "salade normande", "categories_ok": [], "choix_sauce": false, "choix_cuisson": false, "vat_takeaway": "0.16", "vat_surcharged": "0.22", "prix": "3.4", "price_surcharged": "3.4", "vat_onsite": "0.22", "choix_dish": false, "categorie": 3, "actif": false, "produits_ok": [8, 14]}}, {"pk": 48, "model": "base.produit", "fields": {"nom": "salade normande", "categories_ok": [], "choix_sauce": false, "choix_cuisson": false, "vat_takeaway": "0.16", "vat_surcharged": "0.22", "prix": "3.4", "price_surcharged": "3.4", "vat_onsite": "0.22", "choix_dish": false, "categorie": 3, "actif": false, "produits_ok": [8, 14]}}, {"pk": 49, "model": "base.produit", "fields": {"nom": "salade normande", "categories_ok": [], "choix_sauce": false, "choix_cuisson": false, "vat_takeaway": "0.16", "vat_surcharged": "0.22", "prix": "3.4", "price_surcharged": "3.4", "vat_onsite": "0.22", "choix_dish": false, "categorie": 3, "actif": false, "produits_ok": [8, 14]}}, {"pk": 50, "model": "base.produit", "fields": {"nom": "buffet", "categories_ok": [], "choix_sauce": false, "choix_cuisson": false, "vat_takeaway": "0.3", "vat_surcharged": "0.42", "prix": "6.4", "price_surcharged": "6.4", "vat_onsite": "0.42", "choix_dish": false, "categorie": 3, "actif": false, "produits_ok": []}}, {"pk": 51, "model": "base.produit", "fields": {"nom": "buffet", "categories_ok": [], "choix_sauce": false, "choix_cuisson": false, "vat_takeaway": "0.3", "vat_surcharged": "0.42", "prix": "6.4", "price_surcharged": "6.4", "vat_onsite": "0.42", "choix_dish": false, "categorie": 3, "actif": false, "produits_ok": []}}, {"pk": 52, "model": "base.produit", "fields": {"nom": "buffet", "categories_ok": [], "choix_sauce": false, "choix_cuisson": false, "vat_takeaway": "0.3", "vat_surcharged": "0.42", "prix": "6.4", "price_surcharged": "6.4", "vat_onsite": "0.42", "choix_dish": false, "categorie": 3, "actif": false, "produits_ok": []}}, {"pk": 53, "model": "base.produit", "fields": {"nom": "entrecote", "categories_ok": [], "choix_sauce": false, "choix_cuisson": true, "vat_takeaway": "0.4", "vat_surcharged": "0.55", "prix": "8.4", "price_surcharged": "8.4", "vat_onsite": "0.55", "choix_dish": false, "categorie": 4, "actif": false, "produits_ok": [8, 14]}}, {"pk": 54, "model": "base.produit", "fields": {"nom": "entrecote", "categories_ok": [], "choix_sauce": false, "choix_cuisson": true, "vat_takeaway": "0.4", "vat_surcharged": "0.55", "prix": "8.4", "price_surcharged": "8.4", "vat_onsite": "0.55", "choix_dish": false, "categorie": 4, "actif": false, "produits_ok": [8, 14]}}, {"pk": 55, "model": "base.produit", "fields": {"nom": "entrecote", "categories_ok": [], "choix_sauce": false, "choix_cuisson": true, "vat_takeaway": "0.4", "vat_surcharged": "0.55", "prix": "8.4", "price_surcharged": "8.4", "vat_onsite": "0.55", "choix_dish": false, "categorie": 4, "actif": false, "produits_ok": [8, 14]}}, {"pk": 56, "model": "base.produit", "fields": {"nom": "pave de saumon", "categories_ok": [], "choix_sauce": false, "choix_cuisson": false, "vat_takeaway": "0.45", "vat_surcharged": "0.61", "prix": "9.4", "price_surcharged": "9.4", "vat_onsite": "0.61", "choix_dish": false, "categorie": 4, "actif": false, "produits_ok": [8, 14]}}, {"pk": 57, "model": "base.produit", "fields": {"nom": "pave de saumon", "categories_ok": [], "choix_sauce": false, "choix_cuisson": false, "vat_takeaway": "0.45", "vat_surcharged": "0.61", "prix": "9.4", "price_surcharged": "9.4", "vat_onsite": "0.61", "choix_dish": false, "categorie": 4, "actif": false, "produits_ok": [8, 14]}}, {"pk": 58, "model": "base.produit", "fields": {"nom": "pave de saumon", "categories_ok": [], "choix_sauce": false, "choix_cuisson": false, "vat_takeaway": "0.45", "vat_surcharged": "0.61", "prix": "9.4", "price_surcharged": "9.4", "vat_onsite": "0.61", "choix_dish": false, "categorie": 4, "actif": false, "produits_ok": [8, 14]}}, {"pk": 59, "model": "base.produit", "fields": {"nom": "biere 50cl", "categories_ok": [], "choix_sauce": false, "choix_cuisson": false, "vat_takeaway": "0.46", "vat_surcharged": "0.46", "prix": "2.8", "price_surcharged": "2.8", "vat_onsite": "0.46", "choix_dish": false, "categorie": 2, "actif": false, "produits_ok": []}}, {"pk": 60, "model": "base.produit", "fields": {"nom": "biere 50cl", "categories_ok": [], "choix_sauce": false, "choix_cuisson": false, "vat_takeaway": "0.46", "vat_surcharged": "0.46", "prix": "2.8", "price_surcharged": "2.8", "vat_onsite": "0.46", "choix_dish": false, "categorie": 2, "actif": false, "produits_ok": []}}, {"pk": 61, "model": "base.produit", "fields": {"nom": "biere 50cl", "categories_ok": [], "choix_sauce": false, "choix_cuisson": false, "vat_takeaway": "0.46", "vat_surcharged": "0.46", "prix": "2.8", "price_surcharged": "2.8", "vat_onsite": "0.46", "choix_dish": false, "categorie": 2, "actif": false, "produits_ok": []}}, {"pk": 62, "model": "base.produit", "fields": {"nom": "salade normande", "categories_ok": [], "choix_sauce": false, "choix_cuisson": false, "vat_takeaway": "0.16", "vat_surcharged": "0.22", "prix": "3.4", "price_surcharged": "3.4", "vat_onsite": "0.22", "choix_dish": false, "categorie": 3, "actif": false, "produits_ok": [8, 14]}}, {"pk": 63, "model": "base.produit", "fields": {"nom": "salade normande", "categories_ok": [], "choix_sauce": false, "choix_cuisson": false, "vat_takeaway": "0.16", "vat_surcharged": "0.22", "prix": "3.4", "price_surcharged": "3.4", "vat_onsite": "0.22", "choix_dish": false, "categorie": 3, "actif": false, "produits_ok": [8, 14]}}, {"pk": 64, "model": "base.produit", "fields": {"nom": "salade normande", "categories_ok": [], "choix_sauce": false, "choix_cuisson": false, "vat_takeaway": "0.16", "vat_surcharged": "0.22", "prix": "3.4", "price_surcharged": "3.4", "vat_onsite": "0.22", "choix_dish": false, "categorie": 3, "actif": false, "produits_ok": [8, 14]}}, {"pk": 65, "model": "base.produit", "fields": {"nom": "buffet", "categories_ok": [], "choix_sauce": false, "choix_cuisson": false, "vat_takeaway": "0.3", "vat_surcharged": "0.42", "prix": "6.4", "price_surcharged": "6.4", "vat_onsite": "0.42", "choix_dish": false, "categorie": 3, "actif": false, "produits_ok": []}}, {"pk": 66, "model": "base.produit", "fields": {"nom": "buffet", "categories_ok": [], "choix_sauce": false, "choix_cuisson": false, "vat_takeaway": "0.3", "vat_surcharged": "0.42", "prix": "6.4", "price_surcharged": "6.4", "vat_onsite": "0.42", "choix_dish": false, "categorie": 3, "actif": false, "produits_ok": []}}, {"pk": 67, "model": "base.produit", "fields": {"nom": "buffet", "categories_ok": [], "choix_sauce": false, "choix_cuisson": false, "vat_takeaway": "0.3", "vat_surcharged": "0.42", "prix": "6.4", "price_surcharged": "6.4", "vat_onsite": "0.42", "choix_dish": false, "categorie": 3, "actif": false, "produits_ok": []}}, {"pk": 68, "model": "base.produit", "fields": {"nom": "entrecote", "categories_ok": [], "choix_sauce": false, "choix_cuisson": true, "vat_takeaway": "0.4", "vat_surcharged": "0.55", "prix": "8.4", "price_surcharged": "8.4", "vat_onsite": "0.55", "choix_dish": false, "categorie": 4, "actif": false, "produits_ok": [8, 14]}}, {"pk": 69, "model": "base.produit", "fields": {"nom": "entrecote", "categories_ok": [], "choix_sauce": false, "choix_cuisson": true, "vat_takeaway": "0.4", "vat_surcharged": "0.55", "prix": "8.4", "price_surcharged": "8.4", "vat_onsite": "0.55", "choix_dish": false, "categorie": 4, "actif": false, "produits_ok": [8, 14]}}, {"pk": 70, "model": "base.produit", "fields": {"nom": "entrecote", "categories_ok": [], "choix_sauce": false, "choix_cuisson": true, "vat_takeaway": "0.4", "vat_surcharged": "0.55", "prix": "8.4", "price_surcharged": "8.4", "vat_onsite": "0.55", "choix_dish": false, "categorie": 4, "actif": false, "produits_ok": [8, 14]}}, {"pk": 71, "model": "base.produit", "fields": {"nom": "pave de saumon", "categories_ok": [], "choix_sauce": false, "choix_cuisson": false, "vat_takeaway": "0.45", "vat_surcharged": "0.61", "prix": "9.4", "price_surcharged": "9.4", "vat_onsite": "0.61", "choix_dish": false, "categorie": 4, "actif": false, "produits_ok": [8, 14]}}, {"pk": 72, "model": "base.produit", "fields": {"nom": "pave de saumon", "categories_ok": [], "choix_sauce": false, "choix_cuisson": false, "vat_takeaway": "0.45", "vat_surcharged": "0.61", "prix": "9.4", "price_surcharged": "9.4", "vat_onsite": "0.61", "choix_dish": false, "categorie": 4, "actif": false, "produits_ok": [8, 14]}}, {"pk": 73, "model": "base.produit", "fields": {"nom": "pave de saumon", "categories_ok": [], "choix_sauce": false, "choix_cuisson": false, "vat_takeaway": "0.45", "vat_surcharged": "0.61", "prix": "9.4", "price_surcharged": "9.4", "vat_onsite": "0.61", "choix_dish": false, "categorie": 4, "actif": false, "produits_ok": [8, 14]}}, {"pk": 74, "model": "base.produit", "fields": {"nom": "biere 50cl", "categories_ok": [], "choix_sauce": false, "choix_cuisson": false, "vat_takeaway": "0.46", "vat_surcharged": "0.46", "prix": "2.8", "price_surcharged": "2.8", "vat_onsite": "0.46", "choix_dish": false, "categorie": 2, "actif": false, "produits_ok": []}}, {"pk": 75, "model": "base.produit", "fields": {"nom": "biere 50cl", "categories_ok": [], "choix_sauce": false, "choix_cuisson": false, "vat_takeaway": "0.46", "vat_surcharged": "0.46", "prix": "2.8", "price_surcharged": "2.8", "vat_onsite": "0.46", "choix_dish": false, "categorie": 2, "actif": false, "produits_ok": []}}, {"pk": 76, "model": "base.produit", "fields": {"nom": "biere 50cl", "categories_ok": [], "choix_sauce": false, "choix_cuisson": false, "vat_takeaway": "0.46", "vat_surcharged": "0.46", "prix": "2.8", "price_surcharged": "2.8", "vat_onsite": "0.46", "choix_dish": false, "categorie": 2, "actif": false, "produits_ok": []}}, {"pk": 77, "model": "base.produit", "fields": {"nom": "salade normande", "categories_ok": [], "choix_sauce": false, "choix_cuisson": false, "vat_takeaway": "0.16", "vat_surcharged": "0.22", "prix": "3.4", "price_surcharged": "3.4", "vat_onsite": "0.22", "choix_dish": false, "categorie": 3, "actif": false, "produits_ok": [8, 14]}}, {"pk": 78, "model": "base.produit", "fields": {"nom": "salade normande", "categories_ok": [], "choix_sauce": false, "choix_cuisson": false, "vat_takeaway": "0.16", "vat_surcharged": "0.22", "prix": "3.4", "price_surcharged": "3.4", "vat_onsite": "0.22", "choix_dish": false, "categorie": 3, "actif": false, "produits_ok": [8, 14]}}, {"pk": 79, "model": "base.produit", "fields": {"nom": "salade normande", "categories_ok": [], "choix_sauce": false, "choix_cuisson": false, "vat_takeaway": "0.16", "vat_surcharged": "0.22", "prix": "3.4", "price_surcharged": "3.4", "vat_onsite": "0.22", "choix_dish": false, "categorie": 3, "actif": false, "produits_ok": [8, 14]}}, {"pk": 80, "model": "base.produit", "fields": {"nom": "buffet", "categories_ok": [], "choix_sauce": false, "choix_cuisson": false, "vat_takeaway": "0.3", "vat_surcharged": "0.42", "prix": "6.4", "price_surcharged": "6.4", "vat_onsite": "0.42", "choix_dish": false, "categorie": 3, "actif": false, "produits_ok": []}}, {"pk": 81, "model": "base.produit", "fields": {"nom": "buffet", "categories_ok": [], "choix_sauce": false, "choix_cuisson": false, "vat_takeaway": "0.3", "vat_surcharged": "0.42", "prix": "6.4", "price_surcharged": "6.4", "vat_onsite": "0.42", "choix_dish": false, "categorie": 3, "actif": false, "produits_ok": []}}, {"pk": 82, "model": "base.produit", "fields": {"nom": "buffet", "categories_ok": [], "choix_sauce": false, "choix_cuisson": false, "vat_takeaway": "0.3", "vat_surcharged": "0.42", "prix": "6.4", "price_surcharged": "6.4", "vat_onsite": "0.42", "choix_dish": false, "categorie": 3, "actif": false, "produits_ok": []}}, {"pk": 83, "model": "base.produit", "fields": {"nom": "entrecote", "categories_ok": [], "choix_sauce": false, "choix_cuisson": true, "vat_takeaway": "0.4", "vat_surcharged": "0.55", "prix": "8.4", "price_surcharged": "8.4", "vat_onsite": "0.55", "choix_dish": false, "categorie": 4, "actif": false, "produits_ok": [8, 14]}}, {"pk": 84, "model": "base.produit", "fields": {"nom": "entrecote", "categories_ok": [], "choix_sauce": false, "choix_cuisson": true, "vat_takeaway": "0.4", "vat_surcharged": "0.55", "prix": "8.4", "price_surcharged": "8.4", "vat_onsite": "0.55", "choix_dish": false, "categorie": 4, "actif": false, "produits_ok": [8, 14]}}, {"pk": 85, "model": "base.produit", "fields": {"nom": "entrecote", "categories_ok": [], "choix_sauce": false, "choix_cuisson": true, "vat_takeaway": "0.4", "vat_surcharged": "0.55", "prix": "8.4", "price_surcharged": "8.4", "vat_onsite": "0.55", "choix_dish": false, "categorie": 4, "actif": false, "produits_ok": [8, 14]}}, {"pk": 86, "model": "base.produit", "fields": {"nom": "pave de saumon", "categories_ok": [], "choix_sauce": false, "choix_cuisson": false, "vat_takeaway": "0.45", "vat_surcharged": "0.61", "prix": "9.4", "price_surcharged": "9.4", "vat_onsite": "0.61", "choix_dish": false, "categorie": 4, "actif": false, "produits_ok": [8, 14]}}, {"pk": 87, "model": "base.produit", "fields": {"nom": "pave de saumon", "categories_ok": [], "choix_sauce": false, "choix_cuisson": false, "vat_takeaway": "0.45", "vat_surcharged": "0.61", "prix": "9.4", "price_surcharged": "9.4", "vat_onsite": "0.61", "choix_dish": false, "categorie": 4, "actif": false, "produits_ok": [8, 14]}}, {"pk": 88, "model": "base.produit", "fields": {"nom": "pave de saumon", "categories_ok": [], "choix_sauce": false, "choix_cuisson": false, "vat_takeaway": "0.45", "vat_surcharged": "0.61", "prix": "9.4", "price_surcharged": "9.4", "vat_onsite": "0.61", "choix_dish": false, "categorie": 4, "actif": false, "produits_ok": [8, 14]}}, {"pk": 89, "model": "base.produit", "fields": {"nom": "biere 50cl", "categories_ok": [], "choix_sauce": false, "choix_cuisson": false, "vat_takeaway": "0.46", "vat_surcharged": "0.46", "prix": "2.8", "price_surcharged": "2.8", "vat_onsite": "0.46", "choix_dish": false, "categorie": 2, "actif": false, "produits_ok": []}}, {"pk": 90, "model": "base.produit", "fields": {"nom": "biere 50cl", "categories_ok": [], "choix_sauce": false, "choix_cuisson": false, "vat_takeaway": "0.46", "vat_surcharged": "0.46", "prix": "2.8", "price_surcharged": "2.8", "vat_onsite": "0.46", "choix_dish": false, "categorie": 2, "actif": false, "produits_ok": []}}, {"pk": 91, "model": "base.produit", "fields": {"nom": "biere 50cl", "categories_ok": [], "choix_sauce": false, "choix_cuisson": false, "vat_takeaway": "0.46", "vat_surcharged": "0.46", "prix": "2.8", "price_surcharged": "2.8", "vat_onsite": "0.46", "choix_dish": false, "categorie": 2, "actif": false, "produits_ok": []}}, {"pk": 92, "model": "base.produit", "fields": {"nom": "salade normande", "categories_ok": [], "choix_sauce": false, "choix_cuisson": false, "vat_takeaway": "0.16", "vat_surcharged": "0.22", "prix": "3.4", "price_surcharged": "3.4", "vat_onsite": "0.22", "choix_dish": false, "categorie": 3, "actif": false, "produits_ok": [8, 14]}}, {"pk": 93, "model": "base.produit", "fields": {"nom": "salade normande", "categories_ok": [], "choix_sauce": false, "choix_cuisson": false, "vat_takeaway": "0.16", "vat_surcharged": "0.22", "prix": "3.4", "price_surcharged": "3.4", "vat_onsite": "0.22", "choix_dish": false, "categorie": 3, "actif": false, "produits_ok": [8, 14]}}, {"pk": 94, "model": "base.produit", "fields": {"nom": "salade normande", "categories_ok": [], "choix_sauce": false, "choix_cuisson": false, "vat_takeaway": "0.16", "vat_surcharged": "0.22", "prix": "3.4", "price_surcharged": "3.4", "vat_onsite": "0.22", "choix_dish": false, "categorie": 3, "actif": false, "produits_ok": [8, 14]}}, {"pk": 95, "model": "base.produit", "fields": {"nom": "buffet", "categories_ok": [], "choix_sauce": false, "choix_cuisson": false, "vat_takeaway": "0.3", "vat_surcharged": "0.42", "prix": "6.4", "price_surcharged": "6.4", "vat_onsite": "0.42", "choix_dish": false, "categorie": 3, "actif": false, "produits_ok": []}}, {"pk": 96, "model": "base.produit", "fields": {"nom": "buffet", "categories_ok": [], "choix_sauce": false, "choix_cuisson": false, "vat_takeaway": "0.3", "vat_surcharged": "0.42", "prix": "6.4", "price_surcharged": "6.4", "vat_onsite": "0.42", "choix_dish": false, "categorie": 3, "actif": false, "produits_ok": []}}, {"pk": 97, "model": "base.produit", "fields": {"nom": "buffet", "categories_ok": [], "choix_sauce": false, "choix_cuisson": false, "vat_takeaway": "0.3", "vat_surcharged": "0.42", "prix": "6.4", "price_surcharged": "6.4", "vat_onsite": "0.42", "choix_dish": false, "categorie": 3, "actif": false, "produits_ok": []}}, {"pk": 98, "model": "base.produit", "fields": {"nom": "entrecote", "categories_ok": [], "choix_sauce": false, "choix_cuisson": true, "vat_takeaway": "0.4", "vat_surcharged": "0.55", "prix": "8.4", "price_surcharged": "8.4", "vat_onsite": "0.55", "choix_dish": false, "categorie": 4, "actif": false, "produits_ok": [8, 14]}}, {"pk": 99, "model": "base.produit", "fields": {"nom": "entrecote", "categories_ok": [], "choix_sauce": false, "choix_cuisson": true, "vat_takeaway": "0.4", "vat_surcharged": "0.55", "prix": "8.4", "price_surcharged": "8.4", "vat_onsite": "0.55", "choix_dish": false, "categorie": 4, "actif": false, "produits_ok": [8, 14]}}, {"pk": 100, "model": "base.produit", "fields": {"nom": "entrecote", "categories_ok": [], "choix_sauce": false, "choix_cuisson": true, "vat_takeaway": "0.4", "vat_surcharged": "0.55", "prix": "8.4", "price_surcharged": "8.4", "vat_onsite": "0.55", "choix_dish": false, "categorie": 4, "actif": false, "produits_ok": [8, 14]}}, {"pk": 101, "model": "base.produit", "fields": {"nom": "pave de saumon", "categories_ok": [], "choix_sauce": false, "choix_cuisson": false, "vat_takeaway": "0.45", "vat_surcharged": "0.61", "prix": "9.4", "price_surcharged": "9.4", "vat_onsite": "0.61", "choix_dish": false, "categorie": 4, "actif": false, "produits_ok": [8, 14]}}, {"pk": 102, "model": "base.produit", "fields": {"nom": "pave de saumon", "categories_ok": [], "choix_sauce": false, "choix_cuisson": false, "vat_takeaway": "0.45", "vat_surcharged": "0.61", "prix": "9.4", "price_surcharged": "9.4", "vat_onsite": "0.61", "choix_dish": false, "categorie": 4, "actif": false, "produits_ok": [8, 14]}}, {"pk": 103, "model": "base.produit", "fields": {"nom": "pave de saumon", "categories_ok": [], "choix_sauce": false, "choix_cuisson": false, "vat_takeaway": "0.45", "vat_surcharged": "0.61", "prix": "9.4", "price_surcharged": "9.4", "vat_onsite": "0.61", "choix_dish": false, "categorie": 4, "actif": false, "produits_ok": [8, 14]}}, {"pk": 104, "model": "base.produit", "fields": {"nom": "biere 50cl", "categories_ok": [], "choix_sauce": false, "choix_cuisson": false, "vat_takeaway": "0.46", "vat_surcharged": "0.46", "prix": "2.8", "price_surcharged": "2.8", "vat_onsite": "0.46", "choix_dish": false, "categorie": 2, "actif": false, "produits_ok": []}}, {"pk": 105, "model": "base.produit", "fields": {"nom": "biere 50cl", "categories_ok": [], "choix_sauce": false, "choix_cuisson": false, "vat_takeaway": "0.46", "vat_surcharged": "0.46", "prix": "2.8", "price_surcharged": "2.8", "vat_onsite": "0.46", "choix_dish": false, "categorie": 2, "actif": false, "produits_ok": []}}, {"pk": 106, "model": "base.produit", "fields": {"nom": "biere 50cl", "categories_ok": [], "choix_sauce": false, "choix_cuisson": false, "vat_takeaway": "0.46", "vat_surcharged": "0.46", "prix": "2.8", "price_surcharged": "2.8", "vat_onsite": "0.46", "choix_dish": false, "categorie": 2, "actif": false, "produits_ok": []}}, {"pk": 107, "model": "base.produit", "fields": {"nom": "salade normande", "categories_ok": [], "choix_sauce": false, "choix_cuisson": false, "vat_takeaway": "0.16", "vat_surcharged": "0.22", "prix": "3.4", "price_surcharged": "3.4", "vat_onsite": "0.22", "choix_dish": false, "categorie": 3, "actif": false, "produits_ok": [8, 14]}}, {"pk": 108, "model": "base.produit", "fields": {"nom": "salade normande", "categories_ok": [], "choix_sauce": false, "choix_cuisson": false, "vat_takeaway": "0.16", "vat_surcharged": "0.22", "prix": "3.4", "price_surcharged": "3.4", "vat_onsite": "0.22", "choix_dish": false, "categorie": 3, "actif": false, "produits_ok": [8, 14]}}, {"pk": 109, "model": "base.produit", "fields": {"nom": "salade normande", "categories_ok": [], "choix_sauce": false, "choix_cuisson": false, "vat_takeaway": "0.16", "vat_surcharged": "0.22", "prix": "3.4", "price_surcharged": "3.4", "vat_onsite": "0.22", "choix_dish": false, "categorie": 3, "actif": false, "produits_ok": [8, 14]}}, {"pk": 110, "model": "base.produit", "fields": {"nom": "buffet", "categories_ok": [], "choix_sauce": false, "choix_cuisson": false, "vat_takeaway": "0.3", "vat_surcharged": "0.42", "prix": "6.4", "price_surcharged": "6.4", "vat_onsite": "0.42", "choix_dish": false, "categorie": 3, "actif": false, "produits_ok": []}}, {"pk": 111, "model": "base.produit", "fields": {"nom": "buffet", "categories_ok": [], "choix_sauce": false, "choix_cuisson": false, "vat_takeaway": "0.3", "vat_surcharged": "0.42", "prix": "6.4", "price_surcharged": "6.4", "vat_onsite": "0.42", "choix_dish": false, "categorie": 3, "actif": false, "produits_ok": []}}, {"pk": 112, "model": "base.produit", "fields": {"nom": "buffet", "categories_ok": [], "choix_sauce": false, "choix_cuisson": false, "vat_takeaway": "0.3", "vat_surcharged": "0.42", "prix": "6.4", "price_surcharged": "6.4", "vat_onsite": "0.42", "choix_dish": false, "categorie": 3, "actif": false, "produits_ok": []}}, {"pk": 113, "model": "base.produit", "fields": {"nom": "entrecote", "categories_ok": [], "choix_sauce": false, "choix_cuisson": true, "vat_takeaway": "0.4", "vat_surcharged": "0.55", "prix": "8.4", "price_surcharged": "8.4", "vat_onsite": "0.55", "choix_dish": false, "categorie": 4, "actif": false, "produits_ok": [8, 14]}}, {"pk": 114, "model": "base.produit", "fields": {"nom": "entrecote", "categories_ok": [], "choix_sauce": false, "choix_cuisson": true, "vat_takeaway": "0.4", "vat_surcharged": "0.55", "prix": "8.4", "price_surcharged": "8.4", "vat_onsite": "0.55", "choix_dish": false, "categorie": 4, "actif": false, "produits_ok": [8, 14]}}, {"pk": 115, "model": "base.produit", "fields": {"nom": "entrecote", "categories_ok": [], "choix_sauce": false, "choix_cuisson": true, "vat_takeaway": "0.4", "vat_surcharged": "0.55", "prix": "8.4", "price_surcharged": "8.4", "vat_onsite": "0.55", "choix_dish": false, "categorie": 4, "actif": false, "produits_ok": [8, 14]}}, {"pk": 116, "model": "base.produit", "fields": {"nom": "pave de saumon", "categories_ok": [], "choix_sauce": false, "choix_cuisson": false, "vat_takeaway": "0.45", "vat_surcharged": "0.61", "prix": "9.4", "price_surcharged": "9.4", "vat_onsite": "0.61", "choix_dish": false, "categorie": 4, "actif": false, "produits_ok": [8, 14]}}, {"pk": 117, "model": "base.produit", "fields": {"nom": "pave de saumon", "categories_ok": [], "choix_sauce": false, "choix_cuisson": false, "vat_takeaway": "0.45", "vat_surcharged": "0.61", "prix": "9.4", "price_surcharged": "9.4", "vat_onsite": "0.61", "choix_dish": false, "categorie": 4, "actif": false, "produits_ok": [8, 14]}}, {"pk": 118, "model": "base.produit", "fields": {"nom": "pave de saumon", "categories_ok": [], "choix_sauce": false, "choix_cuisson": false, "vat_takeaway": "0.45", "vat_surcharged": "0.61", "prix": "9.4", "price_surcharged": "9.4", "vat_onsite": "0.61", "choix_dish": false, "categorie": 4, "actif": false, "produits_ok": [8, 14]}}, {"pk": 119, "model": "base.produit", "fields": {"nom": "biere 50cl", "categories_ok": [], "choix_sauce": false, "choix_cuisson": false, "vat_takeaway": "0.46", "vat_surcharged": "0.46", "prix": "2.8", "price_surcharged": "2.8", "vat_onsite": "0.46", "choix_dish": false, "categorie": 2, "actif": false, "produits_ok": []}}, {"pk": 120, "model": "base.produit", "fields": {"nom": "biere 50cl", "categories_ok": [], "choix_sauce": false, "choix_cuisson": false, "vat_takeaway": "0.46", "vat_surcharged": "0.46", "prix": "2.8", "price_surcharged": "2.8", "vat_onsite": "0.46", "choix_dish": false, "categorie": 2, "actif": false, "produits_ok": []}}, {"pk": 121, "model": "base.produit", "fields": {"nom": "biere 50cl", "categories_ok": [], "choix_sauce": false, "choix_cuisson": false, "vat_takeaway": "0.46", "vat_surcharged": "0.46", "prix": "2.8", "price_surcharged": "2.8", "vat_onsite": "0.46", "choix_dish": false, "categorie": 2, "actif": false, "produits_ok": []}}, {"pk": 122, "model": "base.produit", "fields": {"nom": "salade normande", "categories_ok": [], "choix_sauce": false, "choix_cuisson": false, "vat_takeaway": "0.16", "vat_surcharged": "0.22", "prix": "3.4", "price_surcharged": "3.4", "vat_onsite": "0.22", "choix_dish": false, "categorie": 3, "actif": false, "produits_ok": [8, 14]}}, {"pk": 123, "model": "base.produit", "fields": {"nom": "salade normande", "categories_ok": [], "choix_sauce": false, "choix_cuisson": false, "vat_takeaway": "0.16", "vat_surcharged": "0.22", "prix": "3.4", "price_surcharged": "3.4", "vat_onsite": "0.22", "choix_dish": false, "categorie": 3, "actif": false, "produits_ok": [8, 14]}}, {"pk": 124, "model": "base.produit", "fields": {"nom": "salade normande", "categories_ok": [], "choix_sauce": false, "choix_cuisson": false, "vat_takeaway": "0.16", "vat_surcharged": "0.22", "prix": "3.4", "price_surcharged": "3.4", "vat_onsite": "0.22", "choix_dish": false, "categorie": 3, "actif": false, "produits_ok": [8, 14]}}, {"pk": 125, "model": "base.produit", "fields": {"nom": "buffet", "categories_ok": [], "choix_sauce": false, "choix_cuisson": false, "vat_takeaway": "0.3", "vat_surcharged": "0.42", "prix": "6.4", "price_surcharged": "6.4", "vat_onsite": "0.42", "choix_dish": false, "categorie": 3, "actif": false, "produits_ok": []}}, {"pk": 126, "model": "base.produit", "fields": {"nom": "buffet", "categories_ok": [], "choix_sauce": false, "choix_cuisson": false, "vat_takeaway": "0.3", "vat_surcharged": "0.42", "prix": "6.4", "price_surcharged": "6.4", "vat_onsite": "0.42", "choix_dish": false, "categorie": 3, "actif": false, "produits_ok": []}}, {"pk": 127, "model": "base.produit", "fields": {"nom": "buffet", "categories_ok": [], "choix_sauce": false, "choix_cuisson": false, "vat_takeaway": "0.3", "vat_surcharged": "0.42", "prix": "6.4", "price_surcharged": "6.4", "vat_onsite": "0.42", "choix_dish": false, "categorie": 3, "actif": false, "produits_ok": []}}, {"pk": 128, "model": "base.produit", "fields": {"nom": "entrecote", "categories_ok": [], "choix_sauce": false, "choix_cuisson": true, "vat_takeaway": "0.4", "vat_surcharged": "0.55", "prix": "8.4", "price_surcharged": "8.4", "vat_onsite": "0.55", "choix_dish": false, "categorie": 4, "actif": false, "produits_ok": [8, 14]}}, {"pk": 129, "model": "base.produit", "fields": {"nom": "entrecote", "categories_ok": [], "choix_sauce": false, "choix_cuisson": true, "vat_takeaway": "0.4", "vat_surcharged": "0.55", "prix": "8.4", "price_surcharged": "8.4", "vat_onsite": "0.55", "choix_dish": false, "categorie": 4, "actif": false, "produits_ok": [8, 14]}}, {"pk": 130, "model": "base.produit", "fields": {"nom": "entrecote", "categories_ok": [], "choix_sauce": false, "choix_cuisson": true, "vat_takeaway": "0.4", "vat_surcharged": "0.55", "prix": "8.4", "price_surcharged": "8.4", "vat_onsite": "0.55", "choix_dish": false, "categorie": 4, "actif": false, "produits_ok": [8, 14]}}, {"pk": 131, "model": "base.produit", "fields": {"nom": "pave de saumon", "categories_ok": [], "choix_sauce": false, "choix_cuisson": false, "vat_takeaway": "0.45", "vat_surcharged": "0.61", "prix": "9.4", "price_surcharged": "9.4", "vat_onsite": "0.61", "choix_dish": false, "categorie": 4, "actif": false, "produits_ok": [8, 14]}}, {"pk": 132, "model": "base.produit", "fields": {"nom": "pave de saumon", "categories_ok": [], "choix_sauce": false, "choix_cuisson": false, "vat_takeaway": "0.45", "vat_surcharged": "0.61", "prix": "9.4", "price_surcharged": "9.4", "vat_onsite": "0.61", "choix_dish": false, "categorie": 4, "actif": false, "produits_ok": [8, 14]}}, {"pk": 133, "model": "base.produit", "fields": {"nom": "pave de saumon", "categories_ok": [], "choix_sauce": false, "choix_cuisson": false, "vat_takeaway": "0.45", "vat_surcharged": "0.61", "prix": "9.4", "price_surcharged": "9.4", "vat_onsite": "0.61", "choix_dish": false, "categorie": 4, "actif": false, "produits_ok": [8, 14]}}, {"pk": 134, "model": "base.produit", "fields": {"nom": "biere 50cl", "categories_ok": [], "choix_sauce": false, "choix_cuisson": false, "vat_takeaway": "0.46", "vat_surcharged": "0.46", "prix": "2.8", "price_surcharged": "2.8", "vat_onsite": "0.46", "choix_dish": false, "categorie": 2, "actif": false, "produits_ok": []}}, {"pk": 135, "model": "base.produit", "fields": {"nom": "biere 50cl", "categories_ok": [], "choix_sauce": false, "choix_cuisson": false, "vat_takeaway": "0.46", "vat_surcharged": "0.46", "prix": "2.8", "price_surcharged": "2.8", "vat_onsite": "0.46", "choix_dish": false, "categorie": 2, "actif": false, "produits_ok": []}}, {"pk": 136, "model": "base.produit", "fields": {"nom": "biere 50cl", "categories_ok": [], "choix_sauce": false, "choix_cuisson": false, "vat_takeaway": "0.46", "vat_surcharged": "0.46", "prix": "2.8", "price_surcharged": "2.8", "vat_onsite": "0.46", "choix_dish": false, "categorie": 2, "actif": false, "produits_ok": []}}, {"pk": 137, "model": "base.produit", "fields": {"nom": "salade normande", "categories_ok": [], "choix_sauce": false, "choix_cuisson": false, "vat_takeaway": "0.16", "vat_surcharged": "0.22", "prix": "3.4", "price_surcharged": "3.4", "vat_onsite": "0.22", "choix_dish": false, "categorie": 3, "actif": false, "produits_ok": [8, 14]}}, {"pk": 138, "model": "base.produit", "fields": {"nom": "salade normande", "categories_ok": [], "choix_sauce": false, "choix_cuisson": false, "vat_takeaway": "0.16", "vat_surcharged": "0.22", "prix": "3.4", "price_surcharged": "3.4", "vat_onsite": "0.22", "choix_dish": false, "categorie": 3, "actif": false, "produits_ok": [8, 14]}}, {"pk": 139, "model": "base.produit", "fields": {"nom": "salade normande", "categories_ok": [], "choix_sauce": false, "choix_cuisson": false, "vat_takeaway": "0.16", "vat_surcharged": "0.22", "prix": "3.4", "price_surcharged": "3.4", "vat_onsite": "0.22", "choix_dish": false, "categorie": 3, "actif": false, "produits_ok": [8, 14]}}, {"pk": 140, "model": "base.produit", "fields": {"nom": "buffet", "categories_ok": [], "choix_sauce": false, "choix_cuisson": false, "vat_takeaway": "0.3", "vat_surcharged": "0.42", "prix": "6.4", "price_surcharged": "6.4", "vat_onsite": "0.42", "choix_dish": false, "categorie": 3, "actif": false, "produits_ok": []}}, {"pk": 141, "model": "base.produit", "fields": {"nom": "buffet", "categories_ok": [], "choix_sauce": false, "choix_cuisson": false, "vat_takeaway": "0.3", "vat_surcharged": "0.42", "prix": "6.4", "price_surcharged": "6.4", "vat_onsite": "0.42", "choix_dish": false, "categorie": 3, "actif": false, "produits_ok": []}}, {"pk": 142, "model": "base.produit", "fields": {"nom": "buffet", "categories_ok": [], "choix_sauce": false, "choix_cuisson": false, "vat_takeaway": "0.3", "vat_surcharged": "0.42", "prix": "6.4", "price_surcharged": "6.4", "vat_onsite": "0.42", "choix_dish": false, "categorie": 3, "actif": false, "produits_ok": []}}, {"pk": 143, "model": "base.produit", "fields": {"nom": "entrecote", "categories_ok": [], "choix_sauce": false, "choix_cuisson": true, "vat_takeaway": "0.4", "vat_surcharged": "0.55", "prix": "8.4", "price_surcharged": "8.4", "vat_onsite": "0.55", "choix_dish": false, "categorie": 4, "actif": false, "produits_ok": [8, 14]}}, {"pk": 144, "model": "base.produit", "fields": {"nom": "entrecote", "categories_ok": [], "choix_sauce": false, "choix_cuisson": true, "vat_takeaway": "0.4", "vat_surcharged": "0.55", "prix": "8.4", "price_surcharged": "8.4", "vat_onsite": "0.55", "choix_dish": false, "categorie": 4, "actif": false, "produits_ok": [8, 14]}}, {"pk": 145, "model": "base.produit", "fields": {"nom": "entrecote", "categories_ok": [], "choix_sauce": false, "choix_cuisson": true, "vat_takeaway": "0.4", "vat_surcharged": "0.55", "prix": "8.4", "price_surcharged": "8.4", "vat_onsite": "0.55", "choix_dish": false, "categorie": 4, "actif": false, "produits_ok": [8, 14]}}, {"pk": 146, "model": "base.produit", "fields": {"nom": "pave de saumon", "categories_ok": [], "choix_sauce": false, "choix_cuisson": false, "vat_takeaway": "0.45", "vat_surcharged": "0.61", "prix": "9.4", "price_surcharged": "9.4", "vat_onsite": "0.61", "choix_dish": false, "categorie": 4, "actif": false, "produits_ok": [8, 14]}}, {"pk": 147, "model": "base.produit", "fields": {"nom": "pave de saumon", "categories_ok": [], "choix_sauce": false, "choix_cuisson": false, "vat_takeaway": "0.45", "vat_surcharged": "0.61", "prix": "9.4", "price_surcharged": "9.4", "vat_onsite": "0.61", "choix_dish": false, "categorie": 4, "actif": false, "produits_ok": [8, 14]}}, {"pk": 148, "model": "base.produit", "fields": {"nom": "pave de saumon", "categories_ok": [], "choix_sauce": false, "choix_cuisson": false, "vat_takeaway": "0.45", "vat_surcharged": "0.61", "prix": "9.4", "price_surcharged": "9.4", "vat_onsite": "0.61", "choix_dish": false, "categorie": 4, "actif": false, "produits_ok": [8, 14]}}, {"pk": 149, "model": "base.produit", "fields": {"nom": "biere 50cl", "categories_ok": [], "choix_sauce": false, "choix_cuisson": false, "vat_takeaway": "0.46", "vat_surcharged": "0.46", "prix": "2.8", "price_surcharged": "2.8", "vat_onsite": "0.46", "choix_dish": false, "categorie": 2, "actif": false, "produits_ok": []}}, {"pk": 150, "model": "base.produit", "fields": {"nom": "biere 50cl", "categories_ok": [], "choix_sauce": false, "choix_cuisson": false, "vat_takeaway": "0.46", "vat_surcharged": "0.46", "prix": "2.8", "price_surcharged": "2.8", "vat_onsite": "0.46", "choix_dish": false, "categorie": 2, "actif": false, "produits_ok": []}}, {"pk": 151, "model": "base.produit", "fields": {"nom": "biere 50cl", "categories_ok": [], "choix_sauce": false, "choix_cuisson": false, "vat_takeaway": "0.46", "vat_surcharged": "0.46", "prix": "2.8", "price_surcharged": "2.8", "vat_onsite": "0.46", "choix_dish": false, "categorie": 2, "actif": false, "produits_ok": []}}, {"pk": 152, "model": "base.produit", "fields": {"nom": "salade normande", "categories_ok": [], "choix_sauce": false, "choix_cuisson": false, "vat_takeaway": "0.16", "vat_surcharged": "0.22", "prix": "3.4", "price_surcharged": "3.4", "vat_onsite": "0.22", "choix_dish": false, "categorie": 3, "actif": false, "produits_ok": [8, 14]}}, {"pk": 153, "model": "base.produit", "fields": {"nom": "salade normande", "categories_ok": [], "choix_sauce": false, "choix_cuisson": false, "vat_takeaway": "0.16", "vat_surcharged": "0.22", "prix": "3.4", "price_surcharged": "3.4", "vat_onsite": "0.22", "choix_dish": false, "categorie": 3, "actif": false, "produits_ok": [8, 14]}}, {"pk": 154, "model": "base.produit", "fields": {"nom": "salade normande", "categories_ok": [], "choix_sauce": false, "choix_cuisson": false, "vat_takeaway": "0.16", "vat_surcharged": "0.22", "prix": "3.4", "price_surcharged": "3.4", "vat_onsite": "0.22", "choix_dish": false, "categorie": 3, "actif": false, "produits_ok": [8, 14]}}, {"pk": 155, "model": "base.produit", "fields": {"nom": "buffet", "categories_ok": [], "choix_sauce": false, "choix_cuisson": false, "vat_takeaway": "0.3", "vat_surcharged": "0.42", "prix": "6.4", "price_surcharged": "6.4", "vat_onsite": "0.42", "choix_dish": false, "categorie": 3, "actif": false, "produits_ok": []}}, {"pk": 156, "model": "base.produit", "fields": {"nom": "buffet", "categories_ok": [], "choix_sauce": false, "choix_cuisson": false, "vat_takeaway": "0.3", "vat_surcharged": "0.42", "prix": "6.4", "price_surcharged": "6.4", "vat_onsite": "0.42", "choix_dish": false, "categorie": 3, "actif": false, "produits_ok": []}}, {"pk": 157, "model": "base.produit", "fields": {"nom": "buffet", "categories_ok": [], "choix_sauce": false, "choix_cuisson": false, "vat_takeaway": "0.3", "vat_surcharged": "0.42", "prix": "6.4", "price_surcharged": "6.4", "vat_onsite": "0.42", "choix_dish": false, "categorie": 3, "actif": false, "produits_ok": []}}, {"pk": 158, "model": "base.produit", "fields": {"nom": "entrecote", "categories_ok": [], "choix_sauce": false, "choix_cuisson": true, "vat_takeaway": "0.4", "vat_surcharged": "0.55", "prix": "8.4", "price_surcharged": "8.4", "vat_onsite": "0.55", "choix_dish": false, "categorie": 4, "actif": false, "produits_ok": [8, 14]}}, {"pk": 159, "model": "base.produit", "fields": {"nom": "entrecote", "categories_ok": [], "choix_sauce": false, "choix_cuisson": true, "vat_takeaway": "0.4", "vat_surcharged": "0.55", "prix": "8.4", "price_surcharged": "8.4", "vat_onsite": "0.55", "choix_dish": false, "categorie": 4, "actif": false, "produits_ok": [8, 14]}}, {"pk": 160, "model": "base.produit", "fields": {"nom": "entrecote", "categories_ok": [], "choix_sauce": false, "choix_cuisson": true, "vat_takeaway": "0.4", "vat_surcharged": "0.55", "prix": "8.4", "price_surcharged": "8.4", "vat_onsite": "0.55", "choix_dish": false, "categorie": 4, "actif": false, "produits_ok": [8, 14]}}, {"pk": 161, "model": "base.produit", "fields": {"nom": "pave de saumon", "categories_ok": [], "choix_sauce": false, "choix_cuisson": false, "vat_takeaway": "0.45", "vat_surcharged": "0.61", "prix": "9.4", "price_surcharged": "9.4", "vat_onsite": "0.61", "choix_dish": false, "categorie": 4, "actif": false, "produits_ok": [8, 14]}}, {"pk": 162, "model": "base.produit", "fields": {"nom": "pave de saumon", "categories_ok": [], "choix_sauce": false, "choix_cuisson": false, "vat_takeaway": "0.45", "vat_surcharged": "0.61", "prix": "9.4", "price_surcharged": "9.4", "vat_onsite": "0.61", "choix_dish": false, "categorie": 4, "actif": false, "produits_ok": [8, 14]}}, {"pk": 163, "model": "base.produit", "fields": {"nom": "pave de saumon", "categories_ok": [], "choix_sauce": false, "choix_cuisson": false, "vat_takeaway": "0.45", "vat_surcharged": "0.61", "prix": "9.4", "price_surcharged": "9.4", "vat_onsite": "0.61", "choix_dish": false, "categorie": 4, "actif": false, "produits_ok": [8, 14]}}, {"pk": 164, "model": "base.produit", "fields": {"nom": "biere 50cl", "categories_ok": [], "choix_sauce": false, "choix_cuisson": false, "vat_takeaway": "0.46", "vat_surcharged": "0.46", "prix": "2.8", "price_surcharged": "2.8", "vat_onsite": "0.46", "choix_dish": false, "categorie": 2, "actif": false, "produits_ok": []}}, {"pk": 165, "model": "base.produit", "fields": {"nom": "biere 50cl", "categories_ok": [], "choix_sauce": false, "choix_cuisson": false, "vat_takeaway": "0.46", "vat_surcharged": "0.46", "prix": "2.8", "price_surcharged": "2.8", "vat_onsite": "0.46", "choix_dish": false, "categorie": 2, "actif": false, "produits_ok": []}}, {"pk": 166, "model": "base.produit", "fields": {"nom": "biere 50cl", "categories_ok": [], "choix_sauce": false, "choix_cuisson": false, "vat_takeaway": "0.46", "vat_surcharged": "0.46", "prix": "2.8", "price_surcharged": "2.8", "vat_onsite": "0.46", "choix_dish": false, "categorie": 2, "actif": false, "produits_ok": []}}, {"pk": 167, "model": "base.produit", "fields": {"nom": "salade normande", "categories_ok": [], "choix_sauce": false, "choix_cuisson": false, "vat_takeaway": "0.16", "vat_surcharged": "0.22", "prix": "3.4", "price_surcharged": "3.4", "vat_onsite": "0.22", "choix_dish": false, "categorie": 3, "actif": false, "produits_ok": [8, 14]}}, {"pk": 168, "model": "base.produit", "fields": {"nom": "salade normande", "categories_ok": [], "choix_sauce": false, "choix_cuisson": false, "vat_takeaway": "0.16", "vat_surcharged": "0.22", "prix": "3.4", "price_surcharged": "3.4", "vat_onsite": "0.22", "choix_dish": false, "categorie": 3, "actif": false, "produits_ok": [8, 14]}}, {"pk": 169, "model": "base.produit", "fields": {"nom": "salade normande", "categories_ok": [], "choix_sauce": false, "choix_cuisson": false, "vat_takeaway": "0.16", "vat_surcharged": "0.22", "prix": "3.4", "price_surcharged": "3.4", "vat_onsite": "0.22", "choix_dish": false, "categorie": 3, "actif": false, "produits_ok": [8, 14]}}, {"pk": 170, "model": "base.produit", "fields": {"nom": "buffet", "categories_ok": [], "choix_sauce": false, "choix_cuisson": false, "vat_takeaway": "0.3", "vat_surcharged": "0.42", "prix": "6.4", "price_surcharged": "6.4", "vat_onsite": "0.42", "choix_dish": false, "categorie": 3, "actif": false, "produits_ok": []}}, {"pk": 171, "model": "base.produit", "fields": {"nom": "buffet", "categories_ok": [], "choix_sauce": false, "choix_cuisson": false, "vat_takeaway": "0.3", "vat_surcharged": "0.42", "prix": "6.4", "price_surcharged": "6.4", "vat_onsite": "0.42", "choix_dish": false, "categorie": 3, "actif": false, "produits_ok": []}}, {"pk": 172, "model": "base.produit", "fields": {"nom": "buffet", "categories_ok": [], "choix_sauce": false, "choix_cuisson": false, "vat_takeaway": "0.3", "vat_surcharged": "0.42", "prix": "6.4", "price_surcharged": "6.4", "vat_onsite": "0.42", "choix_dish": false, "categorie": 3, "actif": false, "produits_ok": []}}, {"pk": 173, "model": "base.produit", "fields": {"nom": "entrecote", "categories_ok": [], "choix_sauce": false, "choix_cuisson": true, "vat_takeaway": "0.4", "vat_surcharged": "0.55", "prix": "8.4", "price_surcharged": "8.4", "vat_onsite": "0.55", "choix_dish": false, "categorie": 4, "actif": false, "produits_ok": [8, 14]}}, {"pk": 174, "model": "base.produit", "fields": {"nom": "entrecote", "categories_ok": [], "choix_sauce": false, "choix_cuisson": true, "vat_takeaway": "0.4", "vat_surcharged": "0.55", "prix": "8.4", "price_surcharged": "8.4", "vat_onsite": "0.55", "choix_dish": false, "categorie": 4, "actif": false, "produits_ok": [8, 14]}}, {"pk": 175, "model": "base.produit", "fields": {"nom": "entrecote", "categories_ok": [], "choix_sauce": false, "choix_cuisson": true, "vat_takeaway": "0.4", "vat_surcharged": "0.55", "prix": "8.4", "price_surcharged": "8.4", "vat_onsite": "0.55", "choix_dish": false, "categorie": 4, "actif": false, "produits_ok": [8, 14]}}, {"pk": 176, "model": "base.produit", "fields": {"nom": "pave de saumon", "categories_ok": [], "choix_sauce": false, "choix_cuisson": false, "vat_takeaway": "0.45", "vat_surcharged": "0.61", "prix": "9.4", "price_surcharged": "9.4", "vat_onsite": "0.61", "choix_dish": false, "categorie": 4, "actif": false, "produits_ok": [8, 14]}}, {"pk": 177, "model": "base.produit", "fields": {"nom": "pave de saumon", "categories_ok": [], "choix_sauce": false, "choix_cuisson": false, "vat_takeaway": "0.45", "vat_surcharged": "0.61", "prix": "9.4", "price_surcharged": "9.4", "vat_onsite": "0.61", "choix_dish": false, "categorie": 4, "actif": false, "produits_ok": [8, 14]}}, {"pk": 178, "model": "base.produit", "fields": {"nom": "pave de saumon", "categories_ok": [], "choix_sauce": false, "choix_cuisson": false, "vat_takeaway": "0.45", "vat_surcharged": "0.61", "prix": "9.4", "price_surcharged": "9.4", "vat_onsite": "0.61", "choix_dish": false, "categorie": 4, "actif": false, "produits_ok": [8, 14]}}, {"pk": 179, "model": "base.produit", "fields": {"nom": "biere 50cl", "categories_ok": [], "choix_sauce": false, "choix_cuisson": false, "vat_takeaway": "0.46", "vat_surcharged": "0.46", "prix": "2.8", "price_surcharged": "2.8", "vat_onsite": "0.46", "choix_dish": false, "categorie": 2, "actif": false, "produits_ok": []}}, {"pk": 180, "model": "base.produit", "fields": {"nom": "biere 50cl", "categories_ok": [], "choix_sauce": false, "choix_cuisson": false, "vat_takeaway": "0.46", "vat_surcharged": "0.46", "prix": "2.8", "price_surcharged": "2.8", "vat_onsite": "0.46", "choix_dish": false, "categorie": 2, "actif": false, "produits_ok": []}}, {"pk": 181, "model": "base.produit", "fields": {"nom": "biere 50cl", "categories_ok": [], "choix_sauce": false, "choix_cuisson": false, "vat_takeaway": "0.46", "vat_surcharged": "0.46", "prix": "2.8", "price_surcharged": "2.8", "vat_onsite": "0.46", "choix_dish": false, "categorie": 2, "actif": false, "produits_ok": []}}, {"pk": 182, "model": "base.produit", "fields": {"nom": "salade normande", "categories_ok": [], "choix_sauce": false, "choix_cuisson": false, "vat_takeaway": "0.16", "vat_surcharged": "0.22", "prix": "3.4", "price_surcharged": "3.4", "vat_onsite": "0.22", "choix_dish": false, "categorie": 3, "actif": false, "produits_ok": [8, 14]}}, {"pk": 183, "model": "base.produit", "fields": {"nom": "salade normande", "categories_ok": [], "choix_sauce": false, "choix_cuisson": false, "vat_takeaway": "0.16", "vat_surcharged": "0.22", "prix": "3.4", "price_surcharged": "3.4", "vat_onsite": "0.22", "choix_dish": false, "categorie": 3, "actif": false, "produits_ok": [8, 14]}}, {"pk": 184, "model": "base.produit", "fields": {"nom": "salade normande", "categories_ok": [], "choix_sauce": false, "choix_cuisson": false, "vat_takeaway": "0.16", "vat_surcharged": "0.22", "prix": "3.4", "price_surcharged": "3.4", "vat_onsite": "0.22", "choix_dish": false, "categorie": 3, "actif": false, "produits_ok": [8, 14]}}, {"pk": 185, "model": "base.produit", "fields": {"nom": "buffet", "categories_ok": [], "choix_sauce": false, "choix_cuisson": false, "vat_takeaway": "0.3", "vat_surcharged": "0.42", "prix": "6.4", "price_surcharged": "6.4", "vat_onsite": "0.42", "choix_dish": false, "categorie": 3, "actif": false, "produits_ok": []}}, {"pk": 186, "model": "base.produit", "fields": {"nom": "buffet", "categories_ok": [], "choix_sauce": false, "choix_cuisson": false, "vat_takeaway": "0.3", "vat_surcharged": "0.42", "prix": "6.4", "price_surcharged": "6.4", "vat_onsite": "0.42", "choix_dish": false, "categorie": 3, "actif": false, "produits_ok": []}}, {"pk": 187, "model": "base.produit", "fields": {"nom": "buffet", "categories_ok": [], "choix_sauce": false, "choix_cuisson": false, "vat_takeaway": "0.3", "vat_surcharged": "0.42", "prix": "6.4", "price_surcharged": "6.4", "vat_onsite": "0.42", "choix_dish": false, "categorie": 3, "actif": false, "produits_ok": []}}, {"pk": 188, "model": "base.produit", "fields": {"nom": "entrecote", "categories_ok": [], "choix_sauce": false, "choix_cuisson": true, "vat_takeaway": "0.4", "vat_surcharged": "0.55", "prix": "8.4", "price_surcharged": "8.4", "vat_onsite": "0.55", "choix_dish": false, "categorie": 4, "actif": false, "produits_ok": [8, 14]}}, {"pk": 189, "model": "base.produit", "fields": {"nom": "entrecote", "categories_ok": [], "choix_sauce": false, "choix_cuisson": true, "vat_takeaway": "0.4", "vat_surcharged": "0.55", "prix": "8.4", "price_surcharged": "8.4", "vat_onsite": "0.55", "choix_dish": false, "categorie": 4, "actif": false, "produits_ok": [8, 14]}}, {"pk": 190, "model": "base.produit", "fields": {"nom": "entrecote", "categories_ok": [], "choix_sauce": false, "choix_cuisson": true, "vat_takeaway": "0.4", "vat_surcharged": "0.55", "prix": "8.4", "price_surcharged": "8.4", "vat_onsite": "0.55", "choix_dish": false, "categorie": 4, "actif": false, "produits_ok": [8, 14]}}, {"pk": 191, "model": "base.produit", "fields": {"nom": "pave de saumon", "categories_ok": [], "choix_sauce": false, "choix_cuisson": false, "vat_takeaway": "0.45", "vat_surcharged": "0.61", "prix": "9.4", "price_surcharged": "9.4", "vat_onsite": "0.61", "choix_dish": false, "categorie": 4, "actif": false, "produits_ok": [8, 14]}}, {"pk": 192, "model": "base.produit", "fields": {"nom": "pave de saumon", "categories_ok": [], "choix_sauce": false, "choix_cuisson": false, "vat_takeaway": "0.45", "vat_surcharged": "0.61", "prix": "9.4", "price_surcharged": "9.4", "vat_onsite": "0.61", "choix_dish": false, "categorie": 4, "actif": false, "produits_ok": [8, 14]}}, {"pk": 193, "model": "base.produit", "fields": {"nom": "pave de saumon", "categories_ok": [], "choix_sauce": false, "choix_cuisson": false, "vat_takeaway": "0.45", "vat_surcharged": "0.61", "prix": "9.4", "price_surcharged": "9.4", "vat_onsite": "0.61", "choix_dish": false, "categorie": 4, "actif": false, "produits_ok": [8, 14]}}, {"pk": 194, "model": "base.produit", "fields": {"nom": "biere 50cl", "categories_ok": [], "choix_sauce": false, "choix_cuisson": false, "vat_takeaway": "0.46", "vat_surcharged": "0.46", "prix": "2.8", "price_surcharged": "2.8", "vat_onsite": "0.46", "choix_dish": false, "categorie": 2, "actif": false, "produits_ok": []}}, {"pk": 195, "model": "base.produit", "fields": {"nom": "biere 50cl", "categories_ok": [], "choix_sauce": false, "choix_cuisson": false, "vat_takeaway": "0.46", "vat_surcharged": "0.46", "prix": "2.8", "price_surcharged": "2.8", "vat_onsite": "0.46", "choix_dish": false, "categorie": 2, "actif": false, "produits_ok": []}}, {"pk": 196, "model": "base.produit", "fields": {"nom": "biere 50cl", "categories_ok": [], "choix_sauce": false, "choix_cuisson": false, "vat_takeaway": "0.46", "vat_surcharged": "0.46", "prix": "2.8", "price_surcharged": "2.8", "vat_onsite": "0.46", "choix_dish": false, "categorie": 2, "actif": false, "produits_ok": []}}, {"pk": 1, "model": "base.produitvendu", "fields": {"produit": 4, "contient": [], "dishes": [], "made_with": 3, "notes": [], "prix": "0", "sauces": [], "date": "2014-01-02T20:46:02.702", "sent": false, "cuisson": null}}, {"pk": 2, "model": "base.produitvendu", "fields": {"produit": 4, "contient": [], "dishes": [], "made_with": 3, "notes": [], "prix": "0", "sauces": [], "date": "2014-01-02T20:46:03.212", "sent": false, "cuisson": null}}, {"pk": 3, "model": "base.produitvendu", "fields": {"produit": 4, "contient": [], "dishes": [], "made_with": 3, "notes": [], "prix": "0", "sauces": [], "date": "2014-01-02T20:46:03.592", "sent": false, "cuisson": null}}, {"pk": 4, "model": "base.produitvendu", "fields": {"produit": 5, "contient": [], "dishes": [], "made_with": 3, "notes": [], "prix": "0", "sauces": [], "date": "2014-01-02T20:46:04.022", "sent": false, "cuisson": null}}, {"pk": 5, "model": "base.produitvendu", "fields": {"produit": 5, "contient": [], "dishes": [], "made_with": 3, "notes": [], "prix": "0", "sauces": [], "date": "2014-01-02T20:46:04.345", "sent": false, "cuisson": null}}, {"pk": 6, "model": "base.produitvendu", "fields": {"produit": 5, "contient": [], "dishes": [], "made_with": 3, "notes": [], "prix": "0", "sauces": [], "date": "2014-01-02T20:46:04.684", "sent": false, "cuisson": null}}, {"pk": 7, "model": "base.produitvendu", "fields": {"produit": 6, "contient": [], "dishes": [], "made_with": 4, "notes": [], "prix": "0", "sauces": [], "date": "2014-01-02T20:46:05.047", "sent": false, "cuisson": null}}, {"pk": 8, "model": "base.produitvendu", "fields": {"produit": 6, "contient": [], "dishes": [], "made_with": 4, "notes": [], "prix": "0", "sauces": [], "date": "2014-01-02T20:46:05.527", "sent": false, "cuisson": null}}, {"pk": 9, "model": "base.produitvendu", "fields": {"produit": 6, "contient": [], "dishes": [], "made_with": 4, "notes": [], "prix": "0", "sauces": [], "date": "2014-01-02T20:46:05.977", "sent": false, "cuisson": null}}, {"pk": 10, "model": "base.produitvendu", "fields": {"produit": 7, "contient": [], "dishes": [], "made_with": 4, "notes": [], "prix": "0", "sauces": [], "date": "2014-01-02T20:46:06.483", "sent": false, "cuisson": null}}, {"pk": 11, "model": "base.produitvendu", "fields": {"produit": 7, "contient": [], "dishes": [], "made_with": 4, "notes": [], "prix": "0", "sauces": [], "date": "2014-01-02T20:46:07.032", "sent": false, "cuisson": null}}, {"pk": 12, "model": "base.produitvendu", "fields": {"produit": 7, "contient": [], "dishes": [], "made_with": 4, "notes": [], "prix": "0", "sauces": [], "date": "2014-01-02T20:46:07.506", "sent": false, "cuisson": null}}, {"pk": 13, "model": "base.produitvendu", "fields": {"produit": 3, "contient": [], "dishes": [], "made_with": 2, "notes": [], "prix": "0", "sauces": [], "date": "2014-01-02T20:46:08.036", "sent": false, "cuisson": null}}, {"pk": 14, "model": "base.produitvendu", "fields": {"produit": 3, "contient": [], "dishes": [], "made_with": 2, "notes": [], "prix": "0", "sauces": [], "date": "2014-01-02T20:46:08.598", "sent": false, "cuisson": null}}, {"pk": 15, "model": "base.produitvendu", "fields": {"produit": 3, "contient": [], "dishes": [], "made_with": 2, "notes": [], "prix": "0", "sauces": [], "date": "2014-01-02T20:46:09.125", "sent": false, "cuisson": null}}, {"pk": 16, "model": "base.produitvendu", "fields": {"produit": 8, "contient": [17, 18], "dishes": [], "made_with": null, "notes": [], "prix": "0", "sauces": [], "date": "2014-01-02T20:46:09.655", "sent": false, "cuisson": null}}, {"pk": 17, "model": "base.produitvendu", "fields": {"produit": 4, "contient": [16], "dishes": [], "made_with": null, "notes": [], "prix": "0", "sauces": [], "date": "2014-01-02T20:46:09.673", "sent": false, "cuisson": null}}, {"pk": 18, "model": "base.produitvendu", "fields": {"produit": 7, "contient": [16], "dishes": [], "made_with": null, "notes": [], "prix": "0", "sauces": [], "date": "2014-01-02T20:46:09.737", "sent": false, "cuisson": null}}, {"pk": 19, "model": "base.produitvendu", "fields": {"produit": 4, "contient": [], "dishes": [], "made_with": 3, "notes": [], "prix": "0", "sauces": [], "date": "2014-01-02T20:46:09.840", "sent": true, "cuisson": null}}, {"pk": 20, "model": "base.produitvendu", "fields": {"produit": 4, "contient": [], "dishes": [], "made_with": 3, "notes": [], "prix": "0", "sauces": [], "date": "2014-01-02T20:46:10.361", "sent": true, "cuisson": null}}, {"pk": 21, "model": "base.produitvendu", "fields": {"produit": 4, "contient": [], "dishes": [], "made_with": 3, "notes": [], "prix": "0", "sauces": [], "date": "2014-01-02T20:46:10.760", "sent": true, "cuisson": null}}, {"pk": 22, "model": "base.produitvendu", "fields": {"produit": 5, "contient": [], "dishes": [], "made_with": 3, "notes": [], "prix": "0", "sauces": [], "date": "2014-01-02T20:46:11.173", "sent": true, "cuisson": null}}, {"pk": 23, "model": "base.produitvendu", "fields": {"produit": 5, "contient": [], "dishes": [], "made_with": 3, "notes": [], "prix": "0", "sauces": [], "date": "2014-01-02T20:46:11.496", "sent": true, "cuisson": null}}, {"pk": 24, "model": "base.produitvendu", "fields": {"produit": 5, "contient": [], "dishes": [], "made_with": 3, "notes": [], "prix": "0", "sauces": [], "date": "2014-01-02T20:46:11.850", "sent": true, "cuisson": null}}, {"pk": 25, "model": "base.produitvendu", "fields": {"produit": 6, "contient": [], "dishes": [], "made_with": 4, "notes": [], "prix": "0", "sauces": [], "date": "2014-01-02T20:46:12.198", "sent": false, "cuisson": null}}, {"pk": 26, "model": "base.produitvendu", "fields": {"produit": 6, "contient": [], "dishes": [], "made_with": 4, "notes": [], "prix": "0", "sauces": [], "date": "2014-01-02T20:46:12.655", "sent": false, "cuisson": null}}, {"pk": 27, "model": "base.produitvendu", "fields": {"produit": 6, "contient": [], "dishes": [], "made_with": 4, "notes": [], "prix": "0", "sauces": [], "date": "2014-01-02T20:46:13.215", "sent": false, "cuisson": null}}, {"pk": 28, "model": "base.produitvendu", "fields": {"produit": 7, "contient": [], "dishes": [], "made_with": 4, "notes": [], "prix": "0", "sauces": [], "date": "2014-01-02T20:46:13.718", "sent": false, "cuisson": null}}, {"pk": 29, "model": "base.produitvendu", "fields": {"produit": 7, "contient": [], "dishes": [], "made_with": 4, "notes": [], "prix": "0", "sauces": [], "date": "2014-01-02T20:46:14.181", "sent": false, "cuisson": null}}, {"pk": 30, "model": "base.produitvendu", "fields": {"produit": 7, "contient": [], "dishes": [], "made_with": 4, "notes": [], "prix": "0", "sauces": [], "date": "2014-01-02T20:46:14.756", "sent": false, "cuisson": null}}, {"pk": 31, "model": "base.produitvendu", "fields": {"produit": 3, "contient": [], "dishes": [], "made_with": 2, "notes": [], "prix": "0", "sauces": [], "date": "2014-01-02T20:46:15.352", "sent": false, "cuisson": null}}, {"pk": 32, "model": "base.produitvendu", "fields": {"produit": 3, "contient": [], "dishes": [], "made_with": 2, "notes": [], "prix": "0", "sauces": [], "date": "2014-01-02T20:46:15.813", "sent": false, "cuisson": null}}, {"pk": 33, "model": "base.produitvendu", "fields": {"produit": 3, "contient": [], "dishes": [], "made_with": 2, "notes": [], "prix": "0", "sauces": [], "date": "2014-01-02T20:46:16.296", "sent": false, "cuisson": null}}, {"pk": 34, "model": "base.produitvendu", "fields": {"produit": 8, "contient": [35, 36], "dishes": [], "made_with": null, "notes": [], "prix": "0", "sauces": [], "date": "2014-01-02T20:46:16.749", "sent": false, "cuisson": null}}, {"pk": 35, "model": "base.produitvendu", "fields": {"produit": 4, "contient": [34], "dishes": [], "made_with": null, "notes": [], "prix": "0", "sauces": [], "date": "2014-01-02T20:46:16.771", "sent": false, "cuisson": null}}, {"pk": 36, "model": "base.produitvendu", "fields": {"produit": 7, "contient": [34], "dishes": [], "made_with": null, "notes": [], "prix": "0", "sauces": [], "date": "2014-01-02T20:46:16.841", "sent": false, "cuisson": null}}, {"pk": 37, "model": "base.produitvendu", "fields": {"produit": 4, "contient": [], "dishes": [], "made_with": 3, "notes": [], "prix": "3.4", "sauces": [], "date": "2014-01-02T20:46:17.686", "sent": false, "cuisson": null}}, {"pk": 38, "model": "base.produitvendu", "fields": {"produit": 4, "contient": [], "dishes": [], "made_with": 3, "notes": [], "prix": "3.4", "sauces": [], "date": "2014-01-02T20:46:17.930", "sent": false, "cuisson": null}}, {"pk": 39, "model": "base.produitvendu", "fields": {"produit": 4, "contient": [], "dishes": [], "made_with": 3, "notes": [], "prix": "3.4", "sauces": [], "date": "2014-01-02T20:46:18.170", "sent": false, "cuisson": null}}, {"pk": 40, "model": "base.produitvendu", "fields": {"produit": 5, "contient": [], "dishes": [], "made_with": 3, "notes": [], "prix": "6.4", "sauces": [], "date": "2014-01-02T20:46:18.362", "sent": false, "cuisson": null}}, {"pk": 41, "model": "base.produitvendu", "fields": {"produit": 5, "contient": [], "dishes": [], "made_with": 3, "notes": [], "prix": "6.4", "sauces": [], "date": "2014-01-02T20:46:18.629", "sent": false, "cuisson": null}}, {"pk": 42, "model": "base.produitvendu", "fields": {"produit": 5, "contient": [], "dishes": [], "made_with": 3, "notes": [], "prix": "6.4", "sauces": [], "date": "2014-01-02T20:46:18.901", "sent": false, "cuisson": null}}, {"pk": 43, "model": "base.produitvendu", "fields": {"produit": 6, "contient": [], "dishes": [], "made_with": 4, "notes": [], "prix": "8.4", "sauces": [], "date": "2014-01-02T20:46:19.116", "sent": false, "cuisson": null}}, {"pk": 44, "model": "base.produitvendu", "fields": {"produit": 6, "contient": [], "dishes": [], "made_with": 4, "notes": [], "prix": "8.4", "sauces": [], "date": "2014-01-02T20:46:19.445", "sent": false, "cuisson": null}}, {"pk": 45, "model": "base.produitvendu", "fields": {"produit": 6, "contient": [], "dishes": [], "made_with": 4, "notes": [], "prix": "8.4", "sauces": [], "date": "2014-01-02T20:46:19.770", "sent": false, "cuisson": null}}, {"pk": 46, "model": "base.produitvendu", "fields": {"produit": 7, "contient": [], "dishes": [], "made_with": 4, "notes": [], "prix": "9.4", "sauces": [], "date": "2014-01-02T20:46:20.074", "sent": false, "cuisson": null}}, {"pk": 47, "model": "base.produitvendu", "fields": {"produit": 7, "contient": [], "dishes": [], "made_with": 4, "notes": [], "prix": "9.4", "sauces": [], "date": "2014-01-02T20:46:20.404", "sent": false, "cuisson": null}}, {"pk": 48, "model": "base.produitvendu", "fields": {"produit": 7, "contient": [], "dishes": [], "made_with": 4, "notes": [], "prix": "9.4", "sauces": [], "date": "2014-01-02T20:46:20.711", "sent": false, "cuisson": null}}, {"pk": 49, "model": "base.produitvendu", "fields": {"produit": 3, "contient": [], "dishes": [], "made_with": 2, "notes": [], "prix": "2.8", "sauces": [], "date": "2014-01-02T20:46:21.018", "sent": false, "cuisson": null}}, {"pk": 50, "model": "base.produitvendu", "fields": {"produit": 3, "contient": [], "dishes": [], "made_with": 2, "notes": [], "prix": "2.8", "sauces": [], "date": "2014-01-02T20:46:21.497", "sent": false, "cuisson": null}}, {"pk": 51, "model": "base.produitvendu", "fields": {"produit": 3, "contient": [], "dishes": [], "made_with": 2, "notes": [], "prix": "2.8", "sauces": [], "date": "2014-01-02T20:46:21.833", "sent": false, "cuisson": null}}, {"pk": 52, "model": "base.produitvendu", "fields": {"produit": 8, "contient": [53, 54], "dishes": [], "made_with": null, "notes": [], "prix": "0", "sauces": [], "date": "2014-01-02T20:46:22.228", "sent": false, "cuisson": null}}, {"pk": 53, "model": "base.produitvendu", "fields": {"produit": 4, "contient": [52], "dishes": [], "made_with": null, "notes": [], "prix": "0", "sauces": [], "date": "2014-01-02T20:46:22.257", "sent": false, "cuisson": null}}, {"pk": 54, "model": "base.produitvendu", "fields": {"produit": 7, "contient": [52], "dishes": [], "made_with": null, "notes": [], "prix": "0", "sauces": [], "date": "2014-01-02T20:46:22.351", "sent": false, "cuisson": null}}, {"pk": 55, "model": "base.produitvendu", "fields": {"produit": 4, "contient": [], "dishes": [], "made_with": 3, "notes": [], "prix": "3.4", "sauces": [], "date": "2014-01-02T20:46:22.463", "sent": true, "cuisson": null}}, {"pk": 56, "model": "base.produitvendu", "fields": {"produit": 4, "contient": [], "dishes": [], "made_with": 3, "notes": [], "prix": "3.4", "sauces": [], "date": "2014-01-02T20:46:22.690", "sent": true, "cuisson": null}}, {"pk": 57, "model": "base.produitvendu", "fields": {"produit": 4, "contient": [], "dishes": [], "made_with": 3, "notes": [], "prix": "3.4", "sauces": [], "date": "2014-01-02T20:46:22.929", "sent": true, "cuisson": null}}, {"pk": 58, "model": "base.produitvendu", "fields": {"produit": 5, "contient": [], "dishes": [], "made_with": 3, "notes": [], "prix": "6.4", "sauces": [], "date": "2014-01-02T20:46:23.136", "sent": true, "cuisson": null}}, {"pk": 59, "model": "base.produitvendu", "fields": {"produit": 5, "contient": [], "dishes": [], "made_with": 3, "notes": [], "prix": "6.4", "sauces": [], "date": "2014-01-02T20:46:23.391", "sent": true, "cuisson": null}}, {"pk": 60, "model": "base.produitvendu", "fields": {"produit": 5, "contient": [], "dishes": [], "made_with": 3, "notes": [], "prix": "6.4", "sauces": [], "date": "2014-01-02T20:46:23.654", "sent": true, "cuisson": null}}, {"pk": 61, "model": "base.produitvendu", "fields": {"produit": 6, "contient": [], "dishes": [], "made_with": 4, "notes": [], "prix": "8.4", "sauces": [], "date": "2014-01-02T20:46:23.928", "sent": false, "cuisson": null}}, {"pk": 62, "model": "base.produitvendu", "fields": {"produit": 6, "contient": [], "dishes": [], "made_with": 4, "notes": [], "prix": "8.4", "sauces": [], "date": "2014-01-02T20:46:24.212", "sent": false, "cuisson": null}}, {"pk": 63, "model": "base.produitvendu", "fields": {"produit": 6, "contient": [], "dishes": [], "made_with": 4, "notes": [], "prix": "8.4", "sauces": [], "date": "2014-01-02T20:46:24.501", "sent": false, "cuisson": null}}, {"pk": 64, "model": "base.produitvendu", "fields": {"produit": 7, "contient": [], "dishes": [], "made_with": 4, "notes": [], "prix": "9.4", "sauces": [], "date": "2014-01-02T20:46:24.834", "sent": false, "cuisson": null}}, {"pk": 65, "model": "base.produitvendu", "fields": {"produit": 7, "contient": [], "dishes": [], "made_with": 4, "notes": [], "prix": "9.4", "sauces": [], "date": "2014-01-02T20:46:25.153", "sent": false, "cuisson": null}}, {"pk": 66, "model": "base.produitvendu", "fields": {"produit": 7, "contient": [], "dishes": [], "made_with": 4, "notes": [], "prix": "9.4", "sauces": [], "date": "2014-01-02T20:46:25.475", "sent": false, "cuisson": null}}, {"pk": 67, "model": "base.produitvendu", "fields": {"produit": 3, "contient": [], "dishes": [], "made_with": 2, "notes": [], "prix": "2.8", "sauces": [], "date": "2014-01-02T20:46:25.873", "sent": false, "cuisson": null}}, {"pk": 68, "model": "base.produitvendu", "fields": {"produit": 3, "contient": [], "dishes": [], "made_with": 2, "notes": [], "prix": "2.8", "sauces": [], "date": "2014-01-02T20:46:26.241", "sent": false, "cuisson": null}}, {"pk": 69, "model": "base.produitvendu", "fields": {"produit": 3, "contient": [], "dishes": [], "made_with": 2, "notes": [], "prix": "2.8", "sauces": [], "date": "2014-01-02T20:46:26.640", "sent": false, "cuisson": null}}, {"pk": 70, "model": "base.produitvendu", "fields": {"produit": 8, "contient": [71, 72], "dishes": [], "made_with": null, "notes": [], "prix": "0", "sauces": [], "date": "2014-01-02T20:46:27.038", "sent": false, "cuisson": null}}, {"pk": 71, "model": "base.produitvendu", "fields": {"produit": 4, "contient": [70], "dishes": [], "made_with": null, "notes": [], "prix": "0", "sauces": [], "date": "2014-01-02T20:46:27.053", "sent": false, "cuisson": null}}, {"pk": 72, "model": "base.produitvendu", "fields": {"produit": 7, "contient": [70], "dishes": [], "made_with": null, "notes": [], "prix": "0", "sauces": [], "date": "2014-01-02T20:46:27.102", "sent": false, "cuisson": null}}, {"pk": 73, "model": "base.produitvendu", "fields": {"produit": 4, "contient": [], "dishes": [], "made_with": 3, "notes": [], "prix": "0", "sauces": [], "date": "2014-01-02T20:46:27.937", "sent": false, "cuisson": null}}, {"pk": 74, "model": "base.produitvendu", "fields": {"produit": 4, "contient": [], "dishes": [], "made_with": 3, "notes": [], "prix": "0", "sauces": [], "date": "2014-01-02T20:46:28.471", "sent": false, "cuisson": null}}, {"pk": 75, "model": "base.produitvendu", "fields": {"produit": 4, "contient": [], "dishes": [], "made_with": 3, "notes": [], "prix": "0", "sauces": [], "date": "2014-01-02T20:46:28.889", "sent": false, "cuisson": null}}, {"pk": 76, "model": "base.produitvendu", "fields": {"produit": 5, "contient": [], "dishes": [], "made_with": 3, "notes": [], "prix": "0", "sauces": [], "date": "2014-01-02T20:46:29.296", "sent": false, "cuisson": null}}, {"pk": 77, "model": "base.produitvendu", "fields": {"produit": 5, "contient": [], "dishes": [], "made_with": 3, "notes": [], "prix": "0", "sauces": [], "date": "2014-01-02T20:46:29.626", "sent": false, "cuisson": null}}, {"pk": 78, "model": "base.produitvendu", "fields": {"produit": 5, "contient": [], "dishes": [], "made_with": 3, "notes": [], "prix": "0", "sauces": [], "date": "2014-01-02T20:46:29.977", "sent": false, "cuisson": null}}, {"pk": 79, "model": "base.produitvendu", "fields": {"produit": 6, "contient": [], "dishes": [], "made_with": 4, "notes": [], "prix": "0", "sauces": [], "date": "2014-01-02T20:46:30.326", "sent": false, "cuisson": null}}, {"pk": 80, "model": "base.produitvendu", "fields": {"produit": 6, "contient": [], "dishes": [], "made_with": 4, "notes": [], "prix": "0", "sauces": [], "date": "2014-01-02T20:46:30.782", "sent": false, "cuisson": null}}, {"pk": 81, "model": "base.produitvendu", "fields": {"produit": 6, "contient": [], "dishes": [], "made_with": 4, "notes": [], "prix": "0", "sauces": [], "date": "2014-01-02T20:46:31.294", "sent": false, "cuisson": null}}, {"pk": 82, "model": "base.produitvendu", "fields": {"produit": 7, "contient": [], "dishes": [], "made_with": 4, "notes": [], "prix": "0", "sauces": [], "date": "2014-01-02T20:46:31.778", "sent": false, "cuisson": null}}, {"pk": 83, "model": "base.produitvendu", "fields": {"produit": 7, "contient": [], "dishes": [], "made_with": 4, "notes": [], "prix": "0", "sauces": [], "date": "2014-01-02T20:46:32.246", "sent": false, "cuisson": null}}, {"pk": 84, "model": "base.produitvendu", "fields": {"produit": 7, "contient": [], "dishes": [], "made_with": 4, "notes": [], "prix": "0", "sauces": [], "date": "2014-01-02T20:46:32.825", "sent": false, "cuisson": null}}, {"pk": 85, "model": "base.produitvendu", "fields": {"produit": 3, "contient": [], "dishes": [], "made_with": 2, "notes": [], "prix": "0", "sauces": [], "date": "2014-01-02T20:46:33.363", "sent": false, "cuisson": null}}, {"pk": 86, "model": "base.produitvendu", "fields": {"produit": 3, "contient": [], "dishes": [], "made_with": 2, "notes": [], "prix": "0", "sauces": [], "date": "2014-01-02T20:46:33.822", "sent": false, "cuisson": null}}, {"pk": 87, "model": "base.produitvendu", "fields": {"produit": 3, "contient": [], "dishes": [], "made_with": 2, "notes": [], "prix": "0", "sauces": [], "date": "2014-01-02T20:46:34.333", "sent": false, "cuisson": null}}, {"pk": 88, "model": "base.produitvendu", "fields": {"produit": 8, "contient": [89, 90], "dishes": [], "made_with": null, "notes": [], "prix": "0", "sauces": [], "date": "2014-01-02T20:46:34.775", "sent": false, "cuisson": null}}, {"pk": 89, "model": "base.produitvendu", "fields": {"produit": 4, "contient": [88], "dishes": [], "made_with": null, "notes": [], "prix": "0", "sauces": [], "date": "2014-01-02T20:46:34.798", "sent": false, "cuisson": null}}, {"pk": 90, "model": "base.produitvendu", "fields": {"produit": 7, "contient": [88], "dishes": [], "made_with": null, "notes": [], "prix": "0", "sauces": [], "date": "2014-01-02T20:46:34.874", "sent": false, "cuisson": null}}, {"pk": 91, "model": "base.produitvendu", "fields": {"produit": 4, "contient": [], "dishes": [], "made_with": 3, "notes": [], "prix": "0", "sauces": [], "date": "2014-01-02T20:46:35.021", "sent": true, "cuisson": null}}, {"pk": 92, "model": "base.produitvendu", "fields": {"produit": 4, "contient": [], "dishes": [], "made_with": 3, "notes": [], "prix": "0", "sauces": [], "date": "2014-01-02T20:46:35.522", "sent": true, "cuisson": null}}, {"pk": 93, "model": "base.produitvendu", "fields": {"produit": 4, "contient": [], "dishes": [], "made_with": 3, "notes": [], "prix": "0", "sauces": [], "date": "2014-01-02T20:46:35.938", "sent": true, "cuisson": null}}, {"pk": 94, "model": "base.produitvendu", "fields": {"produit": 5, "contient": [], "dishes": [], "made_with": 3, "notes": [], "prix": "0", "sauces": [], "date": "2014-01-02T20:46:36.333", "sent": true, "cuisson": null}}, {"pk": 95, "model": "base.produitvendu", "fields": {"produit": 5, "contient": [], "dishes": [], "made_with": 3, "notes": [], "prix": "0", "sauces": [], "date": "2014-01-02T20:46:36.681", "sent": true, "cuisson": null}}, {"pk": 96, "model": "base.produitvendu", "fields": {"produit": 5, "contient": [], "dishes": [], "made_with": 3, "notes": [], "prix": "0", "sauces": [], "date": "2014-01-02T20:46:37.002", "sent": true, "cuisson": null}}, {"pk": 97, "model": "base.produitvendu", "fields": {"produit": 6, "contient": [], "dishes": [], "made_with": 4, "notes": [], "prix": "0", "sauces": [], "date": "2014-01-02T20:46:37.375", "sent": false, "cuisson": null}}, {"pk": 98, "model": "base.produitvendu", "fields": {"produit": 6, "contient": [], "dishes": [], "made_with": 4, "notes": [], "prix": "0", "sauces": [], "date": "2014-01-02T20:46:37.856", "sent": false, "cuisson": null}}, {"pk": 99, "model": "base.produitvendu", "fields": {"produit": 6, "contient": [], "dishes": [], "made_with": 4, "notes": [], "prix": "0", "sauces": [], "date": "2014-01-02T20:46:38.280", "sent": false, "cuisson": null}}, {"pk": 100, "model": "base.produitvendu", "fields": {"produit": 7, "contient": [], "dishes": [], "made_with": 4, "notes": [], "prix": "0", "sauces": [], "date": "2014-01-02T20:46:38.802", "sent": false, "cuisson": null}}, {"pk": 101, "model": "base.produitvendu", "fields": {"produit": 7, "contient": [], "dishes": [], "made_with": 4, "notes": [], "prix": "0", "sauces": [], "date": "2014-01-02T20:46:39.336", "sent": false, "cuisson": null}}, {"pk": 102, "model": "base.produitvendu", "fields": {"produit": 7, "contient": [], "dishes": [], "made_with": 4, "notes": [], "prix": "0", "sauces": [], "date": "2014-01-02T20:46:39.827", "sent": false, "cuisson": null}}, {"pk": 103, "model": "base.produitvendu", "fields": {"produit": 3, "contient": [], "dishes": [], "made_with": 2, "notes": [], "prix": "0", "sauces": [], "date": "2014-01-02T20:46:40.360", "sent": false, "cuisson": null}}, {"pk": 104, "model": "base.produitvendu", "fields": {"produit": 3, "contient": [], "dishes": [], "made_with": 2, "notes": [], "prix": "0", "sauces": [], "date": "2014-01-02T20:46:40.885", "sent": false, "cuisson": null}}, {"pk": 105, "model": "base.produitvendu", "fields": {"produit": 3, "contient": [], "dishes": [], "made_with": 2, "notes": [], "prix": "0", "sauces": [], "date": "2014-01-02T20:46:41.338", "sent": false, "cuisson": null}}, {"pk": 106, "model": "base.produitvendu", "fields": {"produit": 8, "contient": [107, 108], "dishes": [], "made_with": null, "notes": [], "prix": "0", "sauces": [], "date": "2014-01-02T20:46:41.813", "sent": false, "cuisson": null}}, {"pk": 107, "model": "base.produitvendu", "fields": {"produit": 4, "contient": [106], "dishes": [], "made_with": null, "notes": [], "prix": "0", "sauces": [], "date": "2014-01-02T20:46:41.836", "sent": false, "cuisson": null}}, {"pk": 108, "model": "base.produitvendu", "fields": {"produit": 7, "contient": [106], "dishes": [], "made_with": null, "notes": [], "prix": "0", "sauces": [], "date": "2014-01-02T20:46:41.905", "sent": false, "cuisson": null}}, {"pk": 109, "model": "base.produitvendu", "fields": {"produit": 4, "contient": [], "dishes": [], "made_with": 3, "notes": [], "prix": "0", "sauces": [], "date": "2014-01-02T20:46:42.751", "sent": false, "cuisson": null}}, {"pk": 110, "model": "base.produitvendu", "fields": {"produit": 4, "contient": [], "dishes": [], "made_with": 3, "notes": [], "prix": "0", "sauces": [], "date": "2014-01-02T20:46:43.240", "sent": false, "cuisson": null}}, {"pk": 111, "model": "base.produitvendu", "fields": {"produit": 4, "contient": [], "dishes": [], "made_with": 3, "notes": [], "prix": "0", "sauces": [], "date": "2014-01-02T20:46:43.652", "sent": false, "cuisson": null}}, {"pk": 112, "model": "base.produitvendu", "fields": {"produit": 5, "contient": [], "dishes": [], "made_with": 3, "notes": [], "prix": "0", "sauces": [], "date": "2014-01-02T20:46:44.103", "sent": false, "cuisson": null}}, {"pk": 113, "model": "base.produitvendu", "fields": {"produit": 5, "contient": [], "dishes": [], "made_with": 3, "notes": [], "prix": "0", "sauces": [], "date": "2014-01-02T20:46:44.349", "sent": false, "cuisson": null}}, {"pk": 114, "model": "base.produitvendu", "fields": {"produit": 5, "contient": [], "dishes": [], "made_with": 3, "notes": [], "prix": "0", "sauces": [], "date": "2014-01-02T20:46:44.763", "sent": false, "cuisson": null}}, {"pk": 115, "model": "base.produitvendu", "fields": {"produit": 6, "contient": [], "dishes": [], "made_with": 4, "notes": [], "prix": "0", "sauces": [], "date": "2014-01-02T20:46:45.044", "sent": false, "cuisson": null}}, {"pk": 116, "model": "base.produitvendu", "fields": {"produit": 6, "contient": [], "dishes": [], "made_with": 4, "notes": [], "prix": "0", "sauces": [], "date": "2014-01-02T20:46:45.562", "sent": false, "cuisson": null}}, {"pk": 117, "model": "base.produitvendu", "fields": {"produit": 6, "contient": [], "dishes": [], "made_with": 4, "notes": [], "prix": "0", "sauces": [], "date": "2014-01-02T20:46:46.059", "sent": false, "cuisson": null}}, {"pk": 118, "model": "base.produitvendu", "fields": {"produit": 7, "contient": [], "dishes": [], "made_with": 4, "notes": [], "prix": "0", "sauces": [], "date": "2014-01-02T20:46:46.524", "sent": false, "cuisson": null}}, {"pk": 119, "model": "base.produitvendu", "fields": {"produit": 7, "contient": [], "dishes": [], "made_with": 4, "notes": [], "prix": "0", "sauces": [], "date": "2014-01-02T20:46:47.041", "sent": false, "cuisson": null}}, {"pk": 120, "model": "base.produitvendu", "fields": {"produit": 7, "contient": [], "dishes": [], "made_with": 4, "notes": [], "prix": "0", "sauces": [], "date": "2014-01-02T20:46:47.551", "sent": false, "cuisson": null}}, {"pk": 121, "model": "base.produitvendu", "fields": {"produit": 3, "contient": [], "dishes": [], "made_with": 2, "notes": [], "prix": "0", "sauces": [], "date": "2014-01-02T20:46:48.102", "sent": false, "cuisson": null}}, {"pk": 122, "model": "base.produitvendu", "fields": {"produit": 3, "contient": [], "dishes": [], "made_with": 2, "notes": [], "prix": "0", "sauces": [], "date": "2014-01-02T20:46:48.607", "sent": false, "cuisson": null}}, {"pk": 123, "model": "base.produitvendu", "fields": {"produit": 3, "contient": [], "dishes": [], "made_with": 2, "notes": [], "prix": "0", "sauces": [], "date": "2014-01-02T20:46:49.051", "sent": false, "cuisson": null}}, {"pk": 124, "model": "base.produitvendu", "fields": {"produit": 8, "contient": [125, 126], "dishes": [], "made_with": null, "notes": [], "prix": "0", "sauces": [], "date": "2014-01-02T20:46:49.538", "sent": false, "cuisson": null}}, {"pk": 125, "model": "base.produitvendu", "fields": {"produit": 4, "contient": [124], "dishes": [], "made_with": null, "notes": [], "prix": "0", "sauces": [], "date": "2014-01-02T20:46:49.569", "sent": false, "cuisson": null}}, {"pk": 126, "model": "base.produitvendu", "fields": {"produit": 7, "contient": [124], "dishes": [], "made_with": null, "notes": [], "prix": "0", "sauces": [], "date": "2014-01-02T20:46:49.655", "sent": false, "cuisson": null}}, {"pk": 127, "model": "base.produitvendu", "fields": {"produit": 4, "contient": [], "dishes": [], "made_with": 3, "notes": [], "prix": "0", "sauces": [], "date": "2014-01-02T20:46:49.754", "sent": true, "cuisson": null}}, {"pk": 128, "model": "base.produitvendu", "fields": {"produit": 4, "contient": [], "dishes": [], "made_with": 3, "notes": [], "prix": "0", "sauces": [], "date": "2014-01-02T20:46:50.280", "sent": true, "cuisson": null}}, {"pk": 129, "model": "base.produitvendu", "fields": {"produit": 4, "contient": [], "dishes": [], "made_with": 3, "notes": [], "prix": "0", "sauces": [], "date": "2014-01-02T20:46:50.673", "sent": true, "cuisson": null}}, {"pk": 130, "model": "base.produitvendu", "fields": {"produit": 5, "contient": [], "dishes": [], "made_with": 3, "notes": [], "prix": "0", "sauces": [], "date": "2014-01-02T20:46:51.047", "sent": true, "cuisson": null}}, {"pk": 131, "model": "base.produitvendu", "fields": {"produit": 5, "contient": [], "dishes": [], "made_with": 3, "notes": [], "prix": "0", "sauces": [], "date": "2014-01-02T20:46:51.417", "sent": true, "cuisson": null}}, {"pk": 132, "model": "base.produitvendu", "fields": {"produit": 5, "contient": [], "dishes": [], "made_with": 3, "notes": [], "prix": "0", "sauces": [], "date": "2014-01-02T20:46:51.716", "sent": true, "cuisson": null}}, {"pk": 133, "model": "base.produitvendu", "fields": {"produit": 6, "contient": [], "dishes": [], "made_with": 4, "notes": [], "prix": "0", "sauces": [], "date": "2014-01-02T20:46:52.104", "sent": false, "cuisson": null}}, {"pk": 134, "model": "base.produitvendu", "fields": {"produit": 6, "contient": [], "dishes": [], "made_with": 4, "notes": [], "prix": "0", "sauces": [], "date": "2014-01-02T20:46:52.545", "sent": false, "cuisson": null}}, {"pk": 135, "model": "base.produitvendu", "fields": {"produit": 6, "contient": [], "dishes": [], "made_with": 4, "notes": [], "prix": "0", "sauces": [], "date": "2014-01-02T20:46:53.094", "sent": false, "cuisson": null}}, {"pk": 136, "model": "base.produitvendu", "fields": {"produit": 7, "contient": [], "dishes": [], "made_with": 4, "notes": [], "prix": "0", "sauces": [], "date": "2014-01-02T20:46:53.517", "sent": false, "cuisson": null}}, {"pk": 137, "model": "base.produitvendu", "fields": {"produit": 7, "contient": [], "dishes": [], "made_with": 4, "notes": [], "prix": "0", "sauces": [], "date": "2014-01-02T20:46:54.023", "sent": false, "cuisson": null}}, {"pk": 138, "model": "base.produitvendu", "fields": {"produit": 7, "contient": [], "dishes": [], "made_with": 4, "notes": [], "prix": "0", "sauces": [], "date": "2014-01-02T20:46:54.582", "sent": false, "cuisson": null}}, {"pk": 139, "model": "base.produitvendu", "fields": {"produit": 3, "contient": [], "dishes": [], "made_with": 2, "notes": [], "prix": "0", "sauces": [], "date": "2014-01-02T20:46:55.100", "sent": false, "cuisson": null}}, {"pk": 140, "model": "base.produitvendu", "fields": {"produit": 3, "contient": [], "dishes": [], "made_with": 2, "notes": [], "prix": "0", "sauces": [], "date": "2014-01-02T20:46:55.595", "sent": false, "cuisson": null}}, {"pk": 141, "model": "base.produitvendu", "fields": {"produit": 3, "contient": [], "dishes": [], "made_with": 2, "notes": [], "prix": "0", "sauces": [], "date": "2014-01-02T20:46:56.080", "sent": false, "cuisson": null}}, {"pk": 142, "model": "base.produitvendu", "fields": {"produit": 8, "contient": [143, 144], "dishes": [], "made_with": null, "notes": [], "prix": "0", "sauces": [], "date": "2014-01-02T20:46:56.533", "sent": false, "cuisson": null}}, {"pk": 143, "model": "base.produitvendu", "fields": {"produit": 4, "contient": [142], "dishes": [], "made_with": null, "notes": [], "prix": "0", "sauces": [], "date": "2014-01-02T20:46:56.548", "sent": false, "cuisson": null}}, {"pk": 144, "model": "base.produitvendu", "fields": {"produit": 7, "contient": [142], "dishes": [], "made_with": null, "notes": [], "prix": "0", "sauces": [], "date": "2014-01-02T20:46:56.597", "sent": false, "cuisson": null}}, {"pk": 145, "model": "base.produitvendu", "fields": {"produit": 4, "contient": [], "dishes": [], "made_with": 3, "notes": [], "prix": "0", "sauces": [], "date": "2014-01-02T20:46:57.453", "sent": false, "cuisson": null}}, {"pk": 146, "model": "base.produitvendu", "fields": {"produit": 4, "contient": [], "dishes": [], "made_with": 3, "notes": [], "prix": "0", "sauces": [], "date": "2014-01-02T20:46:57.973", "sent": false, "cuisson": null}}, {"pk": 147, "model": "base.produitvendu", "fields": {"produit": 4, "contient": [], "dishes": [], "made_with": 3, "notes": [], "prix": "0", "sauces": [], "date": "2014-01-02T20:46:58.396", "sent": false, "cuisson": null}}, {"pk": 148, "model": "base.produitvendu", "fields": {"produit": 5, "contient": [], "dishes": [], "made_with": 3, "notes": [], "prix": "0", "sauces": [], "date": "2014-01-02T20:46:58.804", "sent": false, "cuisson": null}}, {"pk": 149, "model": "base.produitvendu", "fields": {"produit": 5, "contient": [], "dishes": [], "made_with": 3, "notes": [], "prix": "0", "sauces": [], "date": "2014-01-02T20:46:59.133", "sent": false, "cuisson": null}}, {"pk": 150, "model": "base.produitvendu", "fields": {"produit": 5, "contient": [], "dishes": [], "made_with": 3, "notes": [], "prix": "0", "sauces": [], "date": "2014-01-02T20:46:59.452", "sent": false, "cuisson": null}}, {"pk": 151, "model": "base.produitvendu", "fields": {"produit": 6, "contient": [], "dishes": [], "made_with": 4, "notes": [], "prix": "0", "sauces": [], "date": "2014-01-02T20:46:59.822", "sent": false, "cuisson": null}}, {"pk": 152, "model": "base.produitvendu", "fields": {"produit": 6, "contient": [], "dishes": [], "made_with": 4, "notes": [], "prix": "0", "sauces": [], "date": "2014-01-02T20:47:00.272", "sent": false, "cuisson": null}}, {"pk": 153, "model": "base.produitvendu", "fields": {"produit": 6, "contient": [], "dishes": [], "made_with": 4, "notes": [], "prix": "0", "sauces": [], "date": "2014-01-02T20:47:00.778", "sent": false, "cuisson": null}}, {"pk": 154, "model": "base.produitvendu", "fields": {"produit": 7, "contient": [], "dishes": [], "made_with": 4, "notes": [], "prix": "0", "sauces": [], "date": "2014-01-02T20:47:01.302", "sent": false, "cuisson": null}}, {"pk": 155, "model": "base.produitvendu", "fields": {"produit": 7, "contient": [], "dishes": [], "made_with": 4, "notes": [], "prix": "0", "sauces": [], "date": "2014-01-02T20:47:01.762", "sent": false, "cuisson": null}}, {"pk": 156, "model": "base.produitvendu", "fields": {"produit": 7, "contient": [], "dishes": [], "made_with": 4, "notes": [], "prix": "0", "sauces": [], "date": "2014-01-02T20:47:02.283", "sent": false, "cuisson": null}}, {"pk": 157, "model": "base.produitvendu", "fields": {"produit": 3, "contient": [], "dishes": [], "made_with": 2, "notes": [], "prix": "0", "sauces": [], "date": "2014-01-02T20:47:02.858", "sent": false, "cuisson": null}}, {"pk": 158, "model": "base.produitvendu", "fields": {"produit": 3, "contient": [], "dishes": [], "made_with": 2, "notes": [], "prix": "0", "sauces": [], "date": "2014-01-02T20:47:03.334", "sent": false, "cuisson": null}}, {"pk": 159, "model": "base.produitvendu", "fields": {"produit": 3, "contient": [], "dishes": [], "made_with": 2, "notes": [], "prix": "0", "sauces": [], "date": "2014-01-02T20:47:03.805", "sent": false, "cuisson": null}}, {"pk": 160, "model": "base.produitvendu", "fields": {"produit": 8, "contient": [161, 162], "dishes": [], "made_with": null, "notes": [], "prix": "0", "sauces": [], "date": "2014-01-02T20:47:04.270", "sent": false, "cuisson": null}}, {"pk": 161, "model": "base.produitvendu", "fields": {"produit": 4, "contient": [160], "dishes": [], "made_with": null, "notes": [], "prix": "0", "sauces": [], "date": "2014-01-02T20:47:04.297", "sent": false, "cuisson": null}}, {"pk": 162, "model": "base.produitvendu", "fields": {"produit": 7, "contient": [160], "dishes": [], "made_with": null, "notes": [], "prix": "0", "sauces": [], "date": "2014-01-02T20:47:04.379", "sent": false, "cuisson": null}}, {"pk": 163, "model": "base.produitvendu", "fields": {"produit": 4, "contient": [], "dishes": [], "made_with": 3, "notes": [], "prix": "0", "sauces": [], "date": "2014-01-02T20:47:04.497", "sent": true, "cuisson": null}}, {"pk": 164, "model": "base.produitvendu", "fields": {"produit": 4, "contient": [], "dishes": [], "made_with": 3, "notes": [], "prix": "0", "sauces": [], "date": "2014-01-02T20:47:05.008", "sent": true, "cuisson": null}}, {"pk": 165, "model": "base.produitvendu", "fields": {"produit": 4, "contient": [], "dishes": [], "made_with": 3, "notes": [], "prix": "0", "sauces": [], "date": "2014-01-02T20:47:05.414", "sent": true, "cuisson": null}}, {"pk": 166, "model": "base.produitvendu", "fields": {"produit": 5, "contient": [], "dishes": [], "made_with": 3, "notes": [], "prix": "0", "sauces": [], "date": "2014-01-02T20:47:05.862", "sent": true, "cuisson": null}}, {"pk": 167, "model": "base.produitvendu", "fields": {"produit": 5, "contient": [], "dishes": [], "made_with": 3, "notes": [], "prix": "0", "sauces": [], "date": "2014-01-02T20:47:06.134", "sent": true, "cuisson": null}}, {"pk": 168, "model": "base.produitvendu", "fields": {"produit": 5, "contient": [], "dishes": [], "made_with": 3, "notes": [], "prix": "0", "sauces": [], "date": "2014-01-02T20:47:06.531", "sent": true, "cuisson": null}}, {"pk": 169, "model": "base.produitvendu", "fields": {"produit": 6, "contient": [], "dishes": [], "made_with": 4, "notes": [], "prix": "0", "sauces": [], "date": "2014-01-02T20:47:06.819", "sent": false, "cuisson": null}}, {"pk": 170, "model": "base.produitvendu", "fields": {"produit": 6, "contient": [], "dishes": [], "made_with": 4, "notes": [], "prix": "0", "sauces": [], "date": "2014-01-02T20:47:07.326", "sent": false, "cuisson": null}}, {"pk": 171, "model": "base.produitvendu", "fields": {"produit": 6, "contient": [], "dishes": [], "made_with": 4, "notes": [], "prix": "0", "sauces": [], "date": "2014-01-02T20:47:07.810", "sent": false, "cuisson": null}}, {"pk": 172, "model": "base.produitvendu", "fields": {"produit": 7, "contient": [], "dishes": [], "made_with": 4, "notes": [], "prix": "0", "sauces": [], "date": "2014-01-02T20:47:08.267", "sent": false, "cuisson": null}}, {"pk": 173, "model": "base.produitvendu", "fields": {"produit": 7, "contient": [], "dishes": [], "made_with": 4, "notes": [], "prix": "0", "sauces": [], "date": "2014-01-02T20:47:08.810", "sent": false, "cuisson": null}}, {"pk": 174, "model": "base.produitvendu", "fields": {"produit": 7, "contient": [], "dishes": [], "made_with": 4, "notes": [], "prix": "0", "sauces": [], "date": "2014-01-02T20:47:09.368", "sent": false, "cuisson": null}}, {"pk": 175, "model": "base.produitvendu", "fields": {"produit": 3, "contient": [], "dishes": [], "made_with": 2, "notes": [], "prix": "0", "sauces": [], "date": "2014-01-02T20:47:09.862", "sent": false, "cuisson": null}}, {"pk": 176, "model": "base.produitvendu", "fields": {"produit": 3, "contient": [], "dishes": [], "made_with": 2, "notes": [], "prix": "0", "sauces": [], "date": "2014-01-02T20:47:10.366", "sent": false, "cuisson": null}}, {"pk": 177, "model": "base.produitvendu", "fields": {"produit": 3, "contient": [], "dishes": [], "made_with": 2, "notes": [], "prix": "0", "sauces": [], "date": "2014-01-02T20:47:10.817", "sent": false, "cuisson": null}}, {"pk": 178, "model": "base.produitvendu", "fields": {"produit": 8, "contient": [179, 180], "dishes": [], "made_with": null, "notes": [], "prix": "0", "sauces": [], "date": "2014-01-02T20:47:11.292", "sent": false, "cuisson": null}}, {"pk": 179, "model": "base.produitvendu", "fields": {"produit": 4, "contient": [178], "dishes": [], "made_with": null, "notes": [], "prix": "0", "sauces": [], "date": "2014-01-02T20:47:11.319", "sent": false, "cuisson": null}}, {"pk": 180, "model": "base.produitvendu", "fields": {"produit": 7, "contient": [178], "dishes": [], "made_with": null, "notes": [], "prix": "0", "sauces": [], "date": "2014-01-02T20:47:11.402", "sent": false, "cuisson": null}}, {"pk": 181, "model": "base.produitvendu", "fields": {"produit": 4, "contient": [], "dishes": [], "made_with": 3, "notes": [], "prix": "0", "sauces": [], "date": "2014-01-02T20:47:12.234", "sent": false, "cuisson": null}}, {"pk": 182, "model": "base.produitvendu", "fields": {"produit": 4, "contient": [], "dishes": [], "made_with": 3, "notes": [], "prix": "0", "sauces": [], "date": "2014-01-02T20:47:12.744", "sent": false, "cuisson": null}}, {"pk": 183, "model": "base.produitvendu", "fields": {"produit": 4, "contient": [], "dishes": [], "made_with": 3, "notes": [], "prix": "0", "sauces": [], "date": "2014-01-02T20:47:13.100", "sent": false, "cuisson": null}}, {"pk": 184, "model": "base.produitvendu", "fields": {"produit": 5, "contient": [], "dishes": [], "made_with": 3, "notes": [], "prix": "0", "sauces": [], "date": "2014-01-02T20:47:13.516", "sent": false, "cuisson": null}}, {"pk": 185, "model": "base.produitvendu", "fields": {"produit": 5, "contient": [], "dishes": [], "made_with": 3, "notes": [], "prix": "0", "sauces": [], "date": "2014-01-02T20:47:13.870", "sent": false, "cuisson": null}}, {"pk": 186, "model": "base.produitvendu", "fields": {"produit": 5, "contient": [], "dishes": [], "made_with": 3, "notes": [], "prix": "0", "sauces": [], "date": "2014-01-02T20:47:14.187", "sent": false, "cuisson": null}}, {"pk": 187, "model": "base.produitvendu", "fields": {"produit": 6, "contient": [], "dishes": [], "made_with": 4, "notes": [], "prix": "0", "sauces": [], "date": "2014-01-02T20:47:14.568", "sent": false, "cuisson": null}}, {"pk": 188, "model": "base.produitvendu", "fields": {"produit": 6, "contient": [], "dishes": [], "made_with": 4, "notes": [], "prix": "0", "sauces": [], "date": "2014-01-02T20:47:15.034", "sent": false, "cuisson": null}}, {"pk": 189, "model": "base.produitvendu", "fields": {"produit": 6, "contient": [], "dishes": [], "made_with": 4, "notes": [], "prix": "0", "sauces": [], "date": "2014-01-02T20:47:15.531", "sent": false, "cuisson": null}}, {"pk": 190, "model": "base.produitvendu", "fields": {"produit": 7, "contient": [], "dishes": [], "made_with": 4, "notes": [], "prix": "0", "sauces": [], "date": "2014-01-02T20:47:16.030", "sent": false, "cuisson": null}}, {"pk": 191, "model": "base.produitvendu", "fields": {"produit": 7, "contient": [], "dishes": [], "made_with": 4, "notes": [], "prix": "0", "sauces": [], "date": "2014-01-02T20:47:16.575", "sent": false, "cuisson": null}}, {"pk": 192, "model": "base.produitvendu", "fields": {"produit": 7, "contient": [], "dishes": [], "made_with": 4, "notes": [], "prix": "0", "sauces": [], "date": "2014-01-02T20:47:17.112", "sent": false, "cuisson": null}}, {"pk": 193, "model": "base.produitvendu", "fields": {"produit": 3, "contient": [], "dishes": [], "made_with": 2, "notes": [], "prix": "0", "sauces": [], "date": "2014-01-02T20:47:17.611", "sent": false, "cuisson": null}}, {"pk": 194, "model": "base.produitvendu", "fields": {"produit": 3, "contient": [], "dishes": [], "made_with": 2, "notes": [], "prix": "0", "sauces": [], "date": "2014-01-02T20:47:18.165", "sent": false, "cuisson": null}}, {"pk": 195, "model": "base.produitvendu", "fields": {"produit": 3, "contient": [], "dishes": [], "made_with": 2, "notes": [], "prix": "0", "sauces": [], "date": "2014-01-02T20:47:18.604", "sent": false, "cuisson": null}}, {"pk": 196, "model": "base.produitvendu", "fields": {"produit": 8, "contient": [197, 198], "dishes": [], "made_with": null, "notes": [], "prix": "0", "sauces": [], "date": "2014-01-02T20:47:19.108", "sent": false, "cuisson": null}}, {"pk": 197, "model": "base.produitvendu", "fields": {"produit": 4, "contient": [196], "dishes": [], "made_with": null, "notes": [], "prix": "0", "sauces": [], "date": "2014-01-02T20:47:19.122", "sent": false, "cuisson": null}}, {"pk": 198, "model": "base.produitvendu", "fields": {"produit": 7, "contient": [196], "dishes": [], "made_with": null, "notes": [], "prix": "0", "sauces": [], "date": "2014-01-02T20:47:19.171", "sent": false, "cuisson": null}}, {"pk": 199, "model": "base.produitvendu", "fields": {"produit": 4, "contient": [], "dishes": [], "made_with": 3, "notes": [], "prix": "0", "sauces": [], "date": "2014-01-02T20:47:19.281", "sent": true, "cuisson": null}}, {"pk": 200, "model": "base.produitvendu", "fields": {"produit": 4, "contient": [], "dishes": [], "made_with": 3, "notes": [], "prix": "0", "sauces": [], "date": "2014-01-02T20:47:19.807", "sent": true, "cuisson": null}}, {"pk": 201, "model": "base.produitvendu", "fields": {"produit": 4, "contient": [], "dishes": [], "made_with": 3, "notes": [], "prix": "0", "sauces": [], "date": "2014-01-02T20:47:20.232", "sent": true, "cuisson": null}}, {"pk": 202, "model": "base.produitvendu", "fields": {"produit": 5, "contient": [], "dishes": [], "made_with": 3, "notes": [], "prix": "0", "sauces": [], "date": "2014-01-02T20:47:20.645", "sent": true, "cuisson": null}}, {"pk": 203, "model": "base.produitvendu", "fields": {"produit": 5, "contient": [], "dishes": [], "made_with": 3, "notes": [], "prix": "0", "sauces": [], "date": "2014-01-02T20:47:20.973", "sent": true, "cuisson": null}}, {"pk": 204, "model": "base.produitvendu", "fields": {"produit": 5, "contient": [], "dishes": [], "made_with": 3, "notes": [], "prix": "0", "sauces": [], "date": "2014-01-02T20:47:21.304", "sent": true, "cuisson": null}}, {"pk": 205, "model": "base.produitvendu", "fields": {"produit": 6, "contient": [], "dishes": [], "made_with": 4, "notes": [], "prix": "0", "sauces": [], "date": "2014-01-02T20:47:21.678", "sent": false, "cuisson": null}}, {"pk": 206, "model": "base.produitvendu", "fields": {"produit": 6, "contient": [], "dishes": [], "made_with": 4, "notes": [], "prix": "0", "sauces": [], "date": "2014-01-02T20:47:22.130", "sent": false, "cuisson": null}}, {"pk": 207, "model": "base.produitvendu", "fields": {"produit": 6, "contient": [], "dishes": [], "made_with": 4, "notes": [], "prix": "0", "sauces": [], "date": "2014-01-02T20:47:22.621", "sent": false, "cuisson": null}}, {"pk": 208, "model": "base.produitvendu", "fields": {"produit": 7, "contient": [], "dishes": [], "made_with": 4, "notes": [], "prix": "0", "sauces": [], "date": "2014-01-02T20:47:23.146", "sent": false, "cuisson": null}}, {"pk": 209, "model": "base.produitvendu", "fields": {"produit": 7, "contient": [], "dishes": [], "made_with": 4, "notes": [], "prix": "0", "sauces": [], "date": "2014-01-02T20:47:23.626", "sent": false, "cuisson": null}}, {"pk": 210, "model": "base.produitvendu", "fields": {"produit": 7, "contient": [], "dishes": [], "made_with": 4, "notes": [], "prix": "0", "sauces": [], "date": "2014-01-02T20:47:24.138", "sent": false, "cuisson": null}}, {"pk": 211, "model": "base.produitvendu", "fields": {"produit": 3, "contient": [], "dishes": [], "made_with": 2, "notes": [], "prix": "0", "sauces": [], "date": "2014-01-02T20:47:24.725", "sent": false, "cuisson": null}}, {"pk": 212, "model": "base.produitvendu", "fields": {"produit": 3, "contient": [], "dishes": [], "made_with": 2, "notes": [], "prix": "0", "sauces": [], "date": "2014-01-02T20:47:25.186", "sent": false, "cuisson": null}}, {"pk": 213, "model": "base.produitvendu", "fields": {"produit": 3, "contient": [], "dishes": [], "made_with": 2, "notes": [], "prix": "0", "sauces": [], "date": "2014-01-02T20:47:25.666", "sent": false, "cuisson": null}}, {"pk": 214, "model": "base.produitvendu", "fields": {"produit": 8, "contient": [215, 216], "dishes": [], "made_with": null, "notes": [], "prix": "0", "sauces": [], "date": "2014-01-02T20:47:26.118", "sent": false, "cuisson": null}}, {"pk": 215, "model": "base.produitvendu", "fields": {"produit": 4, "contient": [214], "dishes": [], "made_with": null, "notes": [], "prix": "0", "sauces": [], "date": "2014-01-02T20:47:26.147", "sent": false, "cuisson": null}}, {"pk": 216, "model": "base.produitvendu", "fields": {"produit": 7, "contient": [214], "dishes": [], "made_with": null, "notes": [], "prix": "0", "sauces": [], "date": "2014-01-02T20:47:26.236", "sent": false, "cuisson": null}}, {"pk": 217, "model": "base.produitvendu", "fields": {"produit": 4, "contient": [], "dishes": [], "made_with": 3, "notes": [], "prix": "3.4", "sauces": [], "date": "2014-01-02T20:47:27.068", "sent": false, "cuisson": null}}, {"pk": 218, "model": "base.produitvendu", "fields": {"produit": 4, "contient": [], "dishes": [], "made_with": 3, "notes": [], "prix": "3.4", "sauces": [], "date": "2014-01-02T20:47:27.320", "sent": false, "cuisson": null}}, {"pk": 219, "model": "base.produitvendu", "fields": {"produit": 4, "contient": [], "dishes": [], "made_with": 3, "notes": [], "prix": "3.4", "sauces": [], "date": "2014-01-02T20:47:27.535", "sent": false, "cuisson": null}}, {"pk": 220, "model": "base.produitvendu", "fields": {"produit": 5, "contient": [], "dishes": [], "made_with": 3, "notes": [], "prix": "6.4", "sauces": [], "date": "2014-01-02T20:47:27.755", "sent": false, "cuisson": null}}, {"pk": 221, "model": "base.produitvendu", "fields": {"produit": 5, "contient": [], "dishes": [], "made_with": 3, "notes": [], "prix": "6.4", "sauces": [], "date": "2014-01-02T20:47:28.020", "sent": false, "cuisson": null}}, {"pk": 222, "model": "base.produitvendu", "fields": {"produit": 5, "contient": [], "dishes": [], "made_with": 3, "notes": [], "prix": "6.4", "sauces": [], "date": "2014-01-02T20:47:28.259", "sent": false, "cuisson": null}}, {"pk": 223, "model": "base.produitvendu", "fields": {"produit": 6, "contient": [], "dishes": [], "made_with": 4, "notes": [], "prix": "8.4", "sauces": [], "date": "2014-01-02T20:47:28.524", "sent": false, "cuisson": null}}, {"pk": 224, "model": "base.produitvendu", "fields": {"produit": 6, "contient": [], "dishes": [], "made_with": 4, "notes": [], "prix": "8.4", "sauces": [], "date": "2014-01-02T20:47:28.845", "sent": false, "cuisson": null}}, {"pk": 225, "model": "base.produitvendu", "fields": {"produit": 6, "contient": [], "dishes": [], "made_with": 4, "notes": [], "prix": "8.4", "sauces": [], "date": "2014-01-02T20:47:29.116", "sent": false, "cuisson": null}}, {"pk": 226, "model": "base.produitvendu", "fields": {"produit": 7, "contient": [], "dishes": [], "made_with": 4, "notes": [], "prix": "9.4", "sauces": [], "date": "2014-01-02T20:47:29.430", "sent": false, "cuisson": null}}, {"pk": 227, "model": "base.produitvendu", "fields": {"produit": 7, "contient": [], "dishes": [], "made_with": 4, "notes": [], "prix": "9.4", "sauces": [], "date": "2014-01-02T20:47:29.794", "sent": false, "cuisson": null}}, {"pk": 228, "model": "base.produitvendu", "fields": {"produit": 7, "contient": [], "dishes": [], "made_with": 4, "notes": [], "prix": "9.4", "sauces": [], "date": "2014-01-02T20:47:30.087", "sent": false, "cuisson": null}}, {"pk": 229, "model": "base.produitvendu", "fields": {"produit": 3, "contient": [], "dishes": [], "made_with": 2, "notes": [], "prix": "2.8", "sauces": [], "date": "2014-01-02T20:47:30.463", "sent": false, "cuisson": null}}, {"pk": 230, "model": "base.produitvendu", "fields": {"produit": 3, "contient": [], "dishes": [], "made_with": 2, "notes": [], "prix": "2.8", "sauces": [], "date": "2014-01-02T20:47:30.895", "sent": false, "cuisson": null}}, {"pk": 231, "model": "base.produitvendu", "fields": {"produit": 3, "contient": [], "dishes": [], "made_with": 2, "notes": [], "prix": "2.8", "sauces": [], "date": "2014-01-02T20:47:31.227", "sent": false, "cuisson": null}}, {"pk": 232, "model": "base.produitvendu", "fields": {"produit": 8, "contient": [233, 234], "dishes": [], "made_with": null, "notes": [], "prix": "0", "sauces": [], "date": "2014-01-02T20:47:31.683", "sent": false, "cuisson": null}}, {"pk": 233, "model": "base.produitvendu", "fields": {"produit": 4, "contient": [232], "dishes": [], "made_with": null, "notes": [], "prix": "0", "sauces": [], "date": "2014-01-02T20:47:31.711", "sent": false, "cuisson": null}}, {"pk": 234, "model": "base.produitvendu", "fields": {"produit": 7, "contient": [232], "dishes": [], "made_with": null, "notes": [], "prix": "0", "sauces": [], "date": "2014-01-02T20:47:31.784", "sent": false, "cuisson": null}}, {"pk": 235, "model": "base.produitvendu", "fields": {"produit": 4, "contient": [], "dishes": [], "made_with": 3, "notes": [], "prix": "0", "sauces": [], "date": "2014-01-02T20:47:31.876", "sent": true, "cuisson": null}}, {"pk": 236, "model": "base.produitvendu", "fields": {"produit": 4, "contient": [], "dishes": [], "made_with": 3, "notes": [], "prix": "0", "sauces": [], "date": "2014-01-02T20:47:32.406", "sent": true, "cuisson": null}}, {"pk": 237, "model": "base.produitvendu", "fields": {"produit": 4, "contient": [], "dishes": [], "made_with": 3, "notes": [], "prix": "0", "sauces": [], "date": "2014-01-02T20:47:32.819", "sent": true, "cuisson": null}}, {"pk": 238, "model": "base.produitvendu", "fields": {"produit": 5, "contient": [], "dishes": [], "made_with": 3, "notes": [], "prix": "0", "sauces": [], "date": "2014-01-02T20:47:33.221", "sent": true, "cuisson": null}}, {"pk": 239, "model": "base.produitvendu", "fields": {"produit": 5, "contient": [], "dishes": [], "made_with": 3, "notes": [], "prix": "0", "sauces": [], "date": "2014-01-02T20:47:33.549", "sent": true, "cuisson": null}}, {"pk": 240, "model": "base.produitvendu", "fields": {"produit": 5, "contient": [], "dishes": [], "made_with": 3, "notes": [], "prix": "0", "sauces": [], "date": "2014-01-02T20:47:33.897", "sent": true, "cuisson": null}}, {"pk": 241, "model": "base.produitvendu", "fields": {"produit": 6, "contient": [], "dishes": [], "made_with": 4, "notes": [], "prix": "0", "sauces": [], "date": "2014-01-02T20:47:34.236", "sent": false, "cuisson": null}}, {"pk": 242, "model": "base.produitvendu", "fields": {"produit": 6, "contient": [], "dishes": [], "made_with": 4, "notes": [], "prix": "0", "sauces": [], "date": "2014-01-02T20:47:34.696", "sent": false, "cuisson": null}}, {"pk": 243, "model": "base.produitvendu", "fields": {"produit": 6, "contient": [], "dishes": [], "made_with": 4, "notes": [], "prix": "0", "sauces": [], "date": "2014-01-02T20:47:35.213", "sent": false, "cuisson": null}}, {"pk": 244, "model": "base.produitvendu", "fields": {"produit": 7, "contient": [], "dishes": [], "made_with": 4, "notes": [], "prix": "0", "sauces": [], "date": "2014-01-02T20:47:35.688", "sent": false, "cuisson": null}}, {"pk": 245, "model": "base.produitvendu", "fields": {"produit": 7, "contient": [], "dishes": [], "made_with": 4, "notes": [], "prix": "0", "sauces": [], "date": "2014-01-02T20:47:36.232", "sent": false, "cuisson": null}}, {"pk": 246, "model": "base.produitvendu", "fields": {"produit": 7, "contient": [], "dishes": [], "made_with": 4, "notes": [], "prix": "0", "sauces": [], "date": "2014-01-02T20:47:36.734", "sent": false, "cuisson": null}}, {"pk": 247, "model": "base.produitvendu", "fields": {"produit": 3, "contient": [], "dishes": [], "made_with": 2, "notes": [], "prix": "0", "sauces": [], "date": "2014-01-02T20:47:37.248", "sent": false, "cuisson": null}}, {"pk": 248, "model": "base.produitvendu", "fields": {"produit": 3, "contient": [], "dishes": [], "made_with": 2, "notes": [], "prix": "0", "sauces": [], "date": "2014-01-02T20:47:37.720", "sent": false, "cuisson": null}}, {"pk": 249, "model": "base.produitvendu", "fields": {"produit": 3, "contient": [], "dishes": [], "made_with": 2, "notes": [], "prix": "0", "sauces": [], "date": "2014-01-02T20:47:38.210", "sent": false, "cuisson": null}}, {"pk": 250, "model": "base.produitvendu", "fields": {"produit": 8, "contient": [251, 252], "dishes": [], "made_with": null, "notes": [], "prix": "0", "sauces": [], "date": "2014-01-02T20:47:38.663", "sent": false, "cuisson": null}}, {"pk": 251, "model": "base.produitvendu", "fields": {"produit": 4, "contient": [250], "dishes": [], "made_with": null, "notes": [], "prix": "0", "sauces": [], "date": "2014-01-02T20:47:38.687", "sent": false, "cuisson": null}}, {"pk": 252, "model": "base.produitvendu", "fields": {"produit": 7, "contient": [250], "dishes": [], "made_with": null, "notes": [], "prix": "0", "sauces": [], "date": "2014-01-02T20:47:38.763", "sent": false, "cuisson": null}}, {"pk": 253, "model": "base.produitvendu", "fields": {"produit": 4, "contient": [], "dishes": [], "made_with": 3, "notes": [], "prix": "0", "sauces": [], "date": "2014-01-02T20:47:39.611", "sent": false, "cuisson": null}}, {"pk": 254, "model": "base.produitvendu", "fields": {"produit": 4, "contient": [], "dishes": [], "made_with": 3, "notes": [], "prix": "0", "sauces": [], "date": "2014-01-02T20:47:40.132", "sent": false, "cuisson": null}}, {"pk": 255, "model": "base.produitvendu", "fields": {"produit": 4, "contient": [], "dishes": [], "made_with": 3, "notes": [], "prix": "0", "sauces": [], "date": "2014-01-02T20:47:40.526", "sent": false, "cuisson": null}}, {"pk": 256, "model": "base.produitvendu", "fields": {"produit": 5, "contient": [], "dishes": [], "made_with": 3, "notes": [], "prix": "0", "sauces": [], "date": "2014-01-02T20:47:40.909", "sent": false, "cuisson": null}}, {"pk": 257, "model": "base.produitvendu", "fields": {"produit": 5, "contient": [], "dishes": [], "made_with": 3, "notes": [], "prix": "0", "sauces": [], "date": "2014-01-02T20:47:41.293", "sent": false, "cuisson": null}}, {"pk": 258, "model": "base.produitvendu", "fields": {"produit": 5, "contient": [], "dishes": [], "made_with": 3, "notes": [], "prix": "0", "sauces": [], "date": "2014-01-02T20:47:41.574", "sent": false, "cuisson": null}}, {"pk": 259, "model": "base.produitvendu", "fields": {"produit": 6, "contient": [], "dishes": [], "made_with": 4, "notes": [], "prix": "0", "sauces": [], "date": "2014-01-02T20:47:41.984", "sent": false, "cuisson": null}}, {"pk": 260, "model": "base.produitvendu", "fields": {"produit": 6, "contient": [], "dishes": [], "made_with": 4, "notes": [], "prix": "0", "sauces": [], "date": "2014-01-02T20:47:42.415", "sent": false, "cuisson": null}}, {"pk": 261, "model": "base.produitvendu", "fields": {"produit": 6, "contient": [], "dishes": [], "made_with": 4, "notes": [], "prix": "0", "sauces": [], "date": "2014-01-02T20:47:42.896", "sent": false, "cuisson": null}}, {"pk": 262, "model": "base.produitvendu", "fields": {"produit": 7, "contient": [], "dishes": [], "made_with": 4, "notes": [], "prix": "0", "sauces": [], "date": "2014-01-02T20:47:43.423", "sent": false, "cuisson": null}}, {"pk": 263, "model": "base.produitvendu", "fields": {"produit": 7, "contient": [], "dishes": [], "made_with": 4, "notes": [], "prix": "0", "sauces": [], "date": "2014-01-02T20:47:43.931", "sent": false, "cuisson": null}}, {"pk": 264, "model": "base.produitvendu", "fields": {"produit": 7, "contient": [], "dishes": [], "made_with": 4, "notes": [], "prix": "0", "sauces": [], "date": "2014-01-02T20:47:44.474", "sent": false, "cuisson": null}}, {"pk": 265, "model": "base.produitvendu", "fields": {"produit": 3, "contient": [], "dishes": [], "made_with": 2, "notes": [], "prix": "0", "sauces": [], "date": "2014-01-02T20:47:45.011", "sent": false, "cuisson": null}}, {"pk": 266, "model": "base.produitvendu", "fields": {"produit": 3, "contient": [], "dishes": [], "made_with": 2, "notes": [], "prix": "0", "sauces": [], "date": "2014-01-02T20:47:45.520", "sent": false, "cuisson": null}}, {"pk": 267, "model": "base.produitvendu", "fields": {"produit": 3, "contient": [], "dishes": [], "made_with": 2, "notes": [], "prix": "0", "sauces": [], "date": "2014-01-02T20:47:46.010", "sent": false, "cuisson": null}}, {"pk": 268, "model": "base.produitvendu", "fields": {"produit": 8, "contient": [269, 270], "dishes": [], "made_with": null, "notes": [], "prix": "0", "sauces": [], "date": "2014-01-02T20:47:46.472", "sent": false, "cuisson": null}}, {"pk": 269, "model": "base.produitvendu", "fields": {"produit": 4, "contient": [268], "dishes": [], "made_with": null, "notes": [], "prix": "0", "sauces": [], "date": "2014-01-02T20:47:46.483", "sent": false, "cuisson": null}}, {"pk": 270, "model": "base.produitvendu", "fields": {"produit": 7, "contient": [268], "dishes": [], "made_with": null, "notes": [], "prix": "0", "sauces": [], "date": "2014-01-02T20:47:46.536", "sent": false, "cuisson": null}}, {"pk": 1, "model": "base.follow", "fields": {"category": 3, "date": "2014-01-02T20:46:16.946", "produits": [22, 23, 24, 19, 20, 21]}}, {"pk": 2, "model": "base.follow", "fields": {"category": 3, "date": "2014-01-02T20:46:27.183", "produits": [58, 59, 60, 55, 56, 57]}}, {"pk": 3, "model": "base.follow", "fields": {"category": 3, "date": "2014-01-02T20:46:42.015", "produits": [94, 95, 96, 91, 92, 93]}}, {"pk": 4, "model": "base.follow", "fields": {"category": 3, "date": "2014-01-02T20:46:56.729", "produits": [130, 131, 132, 127, 128, 129]}}, {"pk": 5, "model": "base.follow", "fields": {"category": 3, "date": "2014-01-02T20:47:11.492", "produits": [166, 167, 168, 163, 164, 165]}}, {"pk": 6, "model": "base.follow", "fields": {"category": 3, "date": "2014-01-02T20:47:26.332", "produits": [202, 203, 204, 199, 200, 201]}}, {"pk": 7, "model": "base.follow", "fields": {"category": 3, "date": "2014-01-02T20:47:38.863", "produits": [238, 239, 240, 235, 236, 237]}}, {"pk": 1, "model": "base.paiementtype", "fields": {"nom": "AMEX", "fixed_value": false}}, {"pk": 2, "model": "base.paiementtype", "fields": {"nom": "ANCV", "fixed_value": true}}, {"pk": 3, "model": "base.paiementtype", "fields": {"nom": "CB", "fixed_value": false}}, {"pk": 4, "model": "base.paiementtype", "fields": {"nom": "Cheque", "fixed_value": false}}, {"pk": 5, "model": "base.paiementtype", "fields": {"nom": "Espece", "fixed_value": false}}, {"pk": 6, "model": "base.paiementtype", "fields": {"nom": "Tic. Resto.", "fixed_value": true}}, {"pk": 1, "model": "base.facture", "fields": {"onsite": true, "vats": [1, 2], "paiements": [], "total_ttc": "0", "category_to_follow": 3, "produits": [13, 14, 15, 4, 5, 6, 1, 2, 3, 7, 8, 9, 10, 11, 12], "following": [], "couverts": 6, "restant_a_payer": "0", "table": 16, "saved_in_stats": false, "date_creation": "2014-01-02T20:46:02.731", "surcharge": true}}, {"pk": 2, "model": "base.facture", "fields": {"onsite": true, "vats": [3, 4], "paiements": [], "total_ttc": "0", "category_to_follow": 4, "produits": [31, 32, 33, 22, 23, 24, 19, 20, 21, 25, 26, 27, 28, 29, 30], "following": [1], "couverts": 2, "restant_a_payer": "0", "table": 26, "saved_in_stats": false, "date_creation": "2014-01-02T20:46:09.867", "surcharge": true}}, {"pk": 3, "model": "base.facture", "fields": {"onsite": true, "vats": [5, 6], "paiements": [], "total_ttc": "91.2", "category_to_follow": 3, "produits": [49, 50, 51, 40, 41, 42, 37, 38, 39, 43, 44, 45, 46, 47, 48], "following": [], "couverts": 12, "restant_a_payer": "91.2", "table": 12, "saved_in_stats": false, "date_creation": "2014-01-02T20:46:17.703", "surcharge": false}}, {"pk": 4, "model": "base.facture", "fields": {"onsite": true, "vats": [7, 8], "paiements": [], "total_ttc": "91.2", "category_to_follow": 4, "produits": [67, 68, 69, 58, 59, 60, 55, 56, 57, 61, 62, 63, 64, 65, 66], "following": [2], "couverts": 13, "restant_a_payer": "91.2", "table": 11, "saved_in_stats": false, "date_creation": "2014-01-02T20:46:22.482", "surcharge": false}}, {"pk": 5, "model": "base.facture", "fields": {"onsite": true, "vats": [9, 10], "paiements": [], "total_ttc": "0", "category_to_follow": 3, "produits": [85, 86, 87, 76, 77, 78, 73, 74, 75, 79, 80, 81, 82, 83, 84], "following": [], "couverts": 10, "restant_a_payer": "0", "table": 17, "saved_in_stats": false, "date_creation": "2014-01-02T20:46:27.957", "surcharge": true}}, {"pk": 6, "model": "base.facture", "fields": {"onsite": true, "vats": [11, 12], "paiements": [], "total_ttc": "0", "category_to_follow": 4, "produits": [103, 104, 105, 94, 95, 96, 91, 92, 93, 97, 98, 99, 100, 101, 102], "following": [3], "couverts": 2, "restant_a_payer": "0", "table": 16, "saved_in_stats": false, "date_creation": "2014-01-02T20:46:35.046", "surcharge": true}}, {"pk": 7, "model": "base.facture", "fields": {"onsite": true, "vats": [13, 14], "paiements": [], "total_ttc": "0", "category_to_follow": 3, "produits": [121, 122, 123, 112, 113, 114, 109, 110, 111, 115, 116, 117, 118, 119, 120], "following": [], "couverts": 15, "restant_a_payer": "0", "table": 16, "saved_in_stats": false, "date_creation": "2014-01-02T20:46:42.782", "surcharge": true}}, {"pk": 8, "model": "base.facture", "fields": {"onsite": true, "vats": [15, 16], "paiements": [], "total_ttc": "0", "category_to_follow": 4, "produits": [139, 140, 141, 130, 131, 132, 127, 128, 129, 133, 134, 135, 136, 137, 138], "following": [4], "couverts": 7, "restant_a_payer": "0", "table": 16, "saved_in_stats": false, "date_creation": "2014-01-02T20:46:49.771", "surcharge": true}}, {"pk": 9, "model": "base.facture", "fields": {"onsite": true, "vats": [17, 18], "paiements": [], "total_ttc": "0", "category_to_follow": 3, "produits": [157, 158, 159, 148, 149, 150, 145, 146, 147, 151, 152, 153, 154, 155, 156], "following": [], "couverts": 12, "restant_a_payer": "0", "table": 18, "saved_in_stats": false, "date_creation": "2014-01-02T20:46:57.479", "surcharge": true}}, {"pk": 10, "model": "base.facture", "fields": {"onsite": true, "vats": [19, 20], "paiements": [], "total_ttc": "0", "category_to_follow": 4, "produits": [175, 176, 177, 166, 167, 168, 163, 164, 165, 169, 170, 171, 172, 173, 174], "following": [5], "couverts": 4, "restant_a_payer": "0", "table": 23, "saved_in_stats": false, "date_creation": "2014-01-02T20:47:04.520", "surcharge": true}}, {"pk": 11, "model": "base.facture", "fields": {"onsite": true, "vats": [21, 22], "paiements": [], "total_ttc": "0", "category_to_follow": 3, "produits": [193, 194, 195, 184, 185, 186, 181, 182, 183, 187, 188, 189, 190, 191, 192], "following": [], "couverts": 2, "restant_a_payer": "0", "table": 17, "saved_in_stats": false, "date_creation": "2014-01-02T20:47:12.258", "surcharge": true}}, {"pk": 12, "model": "base.facture", "fields": {"onsite": true, "vats": [23, 24], "paiements": [], "total_ttc": "0", "category_to_follow": 4, "produits": [211, 212, 213, 202, 203, 204, 199, 200, 201, 205, 206, 207, 208, 209, 210], "following": [6], "couverts": 15, "restant_a_payer": "0", "table": 24, "saved_in_stats": false, "date_creation": "2014-01-02T20:47:19.314", "surcharge": true}}, {"pk": 13, "model": "base.facture", "fields": {"onsite": true, "vats": [25, 26], "paiements": [], "total_ttc": "91.2", "category_to_follow": 3, "produits": [229, 230, 231, 220, 221, 222, 217, 218, 219, 223, 224, 225, 226, 227, 228], "following": [], "couverts": 14, "restant_a_payer": "91.2", "table": 14, "saved_in_stats": false, "date_creation": "2014-01-02T20:47:27.093", "surcharge": false}}, {"pk": 14, "model": "base.facture", "fields": {"onsite": true, "vats": [27, 28], "paiements": [], "total_ttc": "0", "category_to_follow": 4, "produits": [247, 248, 249, 238, 239, 240, 235, 236, 237, 241, 242, 243, 244, 245, 246], "following": [7], "couverts": 10, "restant_a_payer": "0", "table": 16, "saved_in_stats": false, "date_creation": "2014-01-02T20:47:31.893", "surcharge": true}}, {"pk": 15, "model": "base.facture", "fields": {"onsite": true, "vats": [29, 30], "paiements": [], "total_ttc": "0", "category_to_follow": 3, "produits": [265, 266, 267, 256, 257, 258, 253, 254, 255, 259, 260, 261, 262, 263, 264], "following": [], "couverts": 3, "restant_a_payer": "0", "table": 21, "saved_in_stats": false, "date_creation": "2014-01-02T20:47:39.633", "surcharge": true}}, {"pk": 1, "model": "base.monthlystat", "fields": {"month": 1, "value": "100", "key": "total_ttc", "year": 2013}}, {"pk": 2, "model": "base.monthlystat", "fields": {"month": 1, "value": "40", "key": "bar_total_ttc", "year": 2013}}, {"pk": 3, "model": "base.monthlystat", "fields": {"month": 1, "value": "60", "key": "guests_total_ttc", "year": 2013}}, {"pk": 4, "model": "base.monthlystat", "fields": {"month": 1, "value": "228", "key": "nb_bills", "year": 2013}}, {"pk": 5, "model": "base.monthlystat", "fields": {"month": 1, "value": "221", "key": "guests_nb", "year": 2013}}, {"pk": 6, "model": "base.monthlystat", "fields": {"month": 1, "value": "213", "key": "guests_average", "year": 2013}}, {"pk": 7, "model": "base.monthlystat", "fields": {"month": 1, "value": "357", "key": "bar_nb", "year": 2013}}, {"pk": 8, "model": "base.monthlystat", "fields": {"month": 1, "value": "266", "key": "bar_average", "year": 2013}}, {"pk": 9, "model": "base.monthlystat", "fields": {"month": 2, "value": "200", "key": "total_ttc", "year": 2013}}, {"pk": 10, "model": "base.monthlystat", "fields": {"month": 2, "value": "80", "key": "bar_total_ttc", "year": 2013}}, {"pk": 11, "model": "base.monthlystat", "fields": {"month": 2, "value": "120", "key": "guests_total_ttc", "year": 2013}}, {"pk": 12, "model": "base.monthlystat", "fields": {"month": 2, "value": "323", "key": "nb_bills", "year": 2013}}, {"pk": 13, "model": "base.monthlystat", "fields": {"month": 2, "value": "207", "key": "guests_nb", "year": 2013}}, {"pk": 14, "model": "base.monthlystat", "fields": {"month": 2, "value": "127", "key": "guests_average", "year": 2013}}, {"pk": 15, "model": "base.monthlystat", "fields": {"month": 2, "value": "208", "key": "bar_nb", "year": 2013}}, {"pk": 16, "model": "base.monthlystat", "fields": {"month": 2, "value": "194", "key": "bar_average", "year": 2013}}, {"pk": 17, "model": "base.monthlystat", "fields": {"month": 3, "value": "300", "key": "total_ttc", "year": 2013}}, {"pk": 18, "model": "base.monthlystat", "fields": {"month": 3, "value": "120", "key": "bar_total_ttc", "year": 2013}}, {"pk": 19, "model": "base.monthlystat", "fields": {"month": 3, "value": "180", "key": "guests_total_ttc", "year": 2013}}, {"pk": 20, "model": "base.monthlystat", "fields": {"month": 3, "value": "101", "key": "nb_bills", "year": 2013}}, {"pk": 21, "model": "base.monthlystat", "fields": {"month": 3, "value": "466", "key": "guests_nb", "year": 2013}}, {"pk": 22, "model": "base.monthlystat", "fields": {"month": 3, "value": "489", "key": "guests_average", "year": 2013}}, {"pk": 23, "model": "base.monthlystat", "fields": {"month": 3, "value": "294", "key": "bar_nb", "year": 2013}}, {"pk": 24, "model": "base.monthlystat", "fields": {"month": 3, "value": "268", "key": "bar_average", "year": 2013}}, {"pk": 25, "model": "base.monthlystat", "fields": {"month": 4, "value": "400", "key": "total_ttc", "year": 2013}}, {"pk": 26, "model": "base.monthlystat", "fields": {"month": 4, "value": "160", "key": "bar_total_ttc", "year": 2013}}, {"pk": 27, "model": "base.monthlystat", "fields": {"month": 4, "value": "240", "key": "guests_total_ttc", "year": 2013}}, {"pk": 28, "model": "base.monthlystat", "fields": {"month": 4, "value": "459", "key": "nb_bills", "year": 2013}}, {"pk": 29, "model": "base.monthlystat", "fields": {"month": 4, "value": "233", "key": "guests_nb", "year": 2013}}, {"pk": 30, "model": "base.monthlystat", "fields": {"month": 4, "value": "90", "key": "guests_average", "year": 2013}}, {"pk": 31, "model": "base.monthlystat", "fields": {"month": 4, "value": "214", "key": "bar_nb", "year": 2013}}, {"pk": 32, "model": "base.monthlystat", "fields": {"month": 4, "value": "371", "key": "bar_average", "year": 2013}}, {"pk": 33, "model": "base.monthlystat", "fields": {"month": 5, "value": "500", "key": "total_ttc", "year": 2013}}, {"pk": 34, "model": "base.monthlystat", "fields": {"month": 5, "value": "200", "key": "bar_total_ttc", "year": 2013}}, {"pk": 35, "model": "base.monthlystat", "fields": {"month": 5, "value": "300", "key": "guests_total_ttc", "year": 2013}}, {"pk": 36, "model": "base.monthlystat", "fields": {"month": 5, "value": "123", "key": "nb_bills", "year": 2013}}, {"pk": 37, "model": "base.monthlystat", "fields": {"month": 5, "value": "412", "key": "guests_nb", "year": 2013}}, {"pk": 38, "model": "base.monthlystat", "fields": {"month": 5, "value": "214", "key": "guests_average", "year": 2013}}, {"pk": 39, "model": "base.monthlystat", "fields": {"month": 5, "value": "150", "key": "bar_nb", "year": 2013}}, {"pk": 40, "model": "base.monthlystat", "fields": {"month": 5, "value": "67", "key": "bar_average", "year": 2013}}, {"pk": 41, "model": "base.monthlystat", "fields": {"month": 6, "value": "600", "key": "total_ttc", "year": 2013}}, {"pk": 42, "model": "base.monthlystat", "fields": {"month": 6, "value": "240", "key": "bar_total_ttc", "year": 2013}}, {"pk": 43, "model": "base.monthlystat", "fields": {"month": 6, "value": "360", "key": "guests_total_ttc", "year": 2013}}, {"pk": 44, "model": "base.monthlystat", "fields": {"month": 6, "value": "436", "key": "nb_bills", "year": 2013}}, {"pk": 45, "model": "base.monthlystat", "fields": {"month": 6, "value": "98", "key": "guests_nb", "year": 2013}}, {"pk": 46, "model": "base.monthlystat", "fields": {"month": 6, "value": "151", "key": "guests_average", "year": 2013}}, {"pk": 47, "model": "base.monthlystat", "fields": {"month": 6, "value": "255", "key": "bar_nb", "year": 2013}}, {"pk": 48, "model": "base.monthlystat", "fields": {"month": 6, "value": "442", "key": "bar_average", "year": 2013}}, {"pk": 49, "model": "base.monthlystat", "fields": {"month": 7, "value": "700", "key": "total_ttc", "year": 2013}}, {"pk": 50, "model": "base.monthlystat", "fields": {"month": 7, "value": "280", "key": "bar_total_ttc", "year": 2013}}, {"pk": 51, "model": "base.monthlystat", "fields": {"month": 7, "value": "420", "key": "guests_total_ttc", "year": 2013}}, {"pk": 52, "model": "base.monthlystat", "fields": {"month": 7, "value": "264", "key": "nb_bills", "year": 2013}}, {"pk": 53, "model": "base.monthlystat", "fields": {"month": 7, "value": "94", "key": "guests_nb", "year": 2013}}, {"pk": 54, "model": "base.monthlystat", "fields": {"month": 7, "value": "278", "key": "guests_average", "year": 2013}}, {"pk": 55, "model": "base.monthlystat", "fields": {"month": 7, "value": "307", "key": "bar_nb", "year": 2013}}, {"pk": 56, "model": "base.monthlystat", "fields": {"month": 7, "value": "60", "key": "bar_average", "year": 2013}}, {"pk": 57, "model": "base.monthlystat", "fields": {"month": 8, "value": "800", "key": "total_ttc", "year": 2013}}, {"pk": 58, "model": "base.monthlystat", "fields": {"month": 8, "value": "320", "key": "bar_total_ttc", "year": 2013}}, {"pk": 59, "model": "base.monthlystat", "fields": {"month": 8, "value": "480", "key": "guests_total_ttc", "year": 2013}}, {"pk": 60, "model": "base.monthlystat", "fields": {"month": 8, "value": "338", "key": "nb_bills", "year": 2013}}, {"pk": 61, "model": "base.monthlystat", "fields": {"month": 8, "value": "381", "key": "guests_nb", "year": 2013}}, {"pk": 62, "model": "base.monthlystat", "fields": {"month": 8, "value": "411", "key": "guests_average", "year": 2013}}, {"pk": 63, "model": "base.monthlystat", "fields": {"month": 8, "value": "85", "key": "bar_nb", "year": 2013}}, {"pk": 64, "model": "base.monthlystat", "fields": {"month": 8, "value": "100", "key": "bar_average", "year": 2013}}, {"pk": 65, "model": "base.monthlystat", "fields": {"month": 9, "value": "900", "key": "total_ttc", "year": 2013}}, {"pk": 66, "model": "base.monthlystat", "fields": {"month": 9, "value": "360", "key": "bar_total_ttc", "year": 2013}}, {"pk": 67, "model": "base.monthlystat", "fields": {"month": 9, "value": "540", "key": "guests_total_ttc", "year": 2013}}, {"pk": 68, "model": "base.monthlystat", "fields": {"month": 9, "value": "66", "key": "nb_bills", "year": 2013}}, {"pk": 69, "model": "base.monthlystat", "fields": {"month": 9, "value": "58", "key": "guests_nb", "year": 2013}}, {"pk": 70, "model": "base.monthlystat", "fields": {"month": 9, "value": "208", "key": "guests_average", "year": 2013}}, {"pk": 71, "model": "base.monthlystat", "fields": {"month": 9, "value": "498", "key": "bar_nb", "year": 2013}}, {"pk": 72, "model": "base.monthlystat", "fields": {"month": 9, "value": "276", "key": "bar_average", "year": 2013}}, {"pk": 73, "model": "base.monthlystat", "fields": {"month": 10, "value": "1000", "key": "total_ttc", "year": 2013}}, {"pk": 74, "model": "base.monthlystat", "fields": {"month": 10, "value": "400", "key": "bar_total_ttc", "year": 2013}}, {"pk": 75, "model": "base.monthlystat", "fields": {"month": 10, "value": "600", "key": "guests_total_ttc", "year": 2013}}, {"pk": 76, "model": "base.monthlystat", "fields": {"month": 10, "value": "322", "key": "nb_bills", "year": 2013}}, {"pk": 77, "model": "base.monthlystat", "fields": {"month": 10, "value": "90", "key": "guests_nb", "year": 2013}}, {"pk": 78, "model": "base.monthlystat", "fields": {"month": 10, "value": "420", "key": "guests_average", "year": 2013}}, {"pk": 79, "model": "base.monthlystat", "fields": {"month": 10, "value": "447", "key": "bar_nb", "year": 2013}}, {"pk": 80, "model": "base.monthlystat", "fields": {"month": 10, "value": "97", "key": "bar_average", "year": 2013}}, {"pk": 81, "model": "base.monthlystat", "fields": {"month": 11, "value": "1100", "key": "total_ttc", "year": 2013}}, {"pk": 82, "model": "base.monthlystat", "fields": {"month": 11, "value": "440", "key": "bar_total_ttc", "year": 2013}}, {"pk": 83, "model": "base.monthlystat", "fields": {"month": 11, "value": "660", "key": "guests_total_ttc", "year": 2013}}, {"pk": 84, "model": "base.monthlystat", "fields": {"month": 11, "value": "139", "key": "nb_bills", "year": 2013}}, {"pk": 85, "model": "base.monthlystat", "fields": {"month": 11, "value": "370", "key": "guests_nb", "year": 2013}}, {"pk": 86, "model": "base.monthlystat", "fields": {"month": 11, "value": "431", "key": "guests_average", "year": 2013}}, {"pk": 87, "model": "base.monthlystat", "fields": {"month": 11, "value": "276", "key": "bar_nb", "year": 2013}}, {"pk": 88, "model": "base.monthlystat", "fields": {"month": 11, "value": "168", "key": "bar_average", "year": 2013}}, {"pk": 89, "model": "base.monthlystat", "fields": {"month": 12, "value": "1200", "key": "total_ttc", "year": 2013}}, {"pk": 90, "model": "base.monthlystat", "fields": {"month": 12, "value": "480", "key": "bar_total_ttc", "year": 2013}}, {"pk": 91, "model": "base.monthlystat", "fields": {"month": 12, "value": "720", "key": "guests_total_ttc", "year": 2013}}, {"pk": 92, "model": "base.monthlystat", "fields": {"month": 12, "value": "52", "key": "nb_bills", "year": 2013}}, {"pk": 93, "model": "base.monthlystat", "fields": {"month": 12, "value": "387", "key": "guests_nb", "year": 2013}}, {"pk": 94, "model": "base.monthlystat", "fields": {"month": 12, "value": "405", "key": "guests_average", "year": 2013}}, {"pk": 95, "model": "base.monthlystat", "fields": {"month": 12, "value": "465", "key": "bar_nb", "year": 2013}}, {"pk": 96, "model": "base.monthlystat", "fields": {"month": 12, "value": "129", "key": "bar_average", "year": 2013}}, {"pk": 1, "model": "base.dailystat", "fields": {"date": "2013-10-01", "value": "234", "key": "total_ttc"}}, {"pk": 1, "model": "base.zone", "fields": {"nom": "Bar", "surtaxe": false}}, {"pk": 2, "model": "base.zone", "fields": {"nom": "Rez de chaussee", "surtaxe": false}}, {"pk": 3, "model": "base.zone", "fields": {"nom": "Terrasse", "surtaxe": true}}, {"pk": 1, "model": "base.table", "fields": {"nom": "T--", "zone": 1}}, {"pk": 2, "model": "base.table", "fields": {"nom": "T01", "zone": 2}}, {"pk": 3, "model": "base.table", "fields": {"nom": "T02", "zone": 2}}, {"pk": 4, "model": "base.table", "fields": {"nom": "T03", "zone": 2}}, {"pk": 5, "model": "base.table", "fields": {"nom": "T04", "zone": 2}}, {"pk": 6, "model": "base.table", "fields": {"nom": "T05", "zone": 2}}, {"pk": 7, "model": "base.table", "fields": {"nom": "T06", "zone": 2}}, {"pk": 8, "model": "base.table", "fields": {"nom": "T07", "zone": 2}}, {"pk": 9, "model": "base.table", "fields": {"nom": "T08", "zone": 2}}, {"pk": 10, "model": "base.table", "fields": {"nom": "T09", "zone": 2}}, {"pk": 11, "model": "base.table", "fields": {"nom": "T10", "zone": 2}}, {"pk": 12, "model": "base.table", "fields": {"nom": "T11", "zone": 2}}, {"pk": 13, "model": "base.table", "fields": {"nom": "T12", "zone": 2}}, {"pk": 14, "model": "base.table", "fields": {"nom": "T13", "zone": 2}}, {"pk": 15, "model": "base.table", "fields": {"nom": "T14", "zone": 2}}, {"pk": 16, "model": "base.table", "fields": {"nom": "T15", "zone": 3}}, {"pk": 17, "model": "base.table", "fields": {"nom": "T16", "zone": 3}}, {"pk": 18, "model": "base.table", "fields": {"nom": "T17", "zone": 3}}, {"pk": 19, "model": "base.table", "fields": {"nom": "T18", "zone": 3}}, {"pk": 20, "model": "base.table", "fields": {"nom": "T19", "zone": 3}}, {"pk": 21, "model": "base.table", "fields": {"nom": "T20", "zone": 3}}, {"pk": 22, "model": "base.table", "fields": {"nom": "T21", "zone": 3}}, {"pk": 23, "model": "base.table", "fields": {"nom": "T22", "zone": 3}}, {"pk": 24, "model": "base.table", "fields": {"nom": "T23", "zone": 3}}, {"pk": 25, "model": "base.table", "fields": {"nom": "T24", "zone": 3}}, {"pk": 26, "model": "base.table", "fields": {"nom": "T25", "zone": 3}}, {"pk": 1, "model": "base.vatonbill", "fields": {"total": "0", "vat": 2}}, {"pk": 2, "model": "base.vatonbill", "fields": {"total": "0", "vat": 1}}, {"pk": 3, "model": "base.vatonbill", "fields": {"total": "0", "vat": 2}}, {"pk": 4, "model": "base.vatonbill", "fields": {"total": "0", "vat": 1}}, {"pk": 5, "model": "base.vatonbill", "fields": {"total": "0", "vat": 2}}, {"pk": 6, "model": "base.vatonbill", "fields": {"total": "0", "vat": 1}}, {"pk": 7, "model": "base.vatonbill", "fields": {"total": "0", "vat": 2}}, {"pk": 8, "model": "base.vatonbill", "fields": {"total": "0", "vat": 1}}, {"pk": 9, "model": "base.vatonbill", "fields": {"total": "0", "vat": 2}}, {"pk": 10, "model": "base.vatonbill", "fields": {"total": "0", "vat": 1}}, {"pk": 11, "model": "base.vatonbill", "fields": {"total": "0", "vat": 2}}, {"pk": 12, "model": "base.vatonbill", "fields": {"total": "0", "vat": 1}}, {"pk": 13, "model": "base.vatonbill", "fields": {"total": "0", "vat": 2}}, {"pk": 14, "model": "base.vatonbill", "fields": {"total": "0", "vat": 1}}, {"pk": 15, "model": "base.vatonbill", "fields": {"total": "0", "vat": 2}}, {"pk": 16, "model": "base.vatonbill", "fields": {"total": "0", "vat": 1}}, {"pk": 17, "model": "base.vatonbill", "fields": {"total": "0", "vat": 2}}, {"pk": 18, "model": "base.vatonbill", "fields": {"total": "0", "vat": 1}}, {"pk": 19, "model": "base.vatonbill", "fields": {"total": "0", "vat": 2}}, {"pk": 20, "model": "base.vatonbill", "fields": {"total": "0", "vat": 1}}, {"pk": 21, "model": "base.vatonbill", "fields": {"total": "0", "vat": 2}}, {"pk": 22, "model": "base.vatonbill", "fields": {"total": "0", "vat": 1}}, {"pk": 23, "model": "base.vatonbill", "fields": {"total": "0", "vat": 2}}, {"pk": 24, "model": "base.vatonbill", "fields": {"total": "0", "vat": 1}}, {"pk": 25, "model": "base.vatonbill", "fields": {"total": "0", "vat": 2}}, {"pk": 26, "model": "base.vatonbill", "fields": {"total": "0", "vat": 1}}, {"pk": 27, "model": "base.vatonbill", "fields": {"total": "0", "vat": 2}}, {"pk": 28, "model": "base.vatonbill", "fields": {"total": "0", "vat": 1}}, {"pk": 29, "model": "base.vatonbill", "fields": {"total": "0", "vat": 2}}, {"pk": 30, "model": "base.vatonbill", "fields": {"total": "0", "vat": 1}}]