[{"pk": 1, "model": "south.migrationhistory", "fields": {"applied": "2013-12-04T12:41:15.247Z", "app_name": "base", "migration": "0001_initial"}}, {"pk": 2, "model": "south.migrationhistory", "fields": {"applied": "2013-12-04T12:41:15.504Z", "app_name": "base", "migration": "0002_auto__add_vat__add_field_categorie_vat_onsite__add_field_categorie_vat"}}, {"pk": 3, "model": "south.migrationhistory", "fields": {"applied": "2013-12-04T12:41:15.621Z", "app_name": "base", "migration": "0003_auto__del_field_categorie_alcool"}}, {"pk": 4, "model": "south.migrationhistory", "fields": {"applied": "2013-12-04T12:41:15.740Z", "app_name": "base", "migration": "0004_auto__add_field_vat_value"}}, {"pk": 5, "model": "south.migrationhistory", "fields": {"applied": "2013-12-04T12:41:15.851Z", "app_name": "base", "migration": "0005_auto__chg_field_vat_value"}}, {"pk": 6, "model": "south.migrationhistory", "fields": {"applied": "2013-12-04T12:41:15.970Z", "app_name": "base", "migration": "0006_auto__chg_field_vat_value"}}, {"pk": 7, "model": "south.migrationhistory", "fields": {"applied": "2013-12-04T12:41:16.090Z", "app_name": "base", "migration": "0007_auto__add_field_facture_onsite"}}, {"pk": 8, "model": "south.migrationhistory", "fields": {"applied": "2013-12-04T12:41:16.252Z", "app_name": "base", "migration": "0008_auto__del_field_paiementtype_priorite__del_field_paiementtype_nom_fact"}}, {"pk": 9, "model": "south.migrationhistory", "fields": {"applied": "2013-12-04T12:41:16.526Z", "app_name": "base", "migration": "0009_auto__add_vatonbill__add_field_facture_total_ttc"}}, {"pk": 10, "model": "south.migrationhistory", "fields": {"applied": "2013-12-04T12:41:16.585Z", "app_name": "base", "migration": "0010_facture_total_ttc"}}, {"pk": 11, "model": "south.migrationhistory", "fields": {"applied": "2013-12-04T12:41:16.734Z", "app_name": "base", "migration": "0011_auto__del_field_facture_montant_alcool__del_field_facture_montant_norm"}}, {"pk": 12, "model": "south.migrationhistory", "fields": {"applied": "2013-12-04T12:41:16.854Z", "app_name": "base", "migration": "0012_auto__add_field_cuisson_nom_facture"}}, {"pk": 13, "model": "south.migrationhistory", "fields": {"applied": "2013-12-04T12:41:16.943Z", "app_name": "base", "migration": "0013_auto__add_printer"}}, {"pk": 14, "model": "south.migrationhistory", "fields": {"applied": "2013-12-04T12:41:17.096Z", "app_name": "base", "migration": "0014_auto__add_field_printer_width"}}, {"pk": 15, "model": "south.migrationhistory", "fields": {"applied": "2013-12-04T12:41:17.222Z", "app_name": "base", "migration": "0015_auto__add_field_categorie_made_in_kitchen"}}, {"pk": 16, "model": "south.migrationhistory", "fields": {"applied": "2013-12-04T12:41:17.370Z", "app_name": "base", "migration": "0016_auto__add_field_produitvendu_made_with__add_field_produitvendu_sent"}}, {"pk": 17, "model": "south.migrationhistory", "fields": {"applied": "2013-12-04T12:41:17.546Z", "app_name": "base", "migration": "0017_auto__chg_field_produitvendu_made_with"}}, {"pk": 18, "model": "south.migrationhistory", "fields": {"applied": "2013-12-04T12:41:17.776Z", "app_name": "base", "migration": "0018_auto__del_field_suivi_etat__add_field_suivi_category"}}, {"pk": 19, "model": "south.migrationhistory", "fields": {"applied": "2013-12-04T12:41:17.907Z", "app_name": "base", "migration": "0019_auto__add_field_produit_vat_onsite__add_field_produit_vat_takeaway"}}, {"pk": 20, "model": "south.migrationhistory", "fields": {"applied": "2013-12-04T12:41:17.987Z", "app_name": "base", "migration": "0020_auto"}}, {"pk": 21, "model": "south.migrationhistory", "fields": {"applied": "2013-12-04T12:41:18.620Z", "app_name": "base", "migration": "0021_auto__del_etat__del_couleur__del_field_categorie_couleur__add_field_ca"}}, {"pk": 22, "model": "south.migrationhistory", "fields": {"applied": "2013-12-04T12:41:18.734Z", "app_name": "base", "migration": "0022_auto__add_field_facture_overcharge"}}, {"pk": 23, "model": "south.migrationhistory", "fields": {"applied": "2013-12-04T12:41:19.113Z", "app_name": "base", "migration": "0023_auto__del_suivi__add_follow__add_field_facture_following__add_field_fa"}}, {"pk": 24, "model": "south.migrationhistory", "fields": {"applied": "2013-12-04T12:41:19.312Z", "app_name": "base", "migration": "0024_auto__del_field_facture_following"}}, {"pk": 25, "model": "south.migrationhistory", "fields": {"applied": "2013-12-04T12:41:19.504Z", "app_name": "base", "migration": "0025_auto__chg_field_facture_category_to_follow"}}, {"pk": 26, "model": "south.migrationhistory", "fields": {"applied": "2013-12-04T12:41:19.578Z", "app_name": "base", "migration": "0026_auto__add_config"}}, {"pk": 27, "model": "south.migrationhistory", "fields": {"applied": "2013-12-04T12:41:19.789Z", "app_name": "base", "migration": "0027_auto__del_statsjourcategorie__del_statsjourgeneral__del_statsjourprodu"}}, {"pk": 28, "model": "south.migrationhistory", "fields": {"applied": "2013-12-04T12:41:19.896Z", "app_name": "base", "migration": "0028_auto__del_logtype__del_log"}}, {"pk": 29, "model": "south.migrationhistory", "fields": {"applied": "2013-12-04T12:41:20.404Z", "app_name": "django_extensions", "migration": "0001_empty"}}, {"pk": 30, "model": "south.migrationhistory", "fields": {"applied": "2013-12-05T16:44:07.027Z", "app_name": "base", "migration": "0029_auto__add_field_produit_price_surcharged__add_field_produit_vat_surcha"}}, {"pk": 31, "model": "south.migrationhistory", "fields": {"applied": "2013-12-06T10:15:25.816Z", "app_name": "base", "migration": "0030_auto__del_field_facture_overcharge__add_field_facture_surcharge"}}, {"pk": 1, "model": "auth.user", "fields": {"username": "demo", "first_name": "first name", "last_name": "last name", "is_active": true, "is_superuser": false, "is_staff": false, "last_login": "2013-12-07T09:22:40.821Z", "groups": [], "user_permissions": [58, 59, 60, 61, 62, 63, 64, 65, 66], "password": "pbkdf2_sha256$10000$AQBZq73iawk2$cTZwIugK1r18TNv+7sffPgMBT26b9h1NIhQDysj/tMc=", "email": "demo@possum-software.org", "date_joined": "2013-12-07T09:20:23.003Z"}}, {"pk": "0vj8pxlbov43h1fy4g1ihouwdtqmoggo", "model": "sessions.session", "fields": {"expire_date": "2013-12-19T14:36:49.456Z", "session_data": "ZmI4MmNjNGEyZTQwN2E1ODBlYjAwMTViMjI0N2ZmMWRlN2UyNGY4ZTqAAn1xAShVEl9hdXRoX3VzZXJfYmFja2VuZHECVSlkamFuZ28uY29udHJpYi5hdXRoLmJhY2tlbmRzLk1vZGVsQmFja2VuZHEDVQ1fYXV0aF91c2VyX2lkcQRLAXUu"}}, {"pk": "gaswjt7q3tqx50a9319cy31angvizh3j", "model": "sessions.session", "fields": {"expire_date": "2013-12-21T09:22:40.854Z", "session_data": "ZmI4MmNjNGEyZTQwN2E1ODBlYjAwMTViMjI0N2ZmMWRlN2UyNGY4ZTqAAn1xAShVEl9hdXRoX3VzZXJfYmFja2VuZHECVSlkamFuZ28uY29udHJpYi5hdXRoLmJhY2tlbmRzLk1vZGVsQmFja2VuZHEDVQ1fYXV0aF91c2VyX2lkcQRLAXUu"}}, {"pk": "t3d4g2d1n8vhvkde7lvub1f74si85x9x", "model": "sessions.session", "fields": {"expire_date": "2013-12-20T15:29:20.503Z", "session_data": "ZmI4MmNjNGEyZTQwN2E1ODBlYjAwMTViMjI0N2ZmMWRlN2UyNGY4ZTqAAn1xAShVEl9hdXRoX3VzZXJfYmFja2VuZHECVSlkamFuZ28uY29udHJpYi5hdXRoLmJhY2tlbmRzLk1vZGVsQmFja2VuZHEDVQ1fYXV0aF91c2VyX2lkcQRLAXUu"}}, {"pk": 1, "model": "base.vat", "fields": {"tax": "19.6", "name": "alcool", "value": "0.196"}}, {"pk": 2, "model": "base.vat", "fields": {"tax": "7", "name": "sur place", "value": "0.07"}}, {"pk": 3, "model": "base.vat", "fields": {"tax": "5", "name": "\u00e0 emporter", "value": "0.05"}}, {"pk": 1, "model": "base.categorie", "fields": {"nom": "Jus", "disable_surtaxe": false, "color": "#44b3dc", "vat_takeaway": 3, "priorite": 25, "vat_onsite": 2, "made_in_kitchen": false, "surtaxable": false}}, {"pk": 2, "model": "base.categorie", "fields": {"nom": "Bieres", "disable_surtaxe": false, "color": "#ea97b5", "vat_takeaway": 1, "priorite": 2, "vat_onsite": 1, "made_in_kitchen": false, "surtaxable": false}}, {"pk": 3, "model": "base.categorie", "fields": {"nom": "Entrees", "disable_surtaxe": false, "color": "#ff9f00", "vat_takeaway": 3, "priorite": 5, "vat_onsite": 2, "made_in_kitchen": true, "surtaxable": false}}, {"pk": 4, "model": "base.categorie", "fields": {"nom": "Plat", "disable_surtaxe": false, "color": "#c9a100", "vat_takeaway": 3, "priorite": 10, "vat_onsite": 2, "made_in_kitchen": true, "surtaxable": false}}, {"pk": 5, "model": "base.categorie", "fields": {"nom": "Menu", "disable_surtaxe": false, "color": "#88f027", "vat_takeaway": 3, "priorite": 22, "vat_onsite": 2, "made_in_kitchen": false, "surtaxable": false}}, {"pk": 1, "model": "base.config", "fields": {"value": "5", "key": "payment_for_refunds"}}, {"pk": 2, "model": "base.config", "fields": {"value": "0.20", "key": "price_surcharge"}}, {"pk": 1, "model": "base.cuisson", "fields": {"nom_facture": "B", "nom": "bleu", "priorite": 10, "color": "#8CC6D7"}}, {"pk": 2, "model": "base.cuisson", "fields": {"nom_facture": "S", "nom": "saignant", "priorite": 15, "color": "#DB0B32"}}, {"pk": 3, "model": "base.cuisson", "fields": {"nom_facture": "AP", "nom": "\u00e0 point", "priorite": 20, "color": "#C44C51"}}, {"pk": 4, "model": "base.cuisson", "fields": {"nom_facture": "BC", "nom": "bien cuit", "priorite": 25, "color": "#B78178"}}, {"pk": 1, "model": "base.produit", "fields": {"nom": "abricot", "categories_ok": [], "choix_sauce": false, "choix_accompagnement": false, "choix_cuisson": false, "vat_takeaway": "0.13", "vat_surcharged": "0.18", "prix": "2.8", "price_surcharged": "2.8", "vat_onsite": "0.18", "nom_facture": "jus abricot", "categorie": 1, "actif": true, "produits_ok": []}}, {"pk": 2, "model": "base.produit", "fields": {"nom": "pomme", "categories_ok": [], "choix_sauce": false, "choix_accompagnement": false, "choix_cuisson": false, "vat_takeaway": "0.13", "vat_surcharged": "0.18", "prix": "2.8", "price_surcharged": "2.8", "vat_onsite": "0.18", "nom_facture": "jus pomme", "categorie": 1, "actif": true, "produits_ok": []}}, {"pk": 3, "model": "base.produit", "fields": {"nom": "biere 50cl", "categories_ok": [], "choix_sauce": false, "choix_accompagnement": false, "choix_cuisson": false, "vat_takeaway": "0.46", "vat_surcharged": "0.46", "prix": "2.8", "price_surcharged": "2.8", "vat_onsite": "0.46", "nom_facture": "biere", "categorie": 2, "actif": true, "produits_ok": []}}, {"pk": 4, "model": "base.produit", "fields": {"nom": "salade normande", "categories_ok": [], "choix_sauce": false, "choix_accompagnement": false, "choix_cuisson": false, "vat_takeaway": "0.16", "vat_surcharged": "0.22", "prix": "3.4", "price_surcharged": "3.4", "vat_onsite": "0.22", "nom_facture": "salade", "categorie": 3, "actif": true, "produits_ok": [8]}}, {"pk": 5, "model": "base.produit", "fields": {"nom": "buffet", "categories_ok": [], "choix_sauce": false, "choix_accompagnement": false, "choix_cuisson": false, "vat_takeaway": "0.3", "vat_surcharged": "0.42", "prix": "6.4", "price_surcharged": "6.4", "vat_onsite": "0.42", "nom_facture": "buffet", "categorie": 3, "actif": true, "produits_ok": []}}, {"pk": 6, "model": "base.produit", "fields": {"nom": "entrecote", "categories_ok": [], "choix_sauce": false, "choix_accompagnement": false, "choix_cuisson": true, "vat_takeaway": "0.4", "vat_surcharged": "0.55", "prix": "8.4", "price_surcharged": "8.4", "vat_onsite": "0.55", "nom_facture": "entrecote", "categorie": 4, "actif": true, "produits_ok": [8]}}, {"pk": 7, "model": "base.produit", "fields": {"nom": "pav\u00e9 de saumon", "categories_ok": [], "choix_sauce": false, "choix_accompagnement": false, "choix_cuisson": false, "vat_takeaway": "0.45", "vat_surcharged": "0.61", "prix": "9.4", "price_surcharged": "9.4", "vat_onsite": "0.61", "nom_facture": "pave de saumon", "categorie": 4, "actif": true, "produits_ok": [8]}}, {"pk": 8, "model": "base.produit", "fields": {"nom": "Entree/Plat", "categories_ok": [3, 4], "choix_sauce": false, "choix_accompagnement": false, "choix_cuisson": false, "vat_takeaway": "0.64", "vat_surcharged": "0.88", "prix": "13.4", "price_surcharged": "13.4", "vat_onsite": "0.88", "nom_facture": "menu express", "categorie": 5, "actif": true, "produits_ok": [4, 6, 7]}}, {"pk": 1, "model": "base.produitvendu", "fields": {"produit": 4, "contient": [], "prix": "3.4", "made_with": 3, "accompagnement": null, "date": "2013-12-07T09:20:26.960Z", "sauce": null, "sent": false, "cuisson": null}}, {"pk": 2, "model": "base.produitvendu", "fields": {"produit": 4, "contient": [], "prix": "3.4", "made_with": 3, "accompagnement": null, "date": "2013-12-07T09:20:27.238Z", "sauce": null, "sent": false, "cuisson": null}}, {"pk": 3, "model": "base.produitvendu", "fields": {"produit": 4, "contient": [], "prix": "3.4", "made_with": 3, "accompagnement": null, "date": "2013-12-07T09:20:27.447Z", "sauce": null, "sent": false, "cuisson": null}}, {"pk": 4, "model": "base.produitvendu", "fields": {"produit": 5, "contient": [], "prix": "6.4", "made_with": 3, "accompagnement": null, "date": "2013-12-07T09:20:27.658Z", "sauce": null, "sent": false, "cuisson": null}}, {"pk": 5, "model": "base.produitvendu", "fields": {"produit": 5, "contient": [], "prix": "6.4", "made_with": 3, "accompagnement": null, "date": "2013-12-07T09:20:27.854Z", "sauce": null, "sent": false, "cuisson": null}}, {"pk": 6, "model": "base.produitvendu", "fields": {"produit": 5, "contient": [], "prix": "6.4", "made_with": 3, "accompagnement": null, "date": "2013-12-07T09:20:28.039Z", "sauce": null, "sent": false, "cuisson": null}}, {"pk": 7, "model": "base.produitvendu", "fields": {"produit": 6, "contient": [], "prix": "8.4", "made_with": 4, "accompagnement": null, "date": "2013-12-07T09:20:28.241Z", "sauce": null, "sent": false, "cuisson": null}}, {"pk": 8, "model": "base.produitvendu", "fields": {"produit": 6, "contient": [], "prix": "8.4", "made_with": 4, "accompagnement": null, "date": "2013-12-07T09:20:28.451Z", "sauce": null, "sent": false, "cuisson": null}}, {"pk": 9, "model": "base.produitvendu", "fields": {"produit": 6, "contient": [], "prix": "8.4", "made_with": 4, "accompagnement": null, "date": "2013-12-07T09:20:28.619Z", "sauce": null, "sent": false, "cuisson": null}}, {"pk": 10, "model": "base.produitvendu", "fields": {"produit": 7, "contient": [], "prix": "9.4", "made_with": 4, "accompagnement": null, "date": "2013-12-07T09:20:28.848Z", "sauce": null, "sent": false, "cuisson": null}}, {"pk": 11, "model": "base.produitvendu", "fields": {"produit": 7, "contient": [], "prix": "9.4", "made_with": 4, "accompagnement": null, "date": "2013-12-07T09:20:29.103Z", "sauce": null, "sent": false, "cuisson": null}}, {"pk": 12, "model": "base.produitvendu", "fields": {"produit": 7, "contient": [], "prix": "9.4", "made_with": 4, "accompagnement": null, "date": "2013-12-07T09:20:29.353Z", "sauce": null, "sent": false, "cuisson": null}}, {"pk": 13, "model": "base.produitvendu", "fields": {"produit": 3, "contient": [], "prix": "2.8", "made_with": 2, "accompagnement": null, "date": "2013-12-07T09:20:29.587Z", "sauce": null, "sent": false, "cuisson": null}}, {"pk": 14, "model": "base.produitvendu", "fields": {"produit": 3, "contient": [], "prix": "2.8", "made_with": 2, "accompagnement": null, "date": "2013-12-07T09:20:29.821Z", "sauce": null, "sent": false, "cuisson": null}}, {"pk": 15, "model": "base.produitvendu", "fields": {"produit": 3, "contient": [], "prix": "2.8", "made_with": 2, "accompagnement": null, "date": "2013-12-07T09:20:30.084Z", "sauce": null, "sent": false, "cuisson": null}}, {"pk": 16, "model": "base.produitvendu", "fields": {"produit": 8, "contient": [17, 18], "prix": "0", "made_with": null, "accompagnement": null, "date": "2013-12-07T09:20:30.331Z", "sauce": null, "sent": false, "cuisson": null}}, {"pk": 17, "model": "base.produitvendu", "fields": {"produit": 4, "contient": [16], "prix": "0", "made_with": null, "accompagnement": null, "date": "2013-12-07T09:20:30.345Z", "sauce": null, "sent": false, "cuisson": null}}, {"pk": 18, "model": "base.produitvendu", "fields": {"produit": 7, "contient": [16], "prix": "0", "made_with": null, "accompagnement": null, "date": "2013-12-07T09:20:30.390Z", "sauce": null, "sent": false, "cuisson": null}}, {"pk": 19, "model": "base.produitvendu", "fields": {"produit": 4, "contient": [], "prix": "3.4", "made_with": 3, "accompagnement": null, "date": "2013-12-07T09:20:30.493Z", "sauce": null, "sent": true, "cuisson": null}}, {"pk": 20, "model": "base.produitvendu", "fields": {"produit": 4, "contient": [], "prix": "3.4", "made_with": 3, "accompagnement": null, "date": "2013-12-07T09:20:30.827Z", "sauce": null, "sent": true, "cuisson": null}}, {"pk": 21, "model": "base.produitvendu", "fields": {"produit": 4, "contient": [], "prix": "3.4", "made_with": 3, "accompagnement": null, "date": "2013-12-07T09:20:30.984Z", "sauce": null, "sent": true, "cuisson": null}}, {"pk": 22, "model": "base.produitvendu", "fields": {"produit": 5, "contient": [], "prix": "6.4", "made_with": 3, "accompagnement": null, "date": "2013-12-07T09:20:31.202Z", "sauce": null, "sent": true, "cuisson": null}}, {"pk": 23, "model": "base.produitvendu", "fields": {"produit": 5, "contient": [], "prix": "6.4", "made_with": 3, "accompagnement": null, "date": "2013-12-07T09:20:31.392Z", "sauce": null, "sent": true, "cuisson": null}}, {"pk": 24, "model": "base.produitvendu", "fields": {"produit": 5, "contient": [], "prix": "6.4", "made_with": 3, "accompagnement": null, "date": "2013-12-07T09:20:31.600Z", "sauce": null, "sent": true, "cuisson": null}}, {"pk": 25, "model": "base.produitvendu", "fields": {"produit": 6, "contient": [], "prix": "8.4", "made_with": 4, "accompagnement": null, "date": "2013-12-07T09:20:31.798Z", "sauce": null, "sent": false, "cuisson": null}}, {"pk": 26, "model": "base.produitvendu", "fields": {"produit": 6, "contient": [], "prix": "8.4", "made_with": 4, "accompagnement": null, "date": "2013-12-07T09:20:32.022Z", "sauce": null, "sent": false, "cuisson": null}}, {"pk": 27, "model": "base.produitvendu", "fields": {"produit": 6, "contient": [], "prix": "8.4", "made_with": 4, "accompagnement": null, "date": "2013-12-07T09:20:32.243Z", "sauce": null, "sent": false, "cuisson": null}}, {"pk": 28, "model": "base.produitvendu", "fields": {"produit": 7, "contient": [], "prix": "9.4", "made_with": 4, "accompagnement": null, "date": "2013-12-07T09:20:32.429Z", "sauce": null, "sent": false, "cuisson": null}}, {"pk": 29, "model": "base.produitvendu", "fields": {"produit": 7, "contient": [], "prix": "9.4", "made_with": 4, "accompagnement": null, "date": "2013-12-07T09:20:32.689Z", "sauce": null, "sent": false, "cuisson": null}}, {"pk": 30, "model": "base.produitvendu", "fields": {"produit": 7, "contient": [], "prix": "9.4", "made_with": 4, "accompagnement": null, "date": "2013-12-07T09:20:32.893Z", "sauce": null, "sent": false, "cuisson": null}}, {"pk": 31, "model": "base.produitvendu", "fields": {"produit": 3, "contient": [], "prix": "2.8", "made_with": 2, "accompagnement": null, "date": "2013-12-07T09:20:33.099Z", "sauce": null, "sent": false, "cuisson": null}}, {"pk": 32, "model": "base.produitvendu", "fields": {"produit": 3, "contient": [], "prix": "2.8", "made_with": 2, "accompagnement": null, "date": "2013-12-07T09:20:33.424Z", "sauce": null, "sent": false, "cuisson": null}}, {"pk": 33, "model": "base.produitvendu", "fields": {"produit": 3, "contient": [], "prix": "2.8", "made_with": 2, "accompagnement": null, "date": "2013-12-07T09:20:33.613Z", "sauce": null, "sent": false, "cuisson": null}}, {"pk": 34, "model": "base.produitvendu", "fields": {"produit": 8, "contient": [35, 36], "prix": "0", "made_with": null, "accompagnement": null, "date": "2013-12-07T09:20:33.886Z", "sauce": null, "sent": false, "cuisson": null}}, {"pk": 35, "model": "base.produitvendu", "fields": {"produit": 4, "contient": [34], "prix": "0", "made_with": null, "accompagnement": null, "date": "2013-12-07T09:20:33.915Z", "sauce": null, "sent": false, "cuisson": null}}, {"pk": 36, "model": "base.produitvendu", "fields": {"produit": 7, "contient": [34], "prix": "0", "made_with": null, "accompagnement": null, "date": "2013-12-07T09:20:33.988Z", "sauce": null, "sent": false, "cuisson": null}}, {"pk": 37, "model": "base.produitvendu", "fields": {"produit": 4, "contient": [], "prix": "3.4", "made_with": 3, "accompagnement": null, "date": "2013-12-07T09:20:34.592Z", "sauce": null, "sent": false, "cuisson": null}}, {"pk": 38, "model": "base.produitvendu", "fields": {"produit": 4, "contient": [], "prix": "3.4", "made_with": 3, "accompagnement": null, "date": "2013-12-07T09:20:34.820Z", "sauce": null, "sent": false, "cuisson": null}}, {"pk": 39, "model": "base.produitvendu", "fields": {"produit": 4, "contient": [], "prix": "3.4", "made_with": 3, "accompagnement": null, "date": "2013-12-07T09:20:35.004Z", "sauce": null, "sent": false, "cuisson": null}}, {"pk": 40, "model": "base.produitvendu", "fields": {"produit": 5, "contient": [], "prix": "6.4", "made_with": 3, "accompagnement": null, "date": "2013-12-07T09:20:35.203Z", "sauce": null, "sent": false, "cuisson": null}}, {"pk": 41, "model": "base.produitvendu", "fields": {"produit": 5, "contient": [], "prix": "6.4", "made_with": 3, "accompagnement": null, "date": "2013-12-07T09:20:35.412Z", "sauce": null, "sent": false, "cuisson": null}}, {"pk": 42, "model": "base.produitvendu", "fields": {"produit": 5, "contient": [], "prix": "6.4", "made_with": 3, "accompagnement": null, "date": "2013-12-07T09:20:35.576Z", "sauce": null, "sent": false, "cuisson": null}}, {"pk": 43, "model": "base.produitvendu", "fields": {"produit": 6, "contient": [], "prix": "8.4", "made_with": 4, "accompagnement": null, "date": "2013-12-07T09:20:35.813Z", "sauce": null, "sent": false, "cuisson": null}}, {"pk": 44, "model": "base.produitvendu", "fields": {"produit": 6, "contient": [], "prix": "8.4", "made_with": 4, "accompagnement": null, "date": "2013-12-07T09:20:36.013Z", "sauce": null, "sent": false, "cuisson": null}}, {"pk": 45, "model": "base.produitvendu", "fields": {"produit": 6, "contient": [], "prix": "8.4", "made_with": 4, "accompagnement": null, "date": "2013-12-07T09:20:36.184Z", "sauce": null, "sent": false, "cuisson": null}}, {"pk": 46, "model": "base.produitvendu", "fields": {"produit": 7, "contient": [], "prix": "9.4", "made_with": 4, "accompagnement": null, "date": "2013-12-07T09:20:36.451Z", "sauce": null, "sent": false, "cuisson": null}}, {"pk": 47, "model": "base.produitvendu", "fields": {"produit": 7, "contient": [], "prix": "9.4", "made_with": 4, "accompagnement": null, "date": "2013-12-07T09:20:36.631Z", "sauce": null, "sent": false, "cuisson": null}}, {"pk": 48, "model": "base.produitvendu", "fields": {"produit": 7, "contient": [], "prix": "9.4", "made_with": 4, "accompagnement": null, "date": "2013-12-07T09:20:36.844Z", "sauce": null, "sent": false, "cuisson": null}}, {"pk": 49, "model": "base.produitvendu", "fields": {"produit": 3, "contient": [], "prix": "2.8", "made_with": 2, "accompagnement": null, "date": "2013-12-07T09:20:37.101Z", "sauce": null, "sent": false, "cuisson": null}}, {"pk": 50, "model": "base.produitvendu", "fields": {"produit": 3, "contient": [], "prix": "2.8", "made_with": 2, "accompagnement": null, "date": "2013-12-07T09:20:37.344Z", "sauce": null, "sent": false, "cuisson": null}}, {"pk": 51, "model": "base.produitvendu", "fields": {"produit": 3, "contient": [], "prix": "2.8", "made_with": 2, "accompagnement": null, "date": "2013-12-07T09:20:37.615Z", "sauce": null, "sent": false, "cuisson": null}}, {"pk": 52, "model": "base.produitvendu", "fields": {"produit": 8, "contient": [53, 54], "prix": "0", "made_with": null, "accompagnement": null, "date": "2013-12-07T09:20:37.848Z", "sauce": null, "sent": false, "cuisson": null}}, {"pk": 53, "model": "base.produitvendu", "fields": {"produit": 4, "contient": [52], "prix": "0", "made_with": null, "accompagnement": null, "date": "2013-12-07T09:20:37.866Z", "sauce": null, "sent": false, "cuisson": null}}, {"pk": 54, "model": "base.produitvendu", "fields": {"produit": 7, "contient": [52], "prix": "0", "made_with": null, "accompagnement": null, "date": "2013-12-07T09:20:37.930Z", "sauce": null, "sent": false, "cuisson": null}}, {"pk": 55, "model": "base.produitvendu", "fields": {"produit": 4, "contient": [], "prix": "3.4", "made_with": 3, "accompagnement": null, "date": "2013-12-07T09:20:38.052Z", "sauce": null, "sent": true, "cuisson": null}}, {"pk": 56, "model": "base.produitvendu", "fields": {"produit": 4, "contient": [], "prix": "3.4", "made_with": 3, "accompagnement": null, "date": "2013-12-07T09:20:38.341Z", "sauce": null, "sent": true, "cuisson": null}}, {"pk": 57, "model": "base.produitvendu", "fields": {"produit": 4, "contient": [], "prix": "3.4", "made_with": 3, "accompagnement": null, "date": "2013-12-07T09:20:38.552Z", "sauce": null, "sent": true, "cuisson": null}}, {"pk": 58, "model": "base.produitvendu", "fields": {"produit": 5, "contient": [], "prix": "6.4", "made_with": 3, "accompagnement": null, "date": "2013-12-07T09:20:38.725Z", "sauce": null, "sent": true, "cuisson": null}}, {"pk": 59, "model": "base.produitvendu", "fields": {"produit": 5, "contient": [], "prix": "6.4", "made_with": 3, "accompagnement": null, "date": "2013-12-07T09:20:38.950Z", "sauce": null, "sent": true, "cuisson": null}}, {"pk": 60, "model": "base.produitvendu", "fields": {"produit": 5, "contient": [], "prix": "6.4", "made_with": 3, "accompagnement": null, "date": "2013-12-07T09:20:39.160Z", "sauce": null, "sent": true, "cuisson": null}}, {"pk": 61, "model": "base.produitvendu", "fields": {"produit": 6, "contient": [], "prix": "8.4", "made_with": 4, "accompagnement": null, "date": "2013-12-07T09:20:39.310Z", "sauce": null, "sent": false, "cuisson": null}}, {"pk": 62, "model": "base.produitvendu", "fields": {"produit": 6, "contient": [], "prix": "8.4", "made_with": 4, "accompagnement": null, "date": "2013-12-07T09:20:39.568Z", "sauce": null, "sent": false, "cuisson": null}}, {"pk": 63, "model": "base.produitvendu", "fields": {"produit": 6, "contient": [], "prix": "8.4", "made_with": 4, "accompagnement": null, "date": "2013-12-07T09:20:39.769Z", "sauce": null, "sent": false, "cuisson": null}}, {"pk": 64, "model": "base.produitvendu", "fields": {"produit": 7, "contient": [], "prix": "9.4", "made_with": 4, "accompagnement": null, "date": "2013-12-07T09:20:39.940Z", "sauce": null, "sent": false, "cuisson": null}}, {"pk": 65, "model": "base.produitvendu", "fields": {"produit": 7, "contient": [], "prix": "9.4", "made_with": 4, "accompagnement": null, "date": "2013-12-07T09:20:40.221Z", "sauce": null, "sent": false, "cuisson": null}}, {"pk": 66, "model": "base.produitvendu", "fields": {"produit": 7, "contient": [], "prix": "9.4", "made_with": 4, "accompagnement": null, "date": "2013-12-07T09:20:40.416Z", "sauce": null, "sent": false, "cuisson": null}}, {"pk": 67, "model": "base.produitvendu", "fields": {"produit": 3, "contient": [], "prix": "2.8", "made_with": 2, "accompagnement": null, "date": "2013-12-07T09:20:40.623Z", "sauce": null, "sent": false, "cuisson": null}}, {"pk": 68, "model": "base.produitvendu", "fields": {"produit": 3, "contient": [], "prix": "2.8", "made_with": 2, "accompagnement": null, "date": "2013-12-07T09:20:40.953Z", "sauce": null, "sent": false, "cuisson": null}}, {"pk": 69, "model": "base.produitvendu", "fields": {"produit": 3, "contient": [], "prix": "2.8", "made_with": 2, "accompagnement": null, "date": "2013-12-07T09:20:41.140Z", "sauce": null, "sent": false, "cuisson": null}}, {"pk": 70, "model": "base.produitvendu", "fields": {"produit": 8, "contient": [71, 72], "prix": "0", "made_with": null, "accompagnement": null, "date": "2013-12-07T09:20:41.398Z", "sauce": null, "sent": false, "cuisson": null}}, {"pk": 71, "model": "base.produitvendu", "fields": {"produit": 4, "contient": [70], "prix": "0", "made_with": null, "accompagnement": null, "date": "2013-12-07T09:20:41.426Z", "sauce": null, "sent": false, "cuisson": null}}, {"pk": 72, "model": "base.produitvendu", "fields": {"produit": 7, "contient": [70], "prix": "0", "made_with": null, "accompagnement": null, "date": "2013-12-07T09:20:41.504Z", "sauce": null, "sent": false, "cuisson": null}}, {"pk": 73, "model": "base.produitvendu", "fields": {"produit": 4, "contient": [], "prix": "3.4", "made_with": 3, "accompagnement": null, "date": "2013-12-07T09:20:42.098Z", "sauce": null, "sent": false, "cuisson": null}}, {"pk": 74, "model": "base.produitvendu", "fields": {"produit": 4, "contient": [], "prix": "3.4", "made_with": 3, "accompagnement": null, "date": "2013-12-07T09:20:42.390Z", "sauce": null, "sent": false, "cuisson": null}}, {"pk": 75, "model": "base.produitvendu", "fields": {"produit": 4, "contient": [], "prix": "3.4", "made_with": 3, "accompagnement": null, "date": "2013-12-07T09:20:42.577Z", "sauce": null, "sent": false, "cuisson": null}}, {"pk": 76, "model": "base.produitvendu", "fields": {"produit": 5, "contient": [], "prix": "6.4", "made_with": 3, "accompagnement": null, "date": "2013-12-07T09:20:42.774Z", "sauce": null, "sent": false, "cuisson": null}}, {"pk": 77, "model": "base.produitvendu", "fields": {"produit": 5, "contient": [], "prix": "6.4", "made_with": 3, "accompagnement": null, "date": "2013-12-07T09:20:42.985Z", "sauce": null, "sent": false, "cuisson": null}}, {"pk": 78, "model": "base.produitvendu", "fields": {"produit": 5, "contient": [], "prix": "6.4", "made_with": 3, "accompagnement": null, "date": "2013-12-07T09:20:43.169Z", "sauce": null, "sent": false, "cuisson": null}}, {"pk": 79, "model": "base.produitvendu", "fields": {"produit": 6, "contient": [], "prix": "8.4", "made_with": 4, "accompagnement": null, "date": "2013-12-07T09:20:43.397Z", "sauce": null, "sent": false, "cuisson": null}}, {"pk": 80, "model": "base.produitvendu", "fields": {"produit": 6, "contient": [], "prix": "8.4", "made_with": 4, "accompagnement": null, "date": "2013-12-07T09:20:43.605Z", "sauce": null, "sent": false, "cuisson": null}}, {"pk": 81, "model": "base.produitvendu", "fields": {"produit": 6, "contient": [], "prix": "8.4", "made_with": 4, "accompagnement": null, "date": "2013-12-07T09:20:43.777Z", "sauce": null, "sent": false, "cuisson": null}}, {"pk": 82, "model": "base.produitvendu", "fields": {"produit": 7, "contient": [], "prix": "9.4", "made_with": 4, "accompagnement": null, "date": "2013-12-07T09:20:44.035Z", "sauce": null, "sent": false, "cuisson": null}}, {"pk": 83, "model": "base.produitvendu", "fields": {"produit": 7, "contient": [], "prix": "9.4", "made_with": 4, "accompagnement": null, "date": "2013-12-07T09:20:44.249Z", "sauce": null, "sent": false, "cuisson": null}}, {"pk": 84, "model": "base.produitvendu", "fields": {"produit": 7, "contient": [], "prix": "9.4", "made_with": 4, "accompagnement": null, "date": "2013-12-07T09:20:44.438Z", "sauce": null, "sent": false, "cuisson": null}}, {"pk": 85, "model": "base.produitvendu", "fields": {"produit": 3, "contient": [], "prix": "2.8", "made_with": 2, "accompagnement": null, "date": "2013-12-07T09:20:44.723Z", "sauce": null, "sent": false, "cuisson": null}}, {"pk": 86, "model": "base.produitvendu", "fields": {"produit": 3, "contient": [], "prix": "2.8", "made_with": 2, "accompagnement": null, "date": "2013-12-07T09:20:44.954Z", "sauce": null, "sent": false, "cuisson": null}}, {"pk": 87, "model": "base.produitvendu", "fields": {"produit": 3, "contient": [], "prix": "2.8", "made_with": 2, "accompagnement": null, "date": "2013-12-07T09:20:45.193Z", "sauce": null, "sent": false, "cuisson": null}}, {"pk": 88, "model": "base.produitvendu", "fields": {"produit": 8, "contient": [89, 90], "prix": "0", "made_with": null, "accompagnement": null, "date": "2013-12-07T09:20:45.455Z", "sauce": null, "sent": false, "cuisson": null}}, {"pk": 89, "model": "base.produitvendu", "fields": {"produit": 4, "contient": [88], "prix": "0", "made_with": null, "accompagnement": null, "date": "2013-12-07T09:20:45.473Z", "sauce": null, "sent": false, "cuisson": null}}, {"pk": 90, "model": "base.produitvendu", "fields": {"produit": 7, "contient": [88], "prix": "0", "made_with": null, "accompagnement": null, "date": "2013-12-07T09:20:45.518Z", "sauce": null, "sent": false, "cuisson": null}}, {"pk": 91, "model": "base.produitvendu", "fields": {"produit": 4, "contient": [], "prix": "3.4", "made_with": 3, "accompagnement": null, "date": "2013-12-07T09:20:45.605Z", "sauce": null, "sent": true, "cuisson": null}}, {"pk": 92, "model": "base.produitvendu", "fields": {"produit": 4, "contient": [], "prix": "3.4", "made_with": 3, "accompagnement": null, "date": "2013-12-07T09:20:45.930Z", "sauce": null, "sent": true, "cuisson": null}}, {"pk": 93, "model": "base.produitvendu", "fields": {"produit": 4, "contient": [], "prix": "3.4", "made_with": 3, "accompagnement": null, "date": "2013-12-07T09:20:46.124Z", "sauce": null, "sent": true, "cuisson": null}}, {"pk": 94, "model": "base.produitvendu", "fields": {"produit": 5, "contient": [], "prix": "6.4", "made_with": 3, "accompagnement": null, "date": "2013-12-07T09:20:46.366Z", "sauce": null, "sent": true, "cuisson": null}}, {"pk": 95, "model": "base.produitvendu", "fields": {"produit": 5, "contient": [], "prix": "6.4", "made_with": 3, "accompagnement": null, "date": "2013-12-07T09:20:46.527Z", "sauce": null, "sent": true, "cuisson": null}}, {"pk": 96, "model": "base.produitvendu", "fields": {"produit": 5, "contient": [], "prix": "6.4", "made_with": 3, "accompagnement": null, "date": "2013-12-07T09:20:46.690Z", "sauce": null, "sent": true, "cuisson": null}}, {"pk": 97, "model": "base.produitvendu", "fields": {"produit": 6, "contient": [], "prix": "8.4", "made_with": 4, "accompagnement": null, "date": "2013-12-07T09:20:46.902Z", "sauce": null, "sent": false, "cuisson": null}}, {"pk": 98, "model": "base.produitvendu", "fields": {"produit": 6, "contient": [], "prix": "8.4", "made_with": 4, "accompagnement": null, "date": "2013-12-07T09:20:47.118Z", "sauce": null, "sent": false, "cuisson": null}}, {"pk": 99, "model": "base.produitvendu", "fields": {"produit": 6, "contient": [], "prix": "8.4", "made_with": 4, "accompagnement": null, "date": "2013-12-07T09:20:47.352Z", "sauce": null, "sent": false, "cuisson": null}}, {"pk": 100, "model": "base.produitvendu", "fields": {"produit": 7, "contient": [], "prix": "9.4", "made_with": 4, "accompagnement": null, "date": "2013-12-07T09:20:47.543Z", "sauce": null, "sent": false, "cuisson": null}}, {"pk": 101, "model": "base.produitvendu", "fields": {"produit": 7, "contient": [], "prix": "9.4", "made_with": 4, "accompagnement": null, "date": "2013-12-07T09:20:47.764Z", "sauce": null, "sent": false, "cuisson": null}}, {"pk": 102, "model": "base.produitvendu", "fields": {"produit": 7, "contient": [], "prix": "9.4", "made_with": 4, "accompagnement": null, "date": "2013-12-07T09:20:48.007Z", "sauce": null, "sent": false, "cuisson": null}}, {"pk": 103, "model": "base.produitvendu", "fields": {"produit": 3, "contient": [], "prix": "2.8", "made_with": 2, "accompagnement": null, "date": "2013-12-07T09:20:48.183Z", "sauce": null, "sent": false, "cuisson": null}}, {"pk": 104, "model": "base.produitvendu", "fields": {"produit": 3, "contient": [], "prix": "2.8", "made_with": 2, "accompagnement": null, "date": "2013-12-07T09:20:48.498Z", "sauce": null, "sent": false, "cuisson": null}}, {"pk": 105, "model": "base.produitvendu", "fields": {"produit": 3, "contient": [], "prix": "2.8", "made_with": 2, "accompagnement": null, "date": "2013-12-07T09:20:48.703Z", "sauce": null, "sent": false, "cuisson": null}}, {"pk": 106, "model": "base.produitvendu", "fields": {"produit": 8, "contient": [107, 108], "prix": "0", "made_with": null, "accompagnement": null, "date": "2013-12-07T09:20:48.901Z", "sauce": null, "sent": false, "cuisson": null}}, {"pk": 107, "model": "base.produitvendu", "fields": {"produit": 4, "contient": [106], "prix": "0", "made_with": null, "accompagnement": null, "date": "2013-12-07T09:20:48.933Z", "sauce": null, "sent": false, "cuisson": null}}, {"pk": 108, "model": "base.produitvendu", "fields": {"produit": 7, "contient": [106], "prix": "0", "made_with": null, "accompagnement": null, "date": "2013-12-07T09:20:49.031Z", "sauce": null, "sent": false, "cuisson": null}}, {"pk": 109, "model": "base.produitvendu", "fields": {"produit": 4, "contient": [], "prix": "3.4", "made_with": 3, "accompagnement": null, "date": "2013-12-07T09:20:49.659Z", "sauce": null, "sent": false, "cuisson": null}}, {"pk": 110, "model": "base.produitvendu", "fields": {"produit": 4, "contient": [], "prix": "3.4", "made_with": 3, "accompagnement": null, "date": "2013-12-07T09:20:49.918Z", "sauce": null, "sent": false, "cuisson": null}}, {"pk": 111, "model": "base.produitvendu", "fields": {"produit": 4, "contient": [], "prix": "3.4", "made_with": 3, "accompagnement": null, "date": "2013-12-07T09:20:50.129Z", "sauce": null, "sent": false, "cuisson": null}}, {"pk": 112, "model": "base.produitvendu", "fields": {"produit": 5, "contient": [], "prix": "6.4", "made_with": 3, "accompagnement": null, "date": "2013-12-07T09:20:50.325Z", "sauce": null, "sent": false, "cuisson": null}}, {"pk": 113, "model": "base.produitvendu", "fields": {"produit": 5, "contient": [], "prix": "6.4", "made_with": 3, "accompagnement": null, "date": "2013-12-07T09:20:50.526Z", "sauce": null, "sent": false, "cuisson": null}}, {"pk": 114, "model": "base.produitvendu", "fields": {"produit": 5, "contient": [], "prix": "6.4", "made_with": 3, "accompagnement": null, "date": "2013-12-07T09:20:50.708Z", "sauce": null, "sent": false, "cuisson": null}}, {"pk": 115, "model": "base.produitvendu", "fields": {"produit": 6, "contient": [], "prix": "8.4", "made_with": 4, "accompagnement": null, "date": "2013-12-07T09:20:50.930Z", "sauce": null, "sent": false, "cuisson": null}}, {"pk": 116, "model": "base.produitvendu", "fields": {"produit": 6, "contient": [], "prix": "8.4", "made_with": 4, "accompagnement": null, "date": "2013-12-07T09:20:51.143Z", "sauce": null, "sent": false, "cuisson": null}}, {"pk": 117, "model": "base.produitvendu", "fields": {"produit": 6, "contient": [], "prix": "8.4", "made_with": 4, "accompagnement": null, "date": "2013-12-07T09:20:51.324Z", "sauce": null, "sent": false, "cuisson": null}}, {"pk": 118, "model": "base.produitvendu", "fields": {"produit": 7, "contient": [], "prix": "9.4", "made_with": 4, "accompagnement": null, "date": "2013-12-07T09:20:51.573Z", "sauce": null, "sent": false, "cuisson": null}}, {"pk": 119, "model": "base.produitvendu", "fields": {"produit": 7, "contient": [], "prix": "9.4", "made_with": 4, "accompagnement": null, "date": "2013-12-07T09:20:51.776Z", "sauce": null, "sent": false, "cuisson": null}}, {"pk": 120, "model": "base.produitvendu", "fields": {"produit": 7, "contient": [], "prix": "9.4", "made_with": 4, "accompagnement": null, "date": "2013-12-07T09:20:51.960Z", "sauce": null, "sent": false, "cuisson": null}}, {"pk": 121, "model": "base.produitvendu", "fields": {"produit": 3, "contient": [], "prix": "2.8", "made_with": 2, "accompagnement": null, "date": "2013-12-07T09:20:52.251Z", "sauce": null, "sent": false, "cuisson": null}}, {"pk": 122, "model": "base.produitvendu", "fields": {"produit": 3, "contient": [], "prix": "2.8", "made_with": 2, "accompagnement": null, "date": "2013-12-07T09:20:52.479Z", "sauce": null, "sent": false, "cuisson": null}}, {"pk": 123, "model": "base.produitvendu", "fields": {"produit": 3, "contient": [], "prix": "2.8", "made_with": 2, "accompagnement": null, "date": "2013-12-07T09:20:52.725Z", "sauce": null, "sent": false, "cuisson": null}}, {"pk": 124, "model": "base.produitvendu", "fields": {"produit": 8, "contient": [125, 126], "prix": "0", "made_with": null, "accompagnement": null, "date": "2013-12-07T09:20:52.971Z", "sauce": null, "sent": false, "cuisson": null}}, {"pk": 125, "model": "base.produitvendu", "fields": {"produit": 4, "contient": [124], "prix": "0", "made_with": null, "accompagnement": null, "date": "2013-12-07T09:20:52.990Z", "sauce": null, "sent": false, "cuisson": null}}, {"pk": 126, "model": "base.produitvendu", "fields": {"produit": 7, "contient": [124], "prix": "0", "made_with": null, "accompagnement": null, "date": "2013-12-07T09:20:53.036Z", "sauce": null, "sent": false, "cuisson": null}}, {"pk": 127, "model": "base.produitvendu", "fields": {"produit": 4, "contient": [], "prix": "3.4", "made_with": 3, "accompagnement": null, "date": "2013-12-07T09:20:53.148Z", "sauce": null, "sent": true, "cuisson": null}}, {"pk": 128, "model": "base.produitvendu", "fields": {"produit": 4, "contient": [], "prix": "3.4", "made_with": 3, "accompagnement": null, "date": "2013-12-07T09:20:53.455Z", "sauce": null, "sent": true, "cuisson": null}}, {"pk": 129, "model": "base.produitvendu", "fields": {"produit": 4, "contient": [], "prix": "3.4", "made_with": 3, "accompagnement": null, "date": "2013-12-07T09:20:53.642Z", "sauce": null, "sent": true, "cuisson": null}}, {"pk": 130, "model": "base.produitvendu", "fields": {"produit": 5, "contient": [], "prix": "6.4", "made_with": 3, "accompagnement": null, "date": "2013-12-07T09:20:53.844Z", "sauce": null, "sent": true, "cuisson": null}}, {"pk": 131, "model": "base.produitvendu", "fields": {"produit": 5, "contient": [], "prix": "6.4", "made_with": 3, "accompagnement": null, "date": "2013-12-07T09:20:54.038Z", "sauce": null, "sent": true, "cuisson": null}}, {"pk": 132, "model": "base.produitvendu", "fields": {"produit": 5, "contient": [], "prix": "6.4", "made_with": 3, "accompagnement": null, "date": "2013-12-07T09:20:54.246Z", "sauce": null, "sent": true, "cuisson": null}}, {"pk": 133, "model": "base.produitvendu", "fields": {"produit": 6, "contient": [], "prix": "8.4", "made_with": 4, "accompagnement": null, "date": "2013-12-07T09:20:54.418Z", "sauce": null, "sent": false, "cuisson": null}}, {"pk": 134, "model": "base.produitvendu", "fields": {"produit": 6, "contient": [], "prix": "8.4", "made_with": 4, "accompagnement": null, "date": "2013-12-07T09:20:54.653Z", "sauce": null, "sent": false, "cuisson": null}}, {"pk": 135, "model": "base.produitvendu", "fields": {"produit": 6, "contient": [], "prix": "8.4", "made_with": 4, "accompagnement": null, "date": "2013-12-07T09:20:54.880Z", "sauce": null, "sent": false, "cuisson": null}}, {"pk": 136, "model": "base.produitvendu", "fields": {"produit": 7, "contient": [], "prix": "9.4", "made_with": 4, "accompagnement": null, "date": "2013-12-07T09:20:55.046Z", "sauce": null, "sent": false, "cuisson": null}}, {"pk": 137, "model": "base.produitvendu", "fields": {"produit": 7, "contient": [], "prix": "9.4", "made_with": 4, "accompagnement": null, "date": "2013-12-07T09:20:55.308Z", "sauce": null, "sent": false, "cuisson": null}}, {"pk": 138, "model": "base.produitvendu", "fields": {"produit": 7, "contient": [], "prix": "9.4", "made_with": 4, "accompagnement": null, "date": "2013-12-07T09:20:55.523Z", "sauce": null, "sent": false, "cuisson": null}}, {"pk": 139, "model": "base.produitvendu", "fields": {"produit": 3, "contient": [], "prix": "2.8", "made_with": 2, "accompagnement": null, "date": "2013-12-07T09:20:55.705Z", "sauce": null, "sent": false, "cuisson": null}}, {"pk": 140, "model": "base.produitvendu", "fields": {"produit": 3, "contient": [], "prix": "2.8", "made_with": 2, "accompagnement": null, "date": "2013-12-07T09:20:56.046Z", "sauce": null, "sent": false, "cuisson": null}}, {"pk": 141, "model": "base.produitvendu", "fields": {"produit": 3, "contient": [], "prix": "2.8", "made_with": 2, "accompagnement": null, "date": "2013-12-07T09:20:56.234Z", "sauce": null, "sent": false, "cuisson": null}}, {"pk": 142, "model": "base.produitvendu", "fields": {"produit": 8, "contient": [143, 144], "prix": "0", "made_with": null, "accompagnement": null, "date": "2013-12-07T09:20:56.465Z", "sauce": null, "sent": false, "cuisson": null}}, {"pk": 143, "model": "base.produitvendu", "fields": {"produit": 4, "contient": [142], "prix": "0", "made_with": null, "accompagnement": null, "date": "2013-12-07T09:20:56.498Z", "sauce": null, "sent": false, "cuisson": null}}, {"pk": 144, "model": "base.produitvendu", "fields": {"produit": 7, "contient": [142], "prix": "0", "made_with": null, "accompagnement": null, "date": "2013-12-07T09:20:56.588Z", "sauce": null, "sent": false, "cuisson": null}}, {"pk": 145, "model": "base.produitvendu", "fields": {"produit": 4, "contient": [], "prix": "3.4", "made_with": 3, "accompagnement": null, "date": "2013-12-07T09:20:57.204Z", "sauce": null, "sent": false, "cuisson": null}}, {"pk": 146, "model": "base.produitvendu", "fields": {"produit": 4, "contient": [], "prix": "3.4", "made_with": 3, "accompagnement": null, "date": "2013-12-07T09:20:57.445Z", "sauce": null, "sent": false, "cuisson": null}}, {"pk": 147, "model": "base.produitvendu", "fields": {"produit": 4, "contient": [], "prix": "3.4", "made_with": 3, "accompagnement": null, "date": "2013-12-07T09:20:57.665Z", "sauce": null, "sent": false, "cuisson": null}}, {"pk": 148, "model": "base.produitvendu", "fields": {"produit": 5, "contient": [], "prix": "6.4", "made_with": 3, "accompagnement": null, "date": "2013-12-07T09:20:57.862Z", "sauce": null, "sent": false, "cuisson": null}}, {"pk": 149, "model": "base.produitvendu", "fields": {"produit": 5, "contient": [], "prix": "6.4", "made_with": 3, "accompagnement": null, "date": "2013-12-07T09:20:58.024Z", "sauce": null, "sent": false, "cuisson": null}}, {"pk": 150, "model": "base.produitvendu", "fields": {"produit": 5, "contient": [], "prix": "6.4", "made_with": 3, "accompagnement": null, "date": "2013-12-07T09:20:58.251Z", "sauce": null, "sent": false, "cuisson": null}}, {"pk": 151, "model": "base.produitvendu", "fields": {"produit": 6, "contient": [], "prix": "8.4", "made_with": 4, "accompagnement": null, "date": "2013-12-07T09:20:58.457Z", "sauce": null, "sent": false, "cuisson": null}}, {"pk": 152, "model": "base.produitvendu", "fields": {"produit": 6, "contient": [], "prix": "8.4", "made_with": 4, "accompagnement": null, "date": "2013-12-07T09:20:58.654Z", "sauce": null, "sent": false, "cuisson": null}}, {"pk": 153, "model": "base.produitvendu", "fields": {"produit": 6, "contient": [], "prix": "8.4", "made_with": 4, "accompagnement": null, "date": "2013-12-07T09:20:58.876Z", "sauce": null, "sent": false, "cuisson": null}}, {"pk": 154, "model": "base.produitvendu", "fields": {"produit": 7, "contient": [], "prix": "9.4", "made_with": 4, "accompagnement": null, "date": "2013-12-07T09:20:59.078Z", "sauce": null, "sent": false, "cuisson": null}}, {"pk": 155, "model": "base.produitvendu", "fields": {"produit": 7, "contient": [], "prix": "9.4", "made_with": 4, "accompagnement": null, "date": "2013-12-07T09:20:59.297Z", "sauce": null, "sent": false, "cuisson": null}}, {"pk": 156, "model": "base.produitvendu", "fields": {"produit": 7, "contient": [], "prix": "9.4", "made_with": 4, "accompagnement": null, "date": "2013-12-07T09:20:59.506Z", "sauce": null, "sent": false, "cuisson": null}}, {"pk": 157, "model": "base.produitvendu", "fields": {"produit": 3, "contient": [], "prix": "2.8", "made_with": 2, "accompagnement": null, "date": "2013-12-07T09:20:59.730Z", "sauce": null, "sent": false, "cuisson": null}}, {"pk": 158, "model": "base.produitvendu", "fields": {"produit": 3, "contient": [], "prix": "2.8", "made_with": 2, "accompagnement": null, "date": "2013-12-07T09:21:00.020Z", "sauce": null, "sent": false, "cuisson": null}}, {"pk": 159, "model": "base.produitvendu", "fields": {"produit": 3, "contient": [], "prix": "2.8", "made_with": 2, "accompagnement": null, "date": "2013-12-07T09:21:00.242Z", "sauce": null, "sent": false, "cuisson": null}}, {"pk": 160, "model": "base.produitvendu", "fields": {"produit": 8, "contient": [161, 162], "prix": "0", "made_with": null, "accompagnement": null, "date": "2013-12-07T09:21:00.490Z", "sauce": null, "sent": false, "cuisson": null}}, {"pk": 161, "model": "base.produitvendu", "fields": {"produit": 4, "contient": [160], "prix": "0", "made_with": null, "accompagnement": null, "date": "2013-12-07T09:21:00.514Z", "sauce": null, "sent": false, "cuisson": null}}, {"pk": 162, "model": "base.produitvendu", "fields": {"produit": 7, "contient": [160], "prix": "0", "made_with": null, "accompagnement": null, "date": "2013-12-07T09:21:00.585Z", "sauce": null, "sent": false, "cuisson": null}}, {"pk": 163, "model": "base.produitvendu", "fields": {"produit": 4, "contient": [], "prix": "3.4", "made_with": 3, "accompagnement": null, "date": "2013-12-07T09:21:00.683Z", "sauce": null, "sent": true, "cuisson": null}}, {"pk": 164, "model": "base.produitvendu", "fields": {"produit": 4, "contient": [], "prix": "3.4", "made_with": 3, "accompagnement": null, "date": "2013-12-07T09:21:00.988Z", "sauce": null, "sent": true, "cuisson": null}}, {"pk": 165, "model": "base.produitvendu", "fields": {"produit": 4, "contient": [], "prix": "3.4", "made_with": 3, "accompagnement": null, "date": "2013-12-07T09:21:01.184Z", "sauce": null, "sent": true, "cuisson": null}}, {"pk": 166, "model": "base.produitvendu", "fields": {"produit": 5, "contient": [], "prix": "6.4", "made_with": 3, "accompagnement": null, "date": "2013-12-07T09:21:01.335Z", "sauce": null, "sent": true, "cuisson": null}}, {"pk": 167, "model": "base.produitvendu", "fields": {"produit": 5, "contient": [], "prix": "6.4", "made_with": 3, "accompagnement": null, "date": "2013-12-07T09:21:01.569Z", "sauce": null, "sent": true, "cuisson": null}}, {"pk": 168, "model": "base.produitvendu", "fields": {"produit": 5, "contient": [], "prix": "6.4", "made_with": 3, "accompagnement": null, "date": "2013-12-07T09:21:01.772Z", "sauce": null, "sent": true, "cuisson": null}}, {"pk": 169, "model": "base.produitvendu", "fields": {"produit": 6, "contient": [], "prix": "8.4", "made_with": 4, "accompagnement": null, "date": "2013-12-07T09:21:01.938Z", "sauce": null, "sent": false, "cuisson": null}}, {"pk": 170, "model": "base.produitvendu", "fields": {"produit": 6, "contient": [], "prix": "8.4", "made_with": 4, "accompagnement": null, "date": "2013-12-07T09:21:02.188Z", "sauce": null, "sent": false, "cuisson": null}}, {"pk": 171, "model": "base.produitvendu", "fields": {"produit": 6, "contient": [], "prix": "8.4", "made_with": 4, "accompagnement": null, "date": "2013-12-07T09:21:02.381Z", "sauce": null, "sent": false, "cuisson": null}}, {"pk": 172, "model": "base.produitvendu", "fields": {"produit": 7, "contient": [], "prix": "9.4", "made_with": 4, "accompagnement": null, "date": "2013-12-07T09:21:02.549Z", "sauce": null, "sent": false, "cuisson": null}}, {"pk": 173, "model": "base.produitvendu", "fields": {"produit": 7, "contient": [], "prix": "9.4", "made_with": 4, "accompagnement": null, "date": "2013-12-07T09:21:02.816Z", "sauce": null, "sent": false, "cuisson": null}}, {"pk": 174, "model": "base.produitvendu", "fields": {"produit": 7, "contient": [], "prix": "9.4", "made_with": 4, "accompagnement": null, "date": "2013-12-07T09:21:03.013Z", "sauce": null, "sent": false, "cuisson": null}}, {"pk": 175, "model": "base.produitvendu", "fields": {"produit": 3, "contient": [], "prix": "2.8", "made_with": 2, "accompagnement": null, "date": "2013-12-07T09:21:03.192Z", "sauce": null, "sent": false, "cuisson": null}}, {"pk": 176, "model": "base.produitvendu", "fields": {"produit": 3, "contient": [], "prix": "2.8", "made_with": 2, "accompagnement": null, "date": "2013-12-07T09:21:03.534Z", "sauce": null, "sent": false, "cuisson": null}}, {"pk": 177, "model": "base.produitvendu", "fields": {"produit": 3, "contient": [], "prix": "2.8", "made_with": 2, "accompagnement": null, "date": "2013-12-07T09:21:03.719Z", "sauce": null, "sent": false, "cuisson": null}}, {"pk": 178, "model": "base.produitvendu", "fields": {"produit": 8, "contient": [179, 180], "prix": "0", "made_with": null, "accompagnement": null, "date": "2013-12-07T09:21:03.937Z", "sauce": null, "sent": false, "cuisson": null}}, {"pk": 179, "model": "base.produitvendu", "fields": {"produit": 4, "contient": [178], "prix": "0", "made_with": null, "accompagnement": null, "date": "2013-12-07T09:21:03.970Z", "sauce": null, "sent": false, "cuisson": null}}, {"pk": 180, "model": "base.produitvendu", "fields": {"produit": 7, "contient": [178], "prix": "0", "made_with": null, "accompagnement": null, "date": "2013-12-07T09:21:04.061Z", "sauce": null, "sent": false, "cuisson": null}}, {"pk": 181, "model": "base.produitvendu", "fields": {"produit": 4, "contient": [], "prix": "3.4", "made_with": 3, "accompagnement": null, "date": "2013-12-07T09:21:04.689Z", "sauce": null, "sent": false, "cuisson": null}}, {"pk": 182, "model": "base.produitvendu", "fields": {"produit": 4, "contient": [], "prix": "3.4", "made_with": 3, "accompagnement": null, "date": "2013-12-07T09:21:04.922Z", "sauce": null, "sent": false, "cuisson": null}}, {"pk": 183, "model": "base.produitvendu", "fields": {"produit": 4, "contient": [], "prix": "3.4", "made_with": 3, "accompagnement": null, "date": "2013-12-07T09:21:05.142Z", "sauce": null, "sent": false, "cuisson": null}}, {"pk": 184, "model": "base.produitvendu", "fields": {"produit": 5, "contient": [], "prix": "6.4", "made_with": 3, "accompagnement": null, "date": "2013-12-07T09:21:05.352Z", "sauce": null, "sent": false, "cuisson": null}}, {"pk": 185, "model": "base.produitvendu", "fields": {"produit": 5, "contient": [], "prix": "6.4", "made_with": 3, "accompagnement": null, "date": "2013-12-07T09:21:05.496Z", "sauce": null, "sent": false, "cuisson": null}}, {"pk": 186, "model": "base.produitvendu", "fields": {"produit": 5, "contient": [], "prix": "6.4", "made_with": 3, "accompagnement": null, "date": "2013-12-07T09:21:05.723Z", "sauce": null, "sent": false, "cuisson": null}}, {"pk": 187, "model": "base.produitvendu", "fields": {"produit": 6, "contient": [], "prix": "8.4", "made_with": 4, "accompagnement": null, "date": "2013-12-07T09:21:05.935Z", "sauce": null, "sent": false, "cuisson": null}}, {"pk": 188, "model": "base.produitvendu", "fields": {"produit": 6, "contient": [], "prix": "8.4", "made_with": 4, "accompagnement": null, "date": "2013-12-07T09:21:06.108Z", "sauce": null, "sent": false, "cuisson": null}}, {"pk": 189, "model": "base.produitvendu", "fields": {"produit": 6, "contient": [], "prix": "8.4", "made_with": 4, "accompagnement": null, "date": "2013-12-07T09:21:06.331Z", "sauce": null, "sent": false, "cuisson": null}}, {"pk": 190, "model": "base.produitvendu", "fields": {"produit": 7, "contient": [], "prix": "9.4", "made_with": 4, "accompagnement": null, "date": "2013-12-07T09:21:06.563Z", "sauce": null, "sent": false, "cuisson": null}}, {"pk": 191, "model": "base.produitvendu", "fields": {"produit": 7, "contient": [], "prix": "9.4", "made_with": 4, "accompagnement": null, "date": "2013-12-07T09:21:06.763Z", "sauce": null, "sent": false, "cuisson": null}}, {"pk": 192, "model": "base.produitvendu", "fields": {"produit": 7, "contient": [], "prix": "9.4", "made_with": 4, "accompagnement": null, "date": "2013-12-07T09:21:07.000Z", "sauce": null, "sent": false, "cuisson": null}}, {"pk": 193, "model": "base.produitvendu", "fields": {"produit": 3, "contient": [], "prix": "2.8", "made_with": 2, "accompagnement": null, "date": "2013-12-07T09:21:07.231Z", "sauce": null, "sent": false, "cuisson": null}}, {"pk": 194, "model": "base.produitvendu", "fields": {"produit": 3, "contient": [], "prix": "2.8", "made_with": 2, "accompagnement": null, "date": "2013-12-07T09:21:07.499Z", "sauce": null, "sent": false, "cuisson": null}}, {"pk": 195, "model": "base.produitvendu", "fields": {"produit": 3, "contient": [], "prix": "2.8", "made_with": 2, "accompagnement": null, "date": "2013-12-07T09:21:07.741Z", "sauce": null, "sent": false, "cuisson": null}}, {"pk": 196, "model": "base.produitvendu", "fields": {"produit": 8, "contient": [197, 198], "prix": "0", "made_with": null, "accompagnement": null, "date": "2013-12-07T09:21:07.980Z", "sauce": null, "sent": false, "cuisson": null}}, {"pk": 197, "model": "base.produitvendu", "fields": {"produit": 4, "contient": [196], "prix": "0", "made_with": null, "accompagnement": null, "date": "2013-12-07T09:21:07.998Z", "sauce": null, "sent": false, "cuisson": null}}, {"pk": 198, "model": "base.produitvendu", "fields": {"produit": 7, "contient": [196], "prix": "0", "made_with": null, "accompagnement": null, "date": "2013-12-07T09:21:08.075Z", "sauce": null, "sent": false, "cuisson": null}}, {"pk": 199, "model": "base.produitvendu", "fields": {"produit": 4, "contient": [], "prix": "3.4", "made_with": 3, "accompagnement": null, "date": "2013-12-07T09:21:08.194Z", "sauce": null, "sent": true, "cuisson": null}}, {"pk": 200, "model": "base.produitvendu", "fields": {"produit": 4, "contient": [], "prix": "3.4", "made_with": 3, "accompagnement": null, "date": "2013-12-07T09:21:08.430Z", "sauce": null, "sent": true, "cuisson": null}}, {"pk": 201, "model": "base.produitvendu", "fields": {"produit": 4, "contient": [], "prix": "3.4", "made_with": 3, "accompagnement": null, "date": "2013-12-07T09:21:08.636Z", "sauce": null, "sent": true, "cuisson": null}}, {"pk": 202, "model": "base.produitvendu", "fields": {"produit": 5, "contient": [], "prix": "6.4", "made_with": 3, "accompagnement": null, "date": "2013-12-07T09:21:08.825Z", "sauce": null, "sent": true, "cuisson": null}}, {"pk": 203, "model": "base.produitvendu", "fields": {"produit": 5, "contient": [], "prix": "6.4", "made_with": 3, "accompagnement": null, "date": "2013-12-07T09:21:09.016Z", "sauce": null, "sent": true, "cuisson": null}}, {"pk": 204, "model": "base.produitvendu", "fields": {"produit": 5, "contient": [], "prix": "6.4", "made_with": 3, "accompagnement": null, "date": "2013-12-07T09:21:09.233Z", "sauce": null, "sent": true, "cuisson": null}}, {"pk": 205, "model": "base.produitvendu", "fields": {"produit": 6, "contient": [], "prix": "8.4", "made_with": 4, "accompagnement": null, "date": "2013-12-07T09:21:09.418Z", "sauce": null, "sent": false, "cuisson": null}}, {"pk": 206, "model": "base.produitvendu", "fields": {"produit": 6, "contient": [], "prix": "8.4", "made_with": 4, "accompagnement": null, "date": "2013-12-07T09:21:09.620Z", "sauce": null, "sent": false, "cuisson": null}}, {"pk": 207, "model": "base.produitvendu", "fields": {"produit": 6, "contient": [], "prix": "8.4", "made_with": 4, "accompagnement": null, "date": "2013-12-07T09:21:09.862Z", "sauce": null, "sent": false, "cuisson": null}}, {"pk": 208, "model": "base.produitvendu", "fields": {"produit": 7, "contient": [], "prix": "9.4", "made_with": 4, "accompagnement": null, "date": "2013-12-07T09:21:10.051Z", "sauce": null, "sent": false, "cuisson": null}}, {"pk": 209, "model": "base.produitvendu", "fields": {"produit": 7, "contient": [], "prix": "9.4", "made_with": 4, "accompagnement": null, "date": "2013-12-07T09:21:10.264Z", "sauce": null, "sent": false, "cuisson": null}}, {"pk": 210, "model": "base.produitvendu", "fields": {"produit": 7, "contient": [], "prix": "9.4", "made_with": 4, "accompagnement": null, "date": "2013-12-07T09:21:10.522Z", "sauce": null, "sent": false, "cuisson": null}}, {"pk": 211, "model": "base.produitvendu", "fields": {"produit": 3, "contient": [], "prix": "2.8", "made_with": 2, "accompagnement": null, "date": "2013-12-07T09:21:10.716Z", "sauce": null, "sent": false, "cuisson": null}}, {"pk": 212, "model": "base.produitvendu", "fields": {"produit": 3, "contient": [], "prix": "2.8", "made_with": 2, "accompagnement": null, "date": "2013-12-07T09:21:11.012Z", "sauce": null, "sent": false, "cuisson": null}}, {"pk": 213, "model": "base.produitvendu", "fields": {"produit": 3, "contient": [], "prix": "2.8", "made_with": 2, "accompagnement": null, "date": "2013-12-07T09:21:11.262Z", "sauce": null, "sent": false, "cuisson": null}}, {"pk": 214, "model": "base.produitvendu", "fields": {"produit": 8, "contient": [215, 216], "prix": "0", "made_with": null, "accompagnement": null, "date": "2013-12-07T09:21:11.433Z", "sauce": null, "sent": false, "cuisson": null}}, {"pk": 215, "model": "base.produitvendu", "fields": {"produit": 4, "contient": [214], "prix": "0", "made_with": null, "accompagnement": null, "date": "2013-12-07T09:21:11.454Z", "sauce": null, "sent": false, "cuisson": null}}, {"pk": 216, "model": "base.produitvendu", "fields": {"produit": 7, "contient": [214], "prix": "0", "made_with": null, "accompagnement": null, "date": "2013-12-07T09:21:11.537Z", "sauce": null, "sent": false, "cuisson": null}}, {"pk": 217, "model": "base.produitvendu", "fields": {"produit": 4, "contient": [], "prix": "3.4", "made_with": 3, "accompagnement": null, "date": "2013-12-07T09:21:12.149Z", "sauce": null, "sent": false, "cuisson": null}}, {"pk": 218, "model": "base.produitvendu", "fields": {"produit": 4, "contient": [], "prix": "3.4", "made_with": 3, "accompagnement": null, "date": "2013-12-07T09:21:12.455Z", "sauce": null, "sent": false, "cuisson": null}}, {"pk": 219, "model": "base.produitvendu", "fields": {"produit": 4, "contient": [], "prix": "3.4", "made_with": 3, "accompagnement": null, "date": "2013-12-07T09:21:12.598Z", "sauce": null, "sent": false, "cuisson": null}}, {"pk": 220, "model": "base.produitvendu", "fields": {"produit": 5, "contient": [], "prix": "6.4", "made_with": 3, "accompagnement": null, "date": "2013-12-07T09:21:12.855Z", "sauce": null, "sent": false, "cuisson": null}}, {"pk": 221, "model": "base.produitvendu", "fields": {"produit": 5, "contient": [], "prix": "6.4", "made_with": 3, "accompagnement": null, "date": "2013-12-07T09:21:13.037Z", "sauce": null, "sent": false, "cuisson": null}}, {"pk": 222, "model": "base.produitvendu", "fields": {"produit": 5, "contient": [], "prix": "6.4", "made_with": 3, "accompagnement": null, "date": "2013-12-07T09:21:13.197Z", "sauce": null, "sent": false, "cuisson": null}}, {"pk": 223, "model": "base.produitvendu", "fields": {"produit": 6, "contient": [], "prix": "8.4", "made_with": 4, "accompagnement": null, "date": "2013-12-07T09:21:13.454Z", "sauce": null, "sent": false, "cuisson": null}}, {"pk": 224, "model": "base.produitvendu", "fields": {"produit": 6, "contient": [], "prix": "8.4", "made_with": 4, "accompagnement": null, "date": "2013-12-07T09:21:13.633Z", "sauce": null, "sent": false, "cuisson": null}}, {"pk": 225, "model": "base.produitvendu", "fields": {"produit": 6, "contient": [], "prix": "8.4", "made_with": 4, "accompagnement": null, "date": "2013-12-07T09:21:13.813Z", "sauce": null, "sent": false, "cuisson": null}}, {"pk": 226, "model": "base.produitvendu", "fields": {"produit": 7, "contient": [], "prix": "9.4", "made_with": 4, "accompagnement": null, "date": "2013-12-07T09:21:14.071Z", "sauce": null, "sent": false, "cuisson": null}}, {"pk": 227, "model": "base.produitvendu", "fields": {"produit": 7, "contient": [], "prix": "9.4", "made_with": 4, "accompagnement": null, "date": "2013-12-07T09:21:14.255Z", "sauce": null, "sent": false, "cuisson": null}}, {"pk": 228, "model": "base.produitvendu", "fields": {"produit": 7, "contient": [], "prix": "9.4", "made_with": 4, "accompagnement": null, "date": "2013-12-07T09:21:14.456Z", "sauce": null, "sent": false, "cuisson": null}}, {"pk": 229, "model": "base.produitvendu", "fields": {"produit": 3, "contient": [], "prix": "2.8", "made_with": 2, "accompagnement": null, "date": "2013-12-07T09:21:14.720Z", "sauce": null, "sent": false, "cuisson": null}}, {"pk": 230, "model": "base.produitvendu", "fields": {"produit": 3, "contient": [], "prix": "2.8", "made_with": 2, "accompagnement": null, "date": "2013-12-07T09:21:14.953Z", "sauce": null, "sent": false, "cuisson": null}}, {"pk": 231, "model": "base.produitvendu", "fields": {"produit": 3, "contient": [], "prix": "2.8", "made_with": 2, "accompagnement": null, "date": "2013-12-07T09:21:15.200Z", "sauce": null, "sent": false, "cuisson": null}}, {"pk": 232, "model": "base.produitvendu", "fields": {"produit": 8, "contient": [233, 234], "prix": "0", "made_with": null, "accompagnement": null, "date": "2013-12-07T09:21:15.457Z", "sauce": null, "sent": false, "cuisson": null}}, {"pk": 233, "model": "base.produitvendu", "fields": {"produit": 4, "contient": [232], "prix": "0", "made_with": null, "accompagnement": null, "date": "2013-12-07T09:21:15.476Z", "sauce": null, "sent": false, "cuisson": null}}, {"pk": 234, "model": "base.produitvendu", "fields": {"produit": 7, "contient": [232], "prix": "0", "made_with": null, "accompagnement": null, "date": "2013-12-07T09:21:15.532Z", "sauce": null, "sent": false, "cuisson": null}}, {"pk": 235, "model": "base.produitvendu", "fields": {"produit": 4, "contient": [], "prix": "3.4", "made_with": 3, "accompagnement": null, "date": "2013-12-07T09:21:15.640Z", "sauce": null, "sent": true, "cuisson": null}}, {"pk": 236, "model": "base.produitvendu", "fields": {"produit": 4, "contient": [], "prix": "3.4", "made_with": 3, "accompagnement": null, "date": "2013-12-07T09:21:15.961Z", "sauce": null, "sent": true, "cuisson": null}}, {"pk": 237, "model": "base.produitvendu", "fields": {"produit": 4, "contient": [], "prix": "3.4", "made_with": 3, "accompagnement": null, "date": "2013-12-07T09:21:16.128Z", "sauce": null, "sent": true, "cuisson": null}}, {"pk": 238, "model": "base.produitvendu", "fields": {"produit": 5, "contient": [], "prix": "6.4", "made_with": 3, "accompagnement": null, "date": "2013-12-07T09:21:16.332Z", "sauce": null, "sent": true, "cuisson": null}}, {"pk": 239, "model": "base.produitvendu", "fields": {"produit": 5, "contient": [], "prix": "6.4", "made_with": 3, "accompagnement": null, "date": "2013-12-07T09:21:16.540Z", "sauce": null, "sent": true, "cuisson": null}}, {"pk": 240, "model": "base.produitvendu", "fields": {"produit": 5, "contient": [], "prix": "6.4", "made_with": 3, "accompagnement": null, "date": "2013-12-07T09:21:16.733Z", "sauce": null, "sent": true, "cuisson": null}}, {"pk": 241, "model": "base.produitvendu", "fields": {"produit": 6, "contient": [], "prix": "8.4", "made_with": 4, "accompagnement": null, "date": "2013-12-07T09:21:16.938Z", "sauce": null, "sent": false, "cuisson": null}}, {"pk": 242, "model": "base.produitvendu", "fields": {"produit": 6, "contient": [], "prix": "8.4", "made_with": 4, "accompagnement": null, "date": "2013-12-07T09:21:17.156Z", "sauce": null, "sent": false, "cuisson": null}}, {"pk": 243, "model": "base.produitvendu", "fields": {"produit": 6, "contient": [], "prix": "8.4", "made_with": 4, "accompagnement": null, "date": "2013-12-07T09:21:17.366Z", "sauce": null, "sent": false, "cuisson": null}}, {"pk": 244, "model": "base.produitvendu", "fields": {"produit": 7, "contient": [], "prix": "9.4", "made_with": 4, "accompagnement": null, "date": "2013-12-07T09:21:17.564Z", "sauce": null, "sent": false, "cuisson": null}}, {"pk": 245, "model": "base.produitvendu", "fields": {"produit": 7, "contient": [], "prix": "9.4", "made_with": 4, "accompagnement": null, "date": "2013-12-07T09:21:17.776Z", "sauce": null, "sent": false, "cuisson": null}}, {"pk": 246, "model": "base.produitvendu", "fields": {"produit": 7, "contient": [], "prix": "9.4", "made_with": 4, "accompagnement": null, "date": "2013-12-07T09:21:18.030Z", "sauce": null, "sent": false, "cuisson": null}}, {"pk": 247, "model": "base.produitvendu", "fields": {"produit": 3, "contient": [], "prix": "2.8", "made_with": 2, "accompagnement": null, "date": "2013-12-07T09:21:18.229Z", "sauce": null, "sent": false, "cuisson": null}}, {"pk": 248, "model": "base.produitvendu", "fields": {"produit": 3, "contient": [], "prix": "2.8", "made_with": 2, "accompagnement": null, "date": "2013-12-07T09:21:18.497Z", "sauce": null, "sent": false, "cuisson": null}}, {"pk": 249, "model": "base.produitvendu", "fields": {"produit": 3, "contient": [], "prix": "2.8", "made_with": 2, "accompagnement": null, "date": "2013-12-07T09:21:18.754Z", "sauce": null, "sent": false, "cuisson": null}}, {"pk": 250, "model": "base.produitvendu", "fields": {"produit": 8, "contient": [251, 252], "prix": "0", "made_with": null, "accompagnement": null, "date": "2013-12-07T09:21:18.955Z", "sauce": null, "sent": false, "cuisson": null}}, {"pk": 251, "model": "base.produitvendu", "fields": {"produit": 4, "contient": [250], "prix": "0", "made_with": null, "accompagnement": null, "date": "2013-12-07T09:21:18.977Z", "sauce": null, "sent": false, "cuisson": null}}, {"pk": 252, "model": "base.produitvendu", "fields": {"produit": 7, "contient": [250], "prix": "0", "made_with": null, "accompagnement": null, "date": "2013-12-07T09:21:19.049Z", "sauce": null, "sent": false, "cuisson": null}}, {"pk": 253, "model": "base.produitvendu", "fields": {"produit": 4, "contient": [], "prix": "3.4", "made_with": 3, "accompagnement": null, "date": "2013-12-07T09:21:19.664Z", "sauce": null, "sent": false, "cuisson": null}}, {"pk": 254, "model": "base.produitvendu", "fields": {"produit": 4, "contient": [], "prix": "3.4", "made_with": 3, "accompagnement": null, "date": "2013-12-07T09:21:19.940Z", "sauce": null, "sent": false, "cuisson": null}}, {"pk": 255, "model": "base.produitvendu", "fields": {"produit": 4, "contient": [], "prix": "3.4", "made_with": 3, "accompagnement": null, "date": "2013-12-07T09:21:20.091Z", "sauce": null, "sent": false, "cuisson": null}}, {"pk": 256, "model": "base.produitvendu", "fields": {"produit": 5, "contient": [], "prix": "6.4", "made_with": 3, "accompagnement": null, "date": "2013-12-07T09:21:20.309Z", "sauce": null, "sent": false, "cuisson": null}}, {"pk": 257, "model": "base.produitvendu", "fields": {"produit": 5, "contient": [], "prix": "6.4", "made_with": 3, "accompagnement": null, "date": "2013-12-07T09:21:20.535Z", "sauce": null, "sent": false, "cuisson": null}}, {"pk": 258, "model": "base.produitvendu", "fields": {"produit": 5, "contient": [], "prix": "6.4", "made_with": 3, "accompagnement": null, "date": "2013-12-07T09:21:20.686Z", "sauce": null, "sent": false, "cuisson": null}}, {"pk": 259, "model": "base.produitvendu", "fields": {"produit": 6, "contient": [], "prix": "8.4", "made_with": 4, "accompagnement": null, "date": "2013-12-07T09:21:20.928Z", "sauce": null, "sent": false, "cuisson": null}}, {"pk": 260, "model": "base.produitvendu", "fields": {"produit": 6, "contient": [], "prix": "8.4", "made_with": 4, "accompagnement": null, "date": "2013-12-07T09:21:21.148Z", "sauce": null, "sent": false, "cuisson": null}}, {"pk": 261, "model": "base.produitvendu", "fields": {"produit": 6, "contient": [], "prix": "8.4", "made_with": 4, "accompagnement": null, "date": "2013-12-07T09:21:21.305Z", "sauce": null, "sent": false, "cuisson": null}}, {"pk": 262, "model": "base.produitvendu", "fields": {"produit": 7, "contient": [], "prix": "9.4", "made_with": 4, "accompagnement": null, "date": "2013-12-07T09:21:21.552Z", "sauce": null, "sent": false, "cuisson": null}}, {"pk": 263, "model": "base.produitvendu", "fields": {"produit": 7, "contient": [], "prix": "9.4", "made_with": 4, "accompagnement": null, "date": "2013-12-07T09:21:21.775Z", "sauce": null, "sent": false, "cuisson": null}}, {"pk": 264, "model": "base.produitvendu", "fields": {"produit": 7, "contient": [], "prix": "9.4", "made_with": 4, "accompagnement": null, "date": "2013-12-07T09:21:21.945Z", "sauce": null, "sent": false, "cuisson": null}}, {"pk": 265, "model": "base.produitvendu", "fields": {"produit": 3, "contient": [], "prix": "2.8", "made_with": 2, "accompagnement": null, "date": "2013-12-07T09:21:22.208Z", "sauce": null, "sent": false, "cuisson": null}}, {"pk": 266, "model": "base.produitvendu", "fields": {"produit": 3, "contient": [], "prix": "2.8", "made_with": 2, "accompagnement": null, "date": "2013-12-07T09:21:22.480Z", "sauce": null, "sent": false, "cuisson": null}}, {"pk": 267, "model": "base.produitvendu", "fields": {"produit": 3, "contient": [], "prix": "2.8", "made_with": 2, "accompagnement": null, "date": "2013-12-07T09:21:22.682Z", "sauce": null, "sent": false, "cuisson": null}}, {"pk": 268, "model": "base.produitvendu", "fields": {"produit": 8, "contient": [269, 270], "prix": "0", "made_with": null, "accompagnement": null, "date": "2013-12-07T09:21:22.965Z", "sauce": null, "sent": false, "cuisson": null}}, {"pk": 269, "model": "base.produitvendu", "fields": {"produit": 4, "contient": [268], "prix": "0", "made_with": null, "accompagnement": null, "date": "2013-12-07T09:21:22.988Z", "sauce": null, "sent": false, "cuisson": null}}, {"pk": 270, "model": "base.produitvendu", "fields": {"produit": 7, "contient": [268], "prix": "0", "made_with": null, "accompagnement": null, "date": "2013-12-07T09:21:23.053Z", "sauce": null, "sent": false, "cuisson": null}}, {"pk": 1, "model": "base.follow", "fields": {"category": 3, "date": "2013-12-07T09:20:34.066Z", "produits": [22, 23, 24, 19, 20, 21]}}, {"pk": 2, "model": "base.follow", "fields": {"category": 3, "date": "2013-12-07T09:20:41.591Z", "produits": [58, 59, 60, 55, 56, 57]}}, {"pk": 3, "model": "base.follow", "fields": {"category": 3, "date": "2013-12-07T09:20:49.142Z", "produits": [94, 95, 96, 91, 92, 93]}}, {"pk": 4, "model": "base.follow", "fields": {"category": 3, "date": "2013-12-07T09:20:56.692Z", "produits": [130, 131, 132, 127, 128, 129]}}, {"pk": 5, "model": "base.follow", "fields": {"category": 3, "date": "2013-12-07T09:21:04.177Z", "produits": [166, 167, 168, 163, 164, 165]}}, {"pk": 6, "model": "base.follow", "fields": {"category": 3, "date": "2013-12-07T09:21:11.665Z", "produits": [202, 203, 204, 199, 200, 201]}}, {"pk": 7, "model": "base.follow", "fields": {"category": 3, "date": "2013-12-07T09:21:19.163Z", "produits": [238, 239, 240, 235, 236, 237]}}, {"pk": 1, "model": "base.paiementtype", "fields": {"nom": "AMEX", "fixed_value": false}}, {"pk": 2, "model": "base.paiementtype", "fields": {"nom": "ANCV", "fixed_value": true}}, {"pk": 3, "model": "base.paiementtype", "fields": {"nom": "CB", "fixed_value": false}}, {"pk": 4, "model": "base.paiementtype", "fields": {"nom": "Cheque", "fixed_value": false}}, {"pk": 5, "model": "base.paiementtype", "fields": {"nom": "Espece", "fixed_value": false}}, {"pk": 6, "model": "base.paiementtype", "fields": {"nom": "Tic. Resto.", "fixed_value": true}}, {"pk": 1, "model": "base.paiement", "fields": {"date": "2013-12-07T09:21:23.115Z", "nb_tickets": 0, "valeur_unitaire": "1", "type": 3, "montant": "91.2"}}, {"pk": 1, "model": "base.facture", "fields": {"onsite": true, "vats": [1, 2], "paiements": [], "total_ttc": "91.2", "category_to_follow": 3, "produits": [13, 14, 15, 4, 5, 6, 1, 2, 3, 7, 8, 9, 10, 11, 12], "following": [], "couverts": 10, "restant_a_payer": "91.2", "table": 16, "saved_in_stats": false, "date_creation": "2013-12-07T09:20:26.991Z", "surcharge": true}}, {"pk": 2, "model": "base.facture", "fields": {"onsite": true, "vats": [3, 4], "paiements": [], "total_ttc": "91.2", "category_to_follow": 4, "produits": [31, 32, 33, 22, 23, 24, 19, 20, 21, 25, 26, 27, 28, 29, 30], "following": [1], "couverts": 10, "restant_a_payer": "91.2", "table": 26, "saved_in_stats": false, "date_creation": "2013-12-07T09:20:30.525Z", "surcharge": true}}, {"pk": 3, "model": "base.facture", "fields": {"onsite": true, "vats": [5, 6], "paiements": [], "total_ttc": "91.2", "category_to_follow": 3, "produits": [49, 50, 51, 40, 41, 42, 37, 38, 39, 43, 44, 45, 46, 47, 48], "following": [], "couverts": 3, "restant_a_payer": "91.2", "table": 14, "saved_in_stats": false, "date_creation": "2013-12-07T09:20:34.614Z", "surcharge": false}}, {"pk": 4, "model": "base.facture", "fields": {"onsite": true, "vats": [7, 8], "paiements": [], "total_ttc": "91.2", "category_to_follow": 4, "produits": [67, 68, 69, 58, 59, 60, 55, 56, 57, 61, 62, 63, 64, 65, 66], "following": [2], "couverts": 7, "restant_a_payer": "91.2", "table": 24, "saved_in_stats": false, "date_creation": "2013-12-07T09:20:38.073Z", "surcharge": true}}, {"pk": 5, "model": "base.facture", "fields": {"onsite": true, "vats": [9, 10], "paiements": [], "total_ttc": "91.2", "category_to_follow": 3, "produits": [85, 86, 87, 76, 77, 78, 73, 74, 75, 79, 80, 81, 82, 83, 84], "following": [], "couverts": 4, "restant_a_payer": "91.2", "table": 17, "saved_in_stats": false, "date_creation": "2013-12-07T09:20:42.120Z", "surcharge": true}}, {"pk": 6, "model": "base.facture", "fields": {"onsite": true, "vats": [11, 12], "paiements": [], "total_ttc": "91.2", "category_to_follow": 4, "produits": [103, 104, 105, 94, 95, 96, 91, 92, 93, 97, 98, 99, 100, 101, 102], "following": [3], "couverts": 3, "restant_a_payer": "91.2", "table": 16, "saved_in_stats": false, "date_creation": "2013-12-07T09:20:45.630Z", "surcharge": true}}, {"pk": 7, "model": "base.facture", "fields": {"onsite": true, "vats": [13, 14], "paiements": [], "total_ttc": "91.2", "category_to_follow": 3, "produits": [121, 122, 123, 112, 113, 114, 109, 110, 111, 115, 116, 117, 118, 119, 120], "following": [], "couverts": 4, "restant_a_payer": "91.2", "table": 24, "saved_in_stats": false, "date_creation": "2013-12-07T09:20:49.682Z", "surcharge": true}}, {"pk": 8, "model": "base.facture", "fields": {"onsite": true, "vats": [15, 16], "paiements": [], "total_ttc": "91.2", "category_to_follow": 4, "produits": [139, 140, 141, 130, 131, 132, 127, 128, 129, 133, 134, 135, 136, 137, 138], "following": [4], "couverts": 12, "restant_a_payer": "91.2", "table": 24, "saved_in_stats": false, "date_creation": "2013-12-07T09:20:53.173Z", "surcharge": true}}, {"pk": 9, "model": "base.facture", "fields": {"onsite": true, "vats": [17, 18], "paiements": [], "total_ttc": "91.2", "category_to_follow": 3, "produits": [157, 158, 159, 148, 149, 150, 145, 146, 147, 151, 152, 153, 154, 155, 156], "following": [], "couverts": 15, "restant_a_payer": "91.2", "table": 26, "saved_in_stats": false, "date_creation": "2013-12-07T09:20:57.232Z", "surcharge": true}}, {"pk": 10, "model": "base.facture", "fields": {"onsite": true, "vats": [19, 20], "paiements": [], "total_ttc": "91.2", "category_to_follow": 4, "produits": [175, 176, 177, 166, 167, 168, 163, 164, 165, 169, 170, 171, 172, 173, 174], "following": [5], "couverts": 2, "restant_a_payer": "91.2", "table": 17, "saved_in_stats": false, "date_creation": "2013-12-07T09:21:00.698Z", "surcharge": true}}, {"pk": 11, "model": "base.facture", "fields": {"onsite": true, "vats": [21, 22], "paiements": [], "total_ttc": "91.2", "category_to_follow": 3, "produits": [193, 194, 195, 184, 185, 186, 181, 182, 183, 187, 188, 189, 190, 191, 192], "following": [], "couverts": 15, "restant_a_payer": "91.2", "table": 17, "saved_in_stats": false, "date_creation": "2013-12-07T09:21:04.710Z", "surcharge": true}}, {"pk": 12, "model": "base.facture", "fields": {"onsite": true, "vats": [23, 24], "paiements": [], "total_ttc": "91.2", "category_to_follow": 4, "produits": [211, 212, 213, 202, 203, 204, 199, 200, 201, 205, 206, 207, 208, 209, 210], "following": [6], "couverts": 15, "restant_a_payer": "91.2", "table": 11, "saved_in_stats": false, "date_creation": "2013-12-07T09:21:08.217Z", "surcharge": false}}, {"pk": 13, "model": "base.facture", "fields": {"onsite": true, "vats": [25, 26], "paiements": [], "total_ttc": "91.2", "category_to_follow": 3, "produits": [229, 230, 231, 220, 221, 222, 217, 218, 219, 223, 224, 225, 226, 227, 228], "following": [], "couverts": 5, "restant_a_payer": "91.2", "table": 16, "saved_in_stats": false, "date_creation": "2013-12-07T09:21:12.180Z", "surcharge": true}}, {"pk": 14, "model": "base.facture", "fields": {"onsite": true, "vats": [27, 28], "paiements": [], "total_ttc": "91.2", "category_to_follow": 4, "produits": [247, 248, 249, 238, 239, 240, 235, 236, 237, 241, 242, 243, 244, 245, 246], "following": [7], "couverts": 9, "restant_a_payer": "91.2", "table": 18, "saved_in_stats": false, "date_creation": "2013-12-07T09:21:15.664Z", "surcharge": true}}, {"pk": 15, "model": "base.facture", "fields": {"onsite": true, "vats": [29, 30], "paiements": [1], "total_ttc": "91.2", "category_to_follow": 3, "produits": [265, 266, 267, 256, 257, 258, 253, 254, 255, 259, 260, 261, 262, 263, 264], "following": [], "couverts": 3, "restant_a_payer": "0", "table": 11, "saved_in_stats": false, "date_creation": "2013-12-07T09:21:19.695Z", "surcharge": false}}, {"pk": 1, "model": "base.monthlystat", "fields": {"month": 1, "value": "100", "key": "total_ttc", "year": 2013}}, {"pk": 2, "model": "base.monthlystat", "fields": {"month": 1, "value": "40", "key": "bar_total_ttc", "year": 2013}}, {"pk": 3, "model": "base.monthlystat", "fields": {"month": 1, "value": "60", "key": "guests_total_ttc", "year": 2013}}, {"pk": 4, "model": "base.monthlystat", "fields": {"month": 1, "value": "204", "key": "nb_bills", "year": 2013}}, {"pk": 5, "model": "base.monthlystat", "fields": {"month": 1, "value": "240", "key": "guests_nb", "year": 2013}}, {"pk": 6, "model": "base.monthlystat", "fields": {"month": 1, "value": "419", "key": "guests_average", "year": 2013}}, {"pk": 7, "model": "base.monthlystat", "fields": {"month": 1, "value": "251", "key": "bar_nb", "year": 2013}}, {"pk": 8, "model": "base.monthlystat", "fields": {"month": 1, "value": "183", "key": "bar_average", "year": 2013}}, {"pk": 9, "model": "base.monthlystat", "fields": {"month": 2, "value": "200", "key": "total_ttc", "year": 2013}}, {"pk": 10, "model": "base.monthlystat", "fields": {"month": 2, "value": "80", "key": "bar_total_ttc", "year": 2013}}, {"pk": 11, "model": "base.monthlystat", "fields": {"month": 2, "value": "120", "key": "guests_total_ttc", "year": 2013}}, {"pk": 12, "model": "base.monthlystat", "fields": {"month": 2, "value": "458", "key": "nb_bills", "year": 2013}}, {"pk": 13, "model": "base.monthlystat", "fields": {"month": 2, "value": "233", "key": "guests_nb", "year": 2013}}, {"pk": 14, "model": "base.monthlystat", "fields": {"month": 2, "value": "132", "key": "guests_average", "year": 2013}}, {"pk": 15, "model": "base.monthlystat", "fields": {"month": 2, "value": "342", "key": "bar_nb", "year": 2013}}, {"pk": 16, "model": "base.monthlystat", "fields": {"month": 2, "value": "462", "key": "bar_average", "year": 2013}}, {"pk": 17, "model": "base.monthlystat", "fields": {"month": 3, "value": "300", "key": "total_ttc", "year": 2013}}, {"pk": 18, "model": "base.monthlystat", "fields": {"month": 3, "value": "120", "key": "bar_total_ttc", "year": 2013}}, {"pk": 19, "model": "base.monthlystat", "fields": {"month": 3, "value": "180", "key": "guests_total_ttc", "year": 2013}}, {"pk": 20, "model": "base.monthlystat", "fields": {"month": 3, "value": "336", "key": "nb_bills", "year": 2013}}, {"pk": 21, "model": "base.monthlystat", "fields": {"month": 3, "value": "103", "key": "guests_nb", "year": 2013}}, {"pk": 22, "model": "base.monthlystat", "fields": {"month": 3, "value": "132", "key": "guests_average", "year": 2013}}, {"pk": 23, "model": "base.monthlystat", "fields": {"month": 3, "value": "498", "key": "bar_nb", "year": 2013}}, {"pk": 24, "model": "base.monthlystat", "fields": {"month": 3, "value": "171", "key": "bar_average", "year": 2013}}, {"pk": 25, "model": "base.monthlystat", "fields": {"month": 4, "value": "400", "key": "total_ttc", "year": 2013}}, {"pk": 26, "model": "base.monthlystat", "fields": {"month": 4, "value": "160", "key": "bar_total_ttc", "year": 2013}}, {"pk": 27, "model": "base.monthlystat", "fields": {"month": 4, "value": "240", "key": "guests_total_ttc", "year": 2013}}, {"pk": 28, "model": "base.monthlystat", "fields": {"month": 4, "value": "362", "key": "nb_bills", "year": 2013}}, {"pk": 29, "model": "base.monthlystat", "fields": {"month": 4, "value": "278", "key": "guests_nb", "year": 2013}}, {"pk": 30, "model": "base.monthlystat", "fields": {"month": 4, "value": "120", "key": "guests_average", "year": 2013}}, {"pk": 31, "model": "base.monthlystat", "fields": {"month": 4, "value": "379", "key": "bar_nb", "year": 2013}}, {"pk": 32, "model": "base.monthlystat", "fields": {"month": 4, "value": "312", "key": "bar_average", "year": 2013}}, {"pk": 33, "model": "base.monthlystat", "fields": {"month": 5, "value": "500", "key": "total_ttc", "year": 2013}}, {"pk": 34, "model": "base.monthlystat", "fields": {"month": 5, "value": "200", "key": "bar_total_ttc", "year": 2013}}, {"pk": 35, "model": "base.monthlystat", "fields": {"month": 5, "value": "300", "key": "guests_total_ttc", "year": 2013}}, {"pk": 36, "model": "base.monthlystat", "fields": {"month": 5, "value": "395", "key": "nb_bills", "year": 2013}}, {"pk": 37, "model": "base.monthlystat", "fields": {"month": 5, "value": "58", "key": "guests_nb", "year": 2013}}, {"pk": 38, "model": "base.monthlystat", "fields": {"month": 5, "value": "88", "key": "guests_average", "year": 2013}}, {"pk": 39, "model": "base.monthlystat", "fields": {"month": 5, "value": "95", "key": "bar_nb", "year": 2013}}, {"pk": 40, "model": "base.monthlystat", "fields": {"month": 5, "value": "493", "key": "bar_average", "year": 2013}}, {"pk": 41, "model": "base.monthlystat", "fields": {"month": 6, "value": "600", "key": "total_ttc", "year": 2013}}, {"pk": 42, "model": "base.monthlystat", "fields": {"month": 6, "value": "240", "key": "bar_total_ttc", "year": 2013}}, {"pk": 43, "model": "base.monthlystat", "fields": {"month": 6, "value": "360", "key": "guests_total_ttc", "year": 2013}}, {"pk": 44, "model": "base.monthlystat", "fields": {"month": 6, "value": "188", "key": "nb_bills", "year": 2013}}, {"pk": 45, "model": "base.monthlystat", "fields": {"month": 6, "value": "276", "key": "guests_nb", "year": 2013}}, {"pk": 46, "model": "base.monthlystat", "fields": {"month": 6, "value": "198", "key": "guests_average", "year": 2013}}, {"pk": 47, "model": "base.monthlystat", "fields": {"month": 6, "value": "435", "key": "bar_nb", "year": 2013}}, {"pk": 48, "model": "base.monthlystat", "fields": {"month": 6, "value": "318", "key": "bar_average", "year": 2013}}, {"pk": 49, "model": "base.monthlystat", "fields": {"month": 7, "value": "700", "key": "total_ttc", "year": 2013}}, {"pk": 50, "model": "base.monthlystat", "fields": {"month": 7, "value": "280", "key": "bar_total_ttc", "year": 2013}}, {"pk": 51, "model": "base.monthlystat", "fields": {"month": 7, "value": "420", "key": "guests_total_ttc", "year": 2013}}, {"pk": 52, "model": "base.monthlystat", "fields": {"month": 7, "value": "162", "key": "nb_bills", "year": 2013}}, {"pk": 53, "model": "base.monthlystat", "fields": {"month": 7, "value": "354", "key": "guests_nb", "year": 2013}}, {"pk": 54, "model": "base.monthlystat", "fields": {"month": 7, "value": "458", "key": "guests_average", "year": 2013}}, {"pk": 55, "model": "base.monthlystat", "fields": {"month": 7, "value": "456", "key": "bar_nb", "year": 2013}}, {"pk": 56, "model": "base.monthlystat", "fields": {"month": 7, "value": "228", "key": "bar_average", "year": 2013}}, {"pk": 57, "model": "base.monthlystat", "fields": {"month": 8, "value": "800", "key": "total_ttc", "year": 2013}}, {"pk": 58, "model": "base.monthlystat", "fields": {"month": 8, "value": "320", "key": "bar_total_ttc", "year": 2013}}, {"pk": 59, "model": "base.monthlystat", "fields": {"month": 8, "value": "480", "key": "guests_total_ttc", "year": 2013}}, {"pk": 60, "model": "base.monthlystat", "fields": {"month": 8, "value": "79", "key": "nb_bills", "year": 2013}}, {"pk": 61, "model": "base.monthlystat", "fields": {"month": 8, "value": "107", "key": "guests_nb", "year": 2013}}, {"pk": 62, "model": "base.monthlystat", "fields": {"month": 8, "value": "64", "key": "guests_average", "year": 2013}}, {"pk": 63, "model": "base.monthlystat", "fields": {"month": 8, "value": "484", "key": "bar_nb", "year": 2013}}, {"pk": 64, "model": "base.monthlystat", "fields": {"month": 8, "value": "331", "key": "bar_average", "year": 2013}}, {"pk": 65, "model": "base.monthlystat", "fields": {"month": 9, "value": "900", "key": "total_ttc", "year": 2013}}, {"pk": 66, "model": "base.monthlystat", "fields": {"month": 9, "value": "360", "key": "bar_total_ttc", "year": 2013}}, {"pk": 67, "model": "base.monthlystat", "fields": {"month": 9, "value": "540", "key": "guests_total_ttc", "year": 2013}}, {"pk": 68, "model": "base.monthlystat", "fields": {"month": 9, "value": "56", "key": "nb_bills", "year": 2013}}, {"pk": 69, "model": "base.monthlystat", "fields": {"month": 9, "value": "365", "key": "guests_nb", "year": 2013}}, {"pk": 70, "model": "base.monthlystat", "fields": {"month": 9, "value": "405", "key": "guests_average", "year": 2013}}, {"pk": 71, "model": "base.monthlystat", "fields": {"month": 9, "value": "425", "key": "bar_nb", "year": 2013}}, {"pk": 72, "model": "base.monthlystat", "fields": {"month": 9, "value": "470", "key": "bar_average", "year": 2013}}, {"pk": 73, "model": "base.monthlystat", "fields": {"month": 10, "value": "1000", "key": "total_ttc", "year": 2013}}, {"pk": 74, "model": "base.monthlystat", "fields": {"month": 10, "value": "400", "key": "bar_total_ttc", "year": 2013}}, {"pk": 75, "model": "base.monthlystat", "fields": {"month": 10, "value": "600", "key": "guests_total_ttc", "year": 2013}}, {"pk": 76, "model": "base.monthlystat", "fields": {"month": 10, "value": "256", "key": "nb_bills", "year": 2013}}, {"pk": 77, "model": "base.monthlystat", "fields": {"month": 10, "value": "125", "key": "guests_nb", "year": 2013}}, {"pk": 78, "model": "base.monthlystat", "fields": {"month": 10, "value": "376", "key": "guests_average", "year": 2013}}, {"pk": 79, "model": "base.monthlystat", "fields": {"month": 10, "value": "244", "key": "bar_nb", "year": 2013}}, {"pk": 80, "model": "base.monthlystat", "fields": {"month": 10, "value": "223", "key": "bar_average", "year": 2013}}, {"pk": 81, "model": "base.monthlystat", "fields": {"month": 11, "value": "1100", "key": "total_ttc", "year": 2013}}, {"pk": 82, "model": "base.monthlystat", "fields": {"month": 11, "value": "440", "key": "bar_total_ttc", "year": 2013}}, {"pk": 83, "model": "base.monthlystat", "fields": {"month": 11, "value": "660", "key": "guests_total_ttc", "year": 2013}}, {"pk": 84, "model": "base.monthlystat", "fields": {"month": 11, "value": "347", "key": "nb_bills", "year": 2013}}, {"pk": 85, "model": "base.monthlystat", "fields": {"month": 11, "value": "267", "key": "guests_nb", "year": 2013}}, {"pk": 86, "model": "base.monthlystat", "fields": {"month": 11, "value": "110", "key": "guests_average", "year": 2013}}, {"pk": 87, "model": "base.monthlystat", "fields": {"month": 11, "value": "81", "key": "bar_nb", "year": 2013}}, {"pk": 88, "model": "base.monthlystat", "fields": {"month": 11, "value": "346", "key": "bar_average", "year": 2013}}, {"pk": 89, "model": "base.monthlystat", "fields": {"month": 12, "value": "1200", "key": "total_ttc", "year": 2013}}, {"pk": 90, "model": "base.monthlystat", "fields": {"month": 12, "value": "480", "key": "bar_total_ttc", "year": 2013}}, {"pk": 91, "model": "base.monthlystat", "fields": {"month": 12, "value": "720", "key": "guests_total_ttc", "year": 2013}}, {"pk": 92, "model": "base.monthlystat", "fields": {"month": 12, "value": "407", "key": "nb_bills", "year": 2013}}, {"pk": 93, "model": "base.monthlystat", "fields": {"month": 12, "value": "267", "key": "guests_nb", "year": 2013}}, {"pk": 94, "model": "base.monthlystat", "fields": {"month": 12, "value": "286", "key": "guests_average", "year": 2013}}, {"pk": 95, "model": "base.monthlystat", "fields": {"month": 12, "value": "403", "key": "bar_nb", "year": 2013}}, {"pk": 96, "model": "base.monthlystat", "fields": {"month": 12, "value": "145", "key": "bar_average", "year": 2013}}, {"pk": 1, "model": "base.dailystat", "fields": {"date": "2013-10-01", "value": "234", "key": "total_ttc"}}, {"pk": 1, "model": "base.zone", "fields": {"nom": "Bar", "surtaxe": false}}, {"pk": 2, "model": "base.zone", "fields": {"nom": "Rez de chaussee", "surtaxe": false}}, {"pk": 3, "model": "base.zone", "fields": {"nom": "Terrasse", "surtaxe": true}}, {"pk": 1, "model": "base.table", "fields": {"nom": "T--", "zone": 1}}, {"pk": 2, "model": "base.table", "fields": {"nom": "T01", "zone": 2}}, {"pk": 3, "model": "base.table", "fields": {"nom": "T02", "zone": 2}}, {"pk": 4, "model": "base.table", "fields": {"nom": "T03", "zone": 2}}, {"pk": 5, "model": "base.table", "fields": {"nom": "T04", "zone": 2}}, {"pk": 6, "model": "base.table", "fields": {"nom": "T05", "zone": 2}}, {"pk": 7, "model": "base.table", "fields": {"nom": "T06", "zone": 2}}, {"pk": 8, "model": "base.table", "fields": {"nom": "T07", "zone": 2}}, {"pk": 9, "model": "base.table", "fields": {"nom": "T08", "zone": 2}}, {"pk": 10, "model": "base.table", "fields": {"nom": "T09", "zone": 2}}, {"pk": 11, "model": "base.table", "fields": {"nom": "T10", "zone": 2}}, {"pk": 12, "model": "base.table", "fields": {"nom": "T11", "zone": 2}}, {"pk": 13, "model": "base.table", "fields": {"nom": "T12", "zone": 2}}, {"pk": 14, "model": "base.table", "fields": {"nom": "T13", "zone": 2}}, {"pk": 15, "model": "base.table", "fields": {"nom": "T14", "zone": 2}}, {"pk": 16, "model": "base.table", "fields": {"nom": "T15", "zone": 3}}, {"pk": 17, "model": "base.table", "fields": {"nom": "T16", "zone": 3}}, {"pk": 18, "model": "base.table", "fields": {"nom": "T17", "zone": 3}}, {"pk": 19, "model": "base.table", "fields": {"nom": "T18", "zone": 3}}, {"pk": 20, "model": "base.table", "fields": {"nom": "T19", "zone": 3}}, {"pk": 21, "model": "base.table", "fields": {"nom": "T20", "zone": 3}}, {"pk": 22, "model": "base.table", "fields": {"nom": "T21", "zone": 3}}, {"pk": 23, "model": "base.table", "fields": {"nom": "T22", "zone": 3}}, {"pk": 24, "model": "base.table", "fields": {"nom": "T23", "zone": 3}}, {"pk": 25, "model": "base.table", "fields": {"nom": "T24", "zone": 3}}, {"pk": 26, "model": "base.table", "fields": {"nom": "T25", "zone": 3}}, {"pk": 1, "model": "base.vatonbill", "fields": {"total": "5.4", "vat": 2}}, {"pk": 2, "model": "base.vatonbill", "fields": {"total": "1.38", "vat": 1}}, {"pk": 3, "model": "base.vatonbill", "fields": {"total": "5.4", "vat": 2}}, {"pk": 4, "model": "base.vatonbill", "fields": {"total": "1.38", "vat": 1}}, {"pk": 5, "model": "base.vatonbill", "fields": {"total": "5.4", "vat": 2}}, {"pk": 6, "model": "base.vatonbill", "fields": {"total": "1.38", "vat": 1}}, {"pk": 7, "model": "base.vatonbill", "fields": {"total": "5.4", "vat": 2}}, {"pk": 8, "model": "base.vatonbill", "fields": {"total": "1.38", "vat": 1}}, {"pk": 9, "model": "base.vatonbill", "fields": {"total": "5.4", "vat": 2}}, {"pk": 10, "model": "base.vatonbill", "fields": {"total": "1.38", "vat": 1}}, {"pk": 11, "model": "base.vatonbill", "fields": {"total": "5.4", "vat": 2}}, {"pk": 12, "model": "base.vatonbill", "fields": {"total": "1.38", "vat": 1}}, {"pk": 13, "model": "base.vatonbill", "fields": {"total": "5.4", "vat": 2}}, {"pk": 14, "model": "base.vatonbill", "fields": {"total": "1.38", "vat": 1}}, {"pk": 15, "model": "base.vatonbill", "fields": {"total": "5.4", "vat": 2}}, {"pk": 16, "model": "base.vatonbill", "fields": {"total": "1.38", "vat": 1}}, {"pk": 17, "model": "base.vatonbill", "fields": {"total": "5.4", "vat": 2}}, {"pk": 18, "model": "base.vatonbill", "fields": {"total": "1.38", "vat": 1}}, {"pk": 19, "model": "base.vatonbill", "fields": {"total": "5.4", "vat": 2}}, {"pk": 20, "model": "base.vatonbill", "fields": {"total": "1.38", "vat": 1}}, {"pk": 21, "model": "base.vatonbill", "fields": {"total": "5.4", "vat": 2}}, {"pk": 22, "model": "base.vatonbill", "fields": {"total": "1.38", "vat": 1}}, {"pk": 23, "model": "base.vatonbill", "fields": {"total": "5.4", "vat": 2}}, {"pk": 24, "model": "base.vatonbill", "fields": {"total": "1.38", "vat": 1}}, {"pk": 25, "model": "base.vatonbill", "fields": {"total": "5.4", "vat": 2}}, {"pk": 26, "model": "base.vatonbill", "fields": {"total": "1.38", "vat": 1}}, {"pk": 27, "model": "base.vatonbill", "fields": {"total": "5.4", "vat": 2}}, {"pk": 28, "model": "base.vatonbill", "fields": {"total": "1.38", "vat": 1}}, {"pk": 29, "model": "base.vatonbill", "fields": {"total": "5.4", "vat": 2}}, {"pk": 30, "model": "base.vatonbill", "fields": {"total": "1.38", "vat": 1}}]