[{"pk": 1, "model": "south.migrationhistory", "fields": {"applied": "2013-12-04T12:41:15.247Z", "app_name": "base", "migration": "0001_initial"}}, {"pk": 2, "model": "south.migrationhistory", "fields": {"applied": "2013-12-04T12:41:15.504Z", "app_name": "base", "migration": "0002_auto__add_vat__add_field_categorie_vat_onsite__add_field_categorie_vat"}}, {"pk": 3, "model": "south.migrationhistory", "fields": {"applied": "2013-12-04T12:41:15.621Z", "app_name": "base", "migration": "0003_auto__del_field_categorie_alcool"}}, {"pk": 4, "model": "south.migrationhistory", "fields": {"applied": "2013-12-04T12:41:15.740Z", "app_name": "base", "migration": "0004_auto__add_field_vat_value"}}, {"pk": 5, "model": "south.migrationhistory", "fields": {"applied": "2013-12-04T12:41:15.851Z", "app_name": "base", "migration": "0005_auto__chg_field_vat_value"}}, {"pk": 6, "model": "south.migrationhistory", "fields": {"applied": "2013-12-04T12:41:15.970Z", "app_name": "base", "migration": "0006_auto__chg_field_vat_value"}}, {"pk": 7, "model": "south.migrationhistory", "fields": {"applied": "2013-12-04T12:41:16.090Z", "app_name": "base", "migration": "0007_auto__add_field_facture_onsite"}}, {"pk": 8, "model": "south.migrationhistory", "fields": {"applied": "2013-12-04T12:41:16.252Z", "app_name": "base", "migration": "0008_auto__del_field_paiementtype_priorite__del_field_paiementtype_nom_fact"}}, {"pk": 9, "model": "south.migrationhistory", "fields": {"applied": "2013-12-04T12:41:16.526Z", "app_name": "base", "migration": "0009_auto__add_vatonbill__add_field_facture_total_ttc"}}, {"pk": 10, "model": "south.migrationhistory", "fields": {"applied": "2013-12-04T12:41:16.585Z", "app_name": "base", "migration": "0010_facture_total_ttc"}}, {"pk": 11, "model": "south.migrationhistory", "fields": {"applied": "2013-12-04T12:41:16.734Z", "app_name": "base", "migration": "0011_auto__del_field_facture_montant_alcool__del_field_facture_montant_norm"}}, {"pk": 12, "model": "south.migrationhistory", "fields": {"applied": "2013-12-04T12:41:16.854Z", "app_name": "base", "migration": "0012_auto__add_field_cuisson_nom_facture"}}, {"pk": 13, "model": "south.migrationhistory", "fields": {"applied": "2013-12-04T12:41:16.943Z", "app_name": "base", "migration": "0013_auto__add_printer"}}, {"pk": 14, "model": "south.migrationhistory", "fields": {"applied": "2013-12-04T12:41:17.096Z", "app_name": "base", "migration": "0014_auto__add_field_printer_width"}}, {"pk": 15, "model": "south.migrationhistory", "fields": {"applied": "2013-12-04T12:41:17.222Z", "app_name": "base", "migration": "0015_auto__add_field_categorie_made_in_kitchen"}}, {"pk": 16, "model": "south.migrationhistory", "fields": {"applied": "2013-12-04T12:41:17.370Z", "app_name": "base", "migration": "0016_auto__add_field_produitvendu_made_with__add_field_produitvendu_sent"}}, {"pk": 17, "model": "south.migrationhistory", "fields": {"applied": "2013-12-04T12:41:17.546Z", "app_name": "base", "migration": "0017_auto__chg_field_produitvendu_made_with"}}, {"pk": 18, "model": "south.migrationhistory", "fields": {"applied": "2013-12-04T12:41:17.776Z", "app_name": "base", "migration": "0018_auto__del_field_suivi_etat__add_field_suivi_category"}}, {"pk": 19, "model": "south.migrationhistory", "fields": {"applied": "2013-12-04T12:41:17.907Z", "app_name": "base", "migration": "0019_auto__add_field_produit_vat_onsite__add_field_produit_vat_takeaway"}}, {"pk": 20, "model": "south.migrationhistory", "fields": {"applied": "2013-12-04T12:41:17.987Z", "app_name": "base", "migration": "0020_auto"}}, {"pk": 21, "model": "south.migrationhistory", "fields": {"applied": "2013-12-04T12:41:18.620Z", "app_name": "base", "migration": "0021_auto__del_etat__del_couleur__del_field_categorie_couleur__add_field_ca"}}, {"pk": 22, "model": "south.migrationhistory", "fields": {"applied": "2013-12-04T12:41:18.734Z", "app_name": "base", "migration": "0022_auto__add_field_facture_overcharge"}}, {"pk": 23, "model": "south.migrationhistory", "fields": {"applied": "2013-12-04T12:41:19.113Z", "app_name": "base", "migration": "0023_auto__del_suivi__add_follow__add_field_facture_following__add_field_fa"}}, {"pk": 24, "model": "south.migrationhistory", "fields": {"applied": "2013-12-04T12:41:19.312Z", "app_name": "base", "migration": "0024_auto__del_field_facture_following"}}, {"pk": 25, "model": "south.migrationhistory", "fields": {"applied": "2013-12-04T12:41:19.504Z", "app_name": "base", "migration": "0025_auto__chg_field_facture_category_to_follow"}}, {"pk": 26, "model": "south.migrationhistory", "fields": {"applied": "2013-12-04T12:41:19.578Z", "app_name": "base", "migration": "0026_auto__add_config"}}, {"pk": 27, "model": "south.migrationhistory", "fields": {"applied": "2013-12-04T12:41:19.789Z", "app_name": "base", "migration": "0027_auto__del_statsjourcategorie__del_statsjourgeneral__del_statsjourprodu"}}, {"pk": 28, "model": "south.migrationhistory", "fields": {"applied": "2013-12-04T12:41:19.896Z", "app_name": "base", "migration": "0028_auto__del_logtype__del_log"}}, {"pk": 29, "model": "south.migrationhistory", "fields": {"applied": "2013-12-04T12:41:20.404Z", "app_name": "django_extensions", "migration": "0001_empty"}}, {"pk": 30, "model": "south.migrationhistory", "fields": {"applied": "2013-12-05T16:44:07.027Z", "app_name": "base", "migration": "0029_auto__add_field_produit_price_surcharged__add_field_produit_vat_surcha"}}, {"pk": 31, "model": "south.migrationhistory", "fields": {"applied": "2013-12-06T10:15:25.816Z", "app_name": "base", "migration": "0030_auto__del_field_facture_overcharge__add_field_facture_surcharge"}}, {"pk": 1, "model": "contenttypes.contenttype", "fields": {"model": "migrationhistory", "name": "migration history", "app_label": "south"}}, {"pk": 2, "model": "contenttypes.contenttype", "fields": {"model": "permission", "name": "permission", "app_label": "auth"}}, {"pk": 3, "model": "contenttypes.contenttype", "fields": {"model": "group", "name": "group", "app_label": "auth"}}, {"pk": 4, "model": "contenttypes.contenttype", "fields": {"model": "user", "name": "user", "app_label": "auth"}}, {"pk": 5, "model": "contenttypes.contenttype", "fields": {"model": "contenttype", "name": "content type", "app_label": "contenttypes"}}, {"pk": 6, "model": "contenttypes.contenttype", "fields": {"model": "session", "name": "session", "app_label": "sessions"}}, {"pk": 7, "model": "contenttypes.contenttype", "fields": {"model": "vat", "name": "vat", "app_label": "base"}}, {"pk": 8, "model": "contenttypes.contenttype", "fields": {"model": "categorie", "name": "categorie", "app_label": "base"}}, {"pk": 9, "model": "contenttypes.contenttype", "fields": {"model": "config", "name": "config", "app_label": "base"}}, {"pk": 10, "model": "contenttypes.contenttype", "fields": {"model": "cuisson", "name": "cuisson", "app_label": "base"}}, {"pk": 11, "model": "contenttypes.contenttype", "fields": {"model": "sauce", "name": "sauce", "app_label": "base"}}, {"pk": 12, "model": "contenttypes.contenttype", "fields": {"model": "accompagnement", "name": "accompagnement", "app_label": "base"}}, {"pk": 13, "model": "contenttypes.contenttype", "fields": {"model": "produit", "name": "produit", "app_label": "base"}}, {"pk": 14, "model": "contenttypes.contenttype", "fields": {"model": "produitvendu", "name": "produit vendu", "app_label": "base"}}, {"pk": 15, "model": "contenttypes.contenttype", "fields": {"model": "follow", "name": "follow", "app_label": "base"}}, {"pk": 16, "model": "contenttypes.contenttype", "fields": {"model": "paiementtype", "name": "paiement type", "app_label": "base"}}, {"pk": 17, "model": "contenttypes.contenttype", "fields": {"model": "paiement", "name": "paiement", "app_label": "base"}}, {"pk": 18, "model": "contenttypes.contenttype", "fields": {"model": "printer", "name": "printer", "app_label": "base"}}, {"pk": 19, "model": "contenttypes.contenttype", "fields": {"model": "facture", "name": "facture", "app_label": "base"}}, {"pk": 20, "model": "contenttypes.contenttype", "fields": {"model": "monthlystat", "name": "monthly stat", "app_label": "base"}}, {"pk": 21, "model": "contenttypes.contenttype", "fields": {"model": "weeklystat", "name": "weekly stat", "app_label": "base"}}, {"pk": 22, "model": "contenttypes.contenttype", "fields": {"model": "dailystat", "name": "daily stat", "app_label": "base"}}, {"pk": 23, "model": "contenttypes.contenttype", "fields": {"model": "zone", "name": "zone", "app_label": "base"}}, {"pk": 24, "model": "contenttypes.contenttype", "fields": {"model": "table", "name": "table", "app_label": "base"}}, {"pk": 25, "model": "contenttypes.contenttype", "fields": {"model": "vatonbill", "name": "vat on bill", "app_label": "base"}}, {"pk": "0vj8pxlbov43h1fy4g1ihouwdtqmoggo", "model": "sessions.session", "fields": {"expire_date": "2013-12-19T14:36:49.456Z", "session_data": "ZmI4MmNjNGEyZTQwN2E1ODBlYjAwMTViMjI0N2ZmMWRlN2UyNGY4ZTqAAn1xAShVEl9hdXRoX3VzZXJfYmFja2VuZHECVSlkamFuZ28uY29udHJpYi5hdXRoLmJhY2tlbmRzLk1vZGVsQmFja2VuZHEDVQ1fYXV0aF91c2VyX2lkcQRLAXUu"}}, {"pk": "2t9n3dngplenmtdo5dtsap9eadyrrukw", "model": "sessions.session", "fields": {"expire_date": "2013-12-20T16:26:59.378Z", "session_data": "ZmI4MmNjNGEyZTQwN2E1ODBlYjAwMTViMjI0N2ZmMWRlN2UyNGY4ZTqAAn1xAShVEl9hdXRoX3VzZXJfYmFja2VuZHECVSlkamFuZ28uY29udHJpYi5hdXRoLmJhY2tlbmRzLk1vZGVsQmFja2VuZHEDVQ1fYXV0aF91c2VyX2lkcQRLAXUu"}}, {"pk": "t3d4g2d1n8vhvkde7lvub1f74si85x9x", "model": "sessions.session", "fields": {"expire_date": "2013-12-20T15:29:20.503Z", "session_data": "ZmI4MmNjNGEyZTQwN2E1ODBlYjAwMTViMjI0N2ZmMWRlN2UyNGY4ZTqAAn1xAShVEl9hdXRoX3VzZXJfYmFja2VuZHECVSlkamFuZ28uY29udHJpYi5hdXRoLmJhY2tlbmRzLk1vZGVsQmFja2VuZHEDVQ1fYXV0aF91c2VyX2lkcQRLAXUu"}}, {"pk": 1, "model": "base.vat", "fields": {"tax": "19.6", "name": "alcool", "value": "0.196"}}, {"pk": 2, "model": "base.vat", "fields": {"tax": "7", "name": "sur place", "value": "0.07"}}, {"pk": 3, "model": "base.vat", "fields": {"tax": "5", "name": "\u00e0 emporter", "value": "0.05"}}, {"pk": 1, "model": "base.categorie", "fields": {"nom": "Jus", "disable_surtaxe": false, "color": "#44b3dc", "vat_takeaway": 3, "priorite": 25, "vat_onsite": 2, "made_in_kitchen": false, "surtaxable": false}}, {"pk": 2, "model": "base.categorie", "fields": {"nom": "Bieres", "disable_surtaxe": false, "color": "#ea97b5", "vat_takeaway": 1, "priorite": 2, "vat_onsite": 1, "made_in_kitchen": false, "surtaxable": false}}, {"pk": 3, "model": "base.categorie", "fields": {"nom": "Entrees", "disable_surtaxe": false, "color": "#ff9f00", "vat_takeaway": 3, "priorite": 5, "vat_onsite": 2, "made_in_kitchen": true, "surtaxable": false}}, {"pk": 4, "model": "base.categorie", "fields": {"nom": "Plat", "disable_surtaxe": false, "color": "#c9a100", "vat_takeaway": 3, "priorite": 10, "vat_onsite": 2, "made_in_kitchen": true, "surtaxable": false}}, {"pk": 5, "model": "base.categorie", "fields": {"nom": "Menu", "disable_surtaxe": false, "color": "#88f027", "vat_takeaway": 3, "priorite": 22, "vat_onsite": 2, "made_in_kitchen": false, "surtaxable": false}}, {"pk": 1, "model": "base.config", "fields": {"value": "5", "key": "payment_for_refunds"}}, {"pk": 2, "model": "base.config", "fields": {"value": "0.20", "key": "price_surcharge"}}, {"pk": 1, "model": "base.cuisson", "fields": {"nom_facture": "B", "nom": "bleu", "priorite": 10, "color": "#8CC6D7"}}, {"pk": 2, "model": "base.cuisson", "fields": {"nom_facture": "S", "nom": "saignant", "priorite": 15, "color": "#DB0B32"}}, {"pk": 3, "model": "base.cuisson", "fields": {"nom_facture": "AP", "nom": "\u00e0 point", "priorite": 20, "color": "#C44C51"}}, {"pk": 4, "model": "base.cuisson", "fields": {"nom_facture": "BC", "nom": "bien cuit", "priorite": 25, "color": "#B78178"}}, {"pk": 1, "model": "base.produit", "fields": {"nom": "abricot", "categories_ok": [], "choix_sauce": false, "choix_accompagnement": false, "choix_cuisson": false, "vat_takeaway": "0.13", "vat_surcharged": "0.18", "prix": "2.8", "price_surcharged": "2.8", "vat_onsite": "0.18", "nom_facture": "jus abricot", "categorie": 1, "actif": true, "produits_ok": []}}, {"pk": 2, "model": "base.produit", "fields": {"nom": "pomme", "categories_ok": [], "choix_sauce": false, "choix_accompagnement": false, "choix_cuisson": false, "vat_takeaway": "0.13", "vat_surcharged": "0.18", "prix": "2.8", "price_surcharged": "2.8", "vat_onsite": "0.18", "nom_facture": "jus pomme", "categorie": 1, "actif": true, "produits_ok": []}}, {"pk": 3, "model": "base.produit", "fields": {"nom": "biere 50cl", "categories_ok": [], "choix_sauce": false, "choix_accompagnement": false, "choix_cuisson": false, "vat_takeaway": "0.46", "vat_surcharged": "0.46", "prix": "2.8", "price_surcharged": "2.8", "vat_onsite": "0.46", "nom_facture": "biere", "categorie": 2, "actif": true, "produits_ok": []}}, {"pk": 4, "model": "base.produit", "fields": {"nom": "salade normande", "categories_ok": [], "choix_sauce": false, "choix_accompagnement": false, "choix_cuisson": false, "vat_takeaway": "0.16", "vat_surcharged": "0.22", "prix": "3.4", "price_surcharged": "3.4", "vat_onsite": "0.22", "nom_facture": "salade", "categorie": 3, "actif": true, "produits_ok": [8]}}, {"pk": 5, "model": "base.produit", "fields": {"nom": "buffet", "categories_ok": [], "choix_sauce": false, "choix_accompagnement": false, "choix_cuisson": false, "vat_takeaway": "0.3", "vat_surcharged": "0.42", "prix": "6.4", "price_surcharged": "6.4", "vat_onsite": "0.42", "nom_facture": "buffet", "categorie": 3, "actif": true, "produits_ok": []}}, {"pk": 6, "model": "base.produit", "fields": {"nom": "entrecote", "categories_ok": [], "choix_sauce": false, "choix_accompagnement": false, "choix_cuisson": true, "vat_takeaway": "0.4", "vat_surcharged": "0.55", "prix": "8.4", "price_surcharged": "8.4", "vat_onsite": "0.55", "nom_facture": "entrecote", "categorie": 4, "actif": true, "produits_ok": [8]}}, {"pk": 7, "model": "base.produit", "fields": {"nom": "pav\u00e9 de saumon", "categories_ok": [], "choix_sauce": false, "choix_accompagnement": false, "choix_cuisson": false, "vat_takeaway": "0.45", "vat_surcharged": "0.61", "prix": "9.4", "price_surcharged": "9.4", "vat_onsite": "0.61", "nom_facture": "pave de saumon", "categorie": 4, "actif": true, "produits_ok": [8]}}, {"pk": 8, "model": "base.produit", "fields": {"nom": "Entree/Plat", "categories_ok": [3, 4], "choix_sauce": false, "choix_accompagnement": false, "choix_cuisson": false, "vat_takeaway": "0.64", "vat_surcharged": "0.88", "prix": "13.4", "price_surcharged": "13.4", "vat_onsite": "0.88", "nom_facture": "menu express", "categorie": 5, "actif": true, "produits_ok": [4, 6, 7]}}, {"pk": 1, "model": "base.produitvendu", "fields": {"produit": 4, "contient": [], "prix": "3.4", "made_with": 3, "accompagnement": null, "date": "2013-12-06T16:24:50.952Z", "sauce": null, "sent": false, "cuisson": null}}, {"pk": 2, "model": "base.produitvendu", "fields": {"produit": 4, "contient": [], "prix": "3.4", "made_with": 3, "accompagnement": null, "date": "2013-12-06T16:24:51.171Z", "sauce": null, "sent": false, "cuisson": null}}, {"pk": 3, "model": "base.produitvendu", "fields": {"produit": 4, "contient": [], "prix": "3.4", "made_with": 3, "accompagnement": null, "date": "2013-12-06T16:24:51.379Z", "sauce": null, "sent": false, "cuisson": null}}, {"pk": 4, "model": "base.produitvendu", "fields": {"produit": 5, "contient": [], "prix": "6.4", "made_with": 3, "accompagnement": null, "date": "2013-12-06T16:24:51.511Z", "sauce": null, "sent": false, "cuisson": null}}, {"pk": 5, "model": "base.produitvendu", "fields": {"produit": 5, "contient": [], "prix": "6.4", "made_with": 3, "accompagnement": null, "date": "2013-12-06T16:24:51.742Z", "sauce": null, "sent": false, "cuisson": null}}, {"pk": 6, "model": "base.produitvendu", "fields": {"produit": 5, "contient": [], "prix": "6.4", "made_with": 3, "accompagnement": null, "date": "2013-12-06T16:24:51.945Z", "sauce": null, "sent": false, "cuisson": null}}, {"pk": 7, "model": "base.produitvendu", "fields": {"produit": 6, "contient": [], "prix": "8.4", "made_with": 4, "accompagnement": null, "date": "2013-12-06T16:24:52.098Z", "sauce": null, "sent": false, "cuisson": null}}, {"pk": 8, "model": "base.produitvendu", "fields": {"produit": 6, "contient": [], "prix": "8.4", "made_with": 4, "accompagnement": null, "date": "2013-12-06T16:24:52.338Z", "sauce": null, "sent": false, "cuisson": null}}, {"pk": 9, "model": "base.produitvendu", "fields": {"produit": 6, "contient": [], "prix": "8.4", "made_with": 4, "accompagnement": null, "date": "2013-12-06T16:24:52.538Z", "sauce": null, "sent": false, "cuisson": null}}, {"pk": 10, "model": "base.produitvendu", "fields": {"produit": 7, "contient": [], "prix": "9.4", "made_with": 4, "accompagnement": null, "date": "2013-12-06T16:24:52.733Z", "sauce": null, "sent": false, "cuisson": null}}, {"pk": 11, "model": "base.produitvendu", "fields": {"produit": 7, "contient": [], "prix": "9.4", "made_with": 4, "accompagnement": null, "date": "2013-12-06T16:24:52.961Z", "sauce": null, "sent": false, "cuisson": null}}, {"pk": 12, "model": "base.produitvendu", "fields": {"produit": 7, "contient": [], "prix": "9.4", "made_with": 4, "accompagnement": null, "date": "2013-12-06T16:24:53.175Z", "sauce": null, "sent": false, "cuisson": null}}, {"pk": 13, "model": "base.produitvendu", "fields": {"produit": 3, "contient": [], "prix": "2.8", "made_with": 2, "accompagnement": null, "date": "2013-12-06T16:24:53.407Z", "sauce": null, "sent": false, "cuisson": null}}, {"pk": 14, "model": "base.produitvendu", "fields": {"produit": 3, "contient": [], "prix": "2.8", "made_with": 2, "accompagnement": null, "date": "2013-12-06T16:24:53.675Z", "sauce": null, "sent": false, "cuisson": null}}, {"pk": 15, "model": "base.produitvendu", "fields": {"produit": 3, "contient": [], "prix": "2.8", "made_with": 2, "accompagnement": null, "date": "2013-12-06T16:24:53.929Z", "sauce": null, "sent": false, "cuisson": null}}, {"pk": 16, "model": "base.produitvendu", "fields": {"produit": 8, "contient": [17, 18], "prix": "0", "made_with": null, "accompagnement": null, "date": "2013-12-06T16:24:54.126Z", "sauce": null, "sent": false, "cuisson": null}}, {"pk": 17, "model": "base.produitvendu", "fields": {"produit": 4, "contient": [16], "prix": "0", "made_with": null, "accompagnement": null, "date": "2013-12-06T16:24:54.144Z", "sauce": null, "sent": false, "cuisson": null}}, {"pk": 18, "model": "base.produitvendu", "fields": {"produit": 7, "contient": [16], "prix": "0", "made_with": null, "accompagnement": null, "date": "2013-12-06T16:24:54.216Z", "sauce": null, "sent": false, "cuisson": null}}, {"pk": 19, "model": "base.produitvendu", "fields": {"produit": 4, "contient": [], "prix": "3.4", "made_with": 3, "accompagnement": null, "date": "2013-12-06T16:24:54.373Z", "sauce": null, "sent": true, "cuisson": null}}, {"pk": 20, "model": "base.produitvendu", "fields": {"produit": 4, "contient": [], "prix": "3.4", "made_with": 3, "accompagnement": null, "date": "2013-12-06T16:24:54.610Z", "sauce": null, "sent": true, "cuisson": null}}, {"pk": 21, "model": "base.produitvendu", "fields": {"produit": 4, "contient": [], "prix": "3.4", "made_with": 3, "accompagnement": null, "date": "2013-12-06T16:24:54.845Z", "sauce": null, "sent": true, "cuisson": null}}, {"pk": 22, "model": "base.produitvendu", "fields": {"produit": 5, "contient": [], "prix": "6.4", "made_with": 3, "accompagnement": null, "date": "2013-12-06T16:24:55.023Z", "sauce": null, "sent": true, "cuisson": null}}, {"pk": 23, "model": "base.produitvendu", "fields": {"produit": 5, "contient": [], "prix": "6.4", "made_with": 3, "accompagnement": null, "date": "2013-12-06T16:24:55.202Z", "sauce": null, "sent": true, "cuisson": null}}, {"pk": 24, "model": "base.produitvendu", "fields": {"produit": 5, "contient": [], "prix": "6.4", "made_with": 3, "accompagnement": null, "date": "2013-12-06T16:24:55.435Z", "sauce": null, "sent": true, "cuisson": null}}, {"pk": 25, "model": "base.produitvendu", "fields": {"produit": 6, "contient": [], "prix": "8.4", "made_with": 4, "accompagnement": null, "date": "2013-12-06T16:24:55.594Z", "sauce": null, "sent": false, "cuisson": null}}, {"pk": 26, "model": "base.produitvendu", "fields": {"produit": 6, "contient": [], "prix": "8.4", "made_with": 4, "accompagnement": null, "date": "2013-12-06T16:24:55.812Z", "sauce": null, "sent": false, "cuisson": null}}, {"pk": 27, "model": "base.produitvendu", "fields": {"produit": 6, "contient": [], "prix": "8.4", "made_with": 4, "accompagnement": null, "date": "2013-12-06T16:24:56.037Z", "sauce": null, "sent": false, "cuisson": null}}, {"pk": 28, "model": "base.produitvendu", "fields": {"produit": 7, "contient": [], "prix": "9.4", "made_with": 4, "accompagnement": null, "date": "2013-12-06T16:24:56.238Z", "sauce": null, "sent": false, "cuisson": null}}, {"pk": 29, "model": "base.produitvendu", "fields": {"produit": 7, "contient": [], "prix": "9.4", "made_with": 4, "accompagnement": null, "date": "2013-12-06T16:24:56.477Z", "sauce": null, "sent": false, "cuisson": null}}, {"pk": 30, "model": "base.produitvendu", "fields": {"produit": 7, "contient": [], "prix": "9.4", "made_with": 4, "accompagnement": null, "date": "2013-12-06T16:24:56.691Z", "sauce": null, "sent": false, "cuisson": null}}, {"pk": 31, "model": "base.produitvendu", "fields": {"produit": 3, "contient": [], "prix": "2.8", "made_with": 2, "accompagnement": null, "date": "2013-12-06T16:24:56.955Z", "sauce": null, "sent": false, "cuisson": null}}, {"pk": 32, "model": "base.produitvendu", "fields": {"produit": 3, "contient": [], "prix": "2.8", "made_with": 2, "accompagnement": null, "date": "2013-12-06T16:24:57.242Z", "sauce": null, "sent": false, "cuisson": null}}, {"pk": 33, "model": "base.produitvendu", "fields": {"produit": 3, "contient": [], "prix": "2.8", "made_with": 2, "accompagnement": null, "date": "2013-12-06T16:24:57.465Z", "sauce": null, "sent": false, "cuisson": null}}, {"pk": 34, "model": "base.produitvendu", "fields": {"produit": 8, "contient": [35, 36], "prix": "0", "made_with": null, "accompagnement": null, "date": "2013-12-06T16:24:57.664Z", "sauce": null, "sent": false, "cuisson": null}}, {"pk": 35, "model": "base.produitvendu", "fields": {"produit": 4, "contient": [34], "prix": "0", "made_with": null, "accompagnement": null, "date": "2013-12-06T16:24:57.676Z", "sauce": null, "sent": false, "cuisson": null}}, {"pk": 36, "model": "base.produitvendu", "fields": {"produit": 7, "contient": [34], "prix": "0", "made_with": null, "accompagnement": null, "date": "2013-12-06T16:24:57.720Z", "sauce": null, "sent": false, "cuisson": null}}, {"pk": 37, "model": "base.produitvendu", "fields": {"produit": 4, "contient": [], "prix": "3.4", "made_with": 3, "accompagnement": null, "date": "2013-12-06T16:24:58.326Z", "sauce": null, "sent": false, "cuisson": null}}, {"pk": 38, "model": "base.produitvendu", "fields": {"produit": 4, "contient": [], "prix": "3.4", "made_with": 3, "accompagnement": null, "date": "2013-12-06T16:24:58.661Z", "sauce": null, "sent": false, "cuisson": null}}, {"pk": 39, "model": "base.produitvendu", "fields": {"produit": 4, "contient": [], "prix": "3.4", "made_with": 3, "accompagnement": null, "date": "2013-12-06T16:24:58.802Z", "sauce": null, "sent": false, "cuisson": null}}, {"pk": 40, "model": "base.produitvendu", "fields": {"produit": 5, "contient": [], "prix": "6.4", "made_with": 3, "accompagnement": null, "date": "2013-12-06T16:24:59.014Z", "sauce": null, "sent": false, "cuisson": null}}, {"pk": 41, "model": "base.produitvendu", "fields": {"produit": 5, "contient": [], "prix": "6.4", "made_with": 3, "accompagnement": null, "date": "2013-12-06T16:24:59.198Z", "sauce": null, "sent": false, "cuisson": null}}, {"pk": 42, "model": "base.produitvendu", "fields": {"produit": 5, "contient": [], "prix": "6.4", "made_with": 3, "accompagnement": null, "date": "2013-12-06T16:24:59.392Z", "sauce": null, "sent": false, "cuisson": null}}, {"pk": 43, "model": "base.produitvendu", "fields": {"produit": 6, "contient": [], "prix": "8.4", "made_with": 4, "accompagnement": null, "date": "2013-12-06T16:24:59.592Z", "sauce": null, "sent": false, "cuisson": null}}, {"pk": 44, "model": "base.produitvendu", "fields": {"produit": 6, "contient": [], "prix": "8.4", "made_with": 4, "accompagnement": null, "date": "2013-12-06T16:24:59.803Z", "sauce": null, "sent": false, "cuisson": null}}, {"pk": 45, "model": "base.produitvendu", "fields": {"produit": 6, "contient": [], "prix": "8.4", "made_with": 4, "accompagnement": null, "date": "2013-12-06T16:25:00.025Z", "sauce": null, "sent": false, "cuisson": null}}, {"pk": 46, "model": "base.produitvendu", "fields": {"produit": 7, "contient": [], "prix": "9.4", "made_with": 4, "accompagnement": null, "date": "2013-12-06T16:25:00.218Z", "sauce": null, "sent": false, "cuisson": null}}, {"pk": 47, "model": "base.produitvendu", "fields": {"produit": 7, "contient": [], "prix": "9.4", "made_with": 4, "accompagnement": null, "date": "2013-12-06T16:25:00.467Z", "sauce": null, "sent": false, "cuisson": null}}, {"pk": 48, "model": "base.produitvendu", "fields": {"produit": 7, "contient": [], "prix": "9.4", "made_with": 4, "accompagnement": null, "date": "2013-12-06T16:25:00.682Z", "sauce": null, "sent": false, "cuisson": null}}, {"pk": 49, "model": "base.produitvendu", "fields": {"produit": 3, "contient": [], "prix": "2.8", "made_with": 2, "accompagnement": null, "date": "2013-12-06T16:25:00.875Z", "sauce": null, "sent": false, "cuisson": null}}, {"pk": 50, "model": "base.produitvendu", "fields": {"produit": 3, "contient": [], "prix": "2.8", "made_with": 2, "accompagnement": null, "date": "2013-12-06T16:25:01.210Z", "sauce": null, "sent": false, "cuisson": null}}, {"pk": 51, "model": "base.produitvendu", "fields": {"produit": 3, "contient": [], "prix": "2.8", "made_with": 2, "accompagnement": null, "date": "2013-12-06T16:25:01.383Z", "sauce": null, "sent": false, "cuisson": null}}, {"pk": 52, "model": "base.produitvendu", "fields": {"produit": 8, "contient": [53, 54], "prix": "0", "made_with": null, "accompagnement": null, "date": "2013-12-06T16:25:01.623Z", "sauce": null, "sent": false, "cuisson": null}}, {"pk": 53, "model": "base.produitvendu", "fields": {"produit": 4, "contient": [52], "prix": "0", "made_with": null, "accompagnement": null, "date": "2013-12-06T16:25:01.651Z", "sauce": null, "sent": false, "cuisson": null}}, {"pk": 54, "model": "base.produitvendu", "fields": {"produit": 7, "contient": [52], "prix": "0", "made_with": null, "accompagnement": null, "date": "2013-12-06T16:25:01.738Z", "sauce": null, "sent": false, "cuisson": null}}, {"pk": 55, "model": "base.produitvendu", "fields": {"produit": 4, "contient": [], "prix": "3.4", "made_with": 3, "accompagnement": null, "date": "2013-12-06T16:25:01.840Z", "sauce": null, "sent": true, "cuisson": null}}, {"pk": 56, "model": "base.produitvendu", "fields": {"produit": 4, "contient": [], "prix": "3.4", "made_with": 3, "accompagnement": null, "date": "2013-12-06T16:25:02.038Z", "sauce": null, "sent": true, "cuisson": null}}, {"pk": 57, "model": "base.produitvendu", "fields": {"produit": 4, "contient": [], "prix": "3.4", "made_with": 3, "accompagnement": null, "date": "2013-12-06T16:25:02.266Z", "sauce": null, "sent": true, "cuisson": null}}, {"pk": 58, "model": "base.produitvendu", "fields": {"produit": 5, "contient": [], "prix": "6.4", "made_with": 3, "accompagnement": null, "date": "2013-12-06T16:25:02.424Z", "sauce": null, "sent": true, "cuisson": null}}, {"pk": 59, "model": "base.produitvendu", "fields": {"produit": 5, "contient": [], "prix": "6.4", "made_with": 3, "accompagnement": null, "date": "2013-12-06T16:25:02.620Z", "sauce": null, "sent": true, "cuisson": null}}, {"pk": 60, "model": "base.produitvendu", "fields": {"produit": 5, "contient": [], "prix": "6.4", "made_with": 3, "accompagnement": null, "date": "2013-12-06T16:25:02.832Z", "sauce": null, "sent": true, "cuisson": null}}, {"pk": 61, "model": "base.produitvendu", "fields": {"produit": 6, "contient": [], "prix": "8.4", "made_with": 4, "accompagnement": null, "date": "2013-12-06T16:25:03.030Z", "sauce": null, "sent": false, "cuisson": null}}, {"pk": 62, "model": "base.produitvendu", "fields": {"produit": 6, "contient": [], "prix": "8.4", "made_with": 4, "accompagnement": null, "date": "2013-12-06T16:25:03.208Z", "sauce": null, "sent": false, "cuisson": null}}, {"pk": 63, "model": "base.produitvendu", "fields": {"produit": 6, "contient": [], "prix": "8.4", "made_with": 4, "accompagnement": null, "date": "2013-12-06T16:25:03.408Z", "sauce": null, "sent": false, "cuisson": null}}, {"pk": 64, "model": "base.produitvendu", "fields": {"produit": 7, "contient": [], "prix": "9.4", "made_with": 4, "accompagnement": null, "date": "2013-12-06T16:25:03.661Z", "sauce": null, "sent": false, "cuisson": null}}, {"pk": 65, "model": "base.produitvendu", "fields": {"produit": 7, "contient": [], "prix": "9.4", "made_with": 4, "accompagnement": null, "date": "2013-12-06T16:25:03.838Z", "sauce": null, "sent": false, "cuisson": null}}, {"pk": 66, "model": "base.produitvendu", "fields": {"produit": 7, "contient": [], "prix": "9.4", "made_with": 4, "accompagnement": null, "date": "2013-12-06T16:25:04.084Z", "sauce": null, "sent": false, "cuisson": null}}, {"pk": 67, "model": "base.produitvendu", "fields": {"produit": 3, "contient": [], "prix": "2.8", "made_with": 2, "accompagnement": null, "date": "2013-12-06T16:25:04.331Z", "sauce": null, "sent": false, "cuisson": null}}, {"pk": 68, "model": "base.produitvendu", "fields": {"produit": 3, "contient": [], "prix": "2.8", "made_with": 2, "accompagnement": null, "date": "2013-12-06T16:25:04.554Z", "sauce": null, "sent": false, "cuisson": null}}, {"pk": 69, "model": "base.produitvendu", "fields": {"produit": 3, "contient": [], "prix": "2.8", "made_with": 2, "accompagnement": null, "date": "2013-12-06T16:25:04.829Z", "sauce": null, "sent": false, "cuisson": null}}, {"pk": 70, "model": "base.produitvendu", "fields": {"produit": 8, "contient": [71, 72], "prix": "0", "made_with": null, "accompagnement": null, "date": "2013-12-06T16:25:05.022Z", "sauce": null, "sent": false, "cuisson": null}}, {"pk": 71, "model": "base.produitvendu", "fields": {"produit": 4, "contient": [70], "prix": "0", "made_with": null, "accompagnement": null, "date": "2013-12-06T16:25:05.034Z", "sauce": null, "sent": false, "cuisson": null}}, {"pk": 72, "model": "base.produitvendu", "fields": {"produit": 7, "contient": [70], "prix": "0", "made_with": null, "accompagnement": null, "date": "2013-12-06T16:25:05.091Z", "sauce": null, "sent": false, "cuisson": null}}, {"pk": 73, "model": "base.produitvendu", "fields": {"produit": 4, "contient": [], "prix": "3.4", "made_with": 3, "accompagnement": null, "date": "2013-12-06T16:25:05.713Z", "sauce": null, "sent": false, "cuisson": null}}, {"pk": 74, "model": "base.produitvendu", "fields": {"produit": 4, "contient": [], "prix": "3.4", "made_with": 3, "accompagnement": null, "date": "2013-12-06T16:25:06.009Z", "sauce": null, "sent": false, "cuisson": null}}, {"pk": 75, "model": "base.produitvendu", "fields": {"produit": 4, "contient": [], "prix": "3.4", "made_with": 3, "accompagnement": null, "date": "2013-12-06T16:25:06.205Z", "sauce": null, "sent": false, "cuisson": null}}, {"pk": 76, "model": "base.produitvendu", "fields": {"produit": 5, "contient": [], "prix": "6.4", "made_with": 3, "accompagnement": null, "date": "2013-12-06T16:25:06.381Z", "sauce": null, "sent": false, "cuisson": null}}, {"pk": 77, "model": "base.produitvendu", "fields": {"produit": 5, "contient": [], "prix": "6.4", "made_with": 3, "accompagnement": null, "date": "2013-12-06T16:25:06.599Z", "sauce": null, "sent": false, "cuisson": null}}, {"pk": 78, "model": "base.produitvendu", "fields": {"produit": 5, "contient": [], "prix": "6.4", "made_with": 3, "accompagnement": null, "date": "2013-12-06T16:25:06.822Z", "sauce": null, "sent": false, "cuisson": null}}, {"pk": 79, "model": "base.produitvendu", "fields": {"produit": 6, "contient": [], "prix": "8.4", "made_with": 4, "accompagnement": null, "date": "2013-12-06T16:25:06.976Z", "sauce": null, "sent": false, "cuisson": null}}, {"pk": 80, "model": "base.produitvendu", "fields": {"produit": 6, "contient": [], "prix": "8.4", "made_with": 4, "accompagnement": null, "date": "2013-12-06T16:25:07.230Z", "sauce": null, "sent": false, "cuisson": null}}, {"pk": 81, "model": "base.produitvendu", "fields": {"produit": 6, "contient": [], "prix": "8.4", "made_with": 4, "accompagnement": null, "date": "2013-12-06T16:25:07.430Z", "sauce": null, "sent": false, "cuisson": null}}, {"pk": 82, "model": "base.produitvendu", "fields": {"produit": 7, "contient": [], "prix": "9.4", "made_with": 4, "accompagnement": null, "date": "2013-12-06T16:25:07.602Z", "sauce": null, "sent": false, "cuisson": null}}, {"pk": 83, "model": "base.produitvendu", "fields": {"produit": 7, "contient": [], "prix": "9.4", "made_with": 4, "accompagnement": null, "date": "2013-12-06T16:25:07.870Z", "sauce": null, "sent": false, "cuisson": null}}, {"pk": 84, "model": "base.produitvendu", "fields": {"produit": 7, "contient": [], "prix": "9.4", "made_with": 4, "accompagnement": null, "date": "2013-12-06T16:25:08.064Z", "sauce": null, "sent": false, "cuisson": null}}, {"pk": 85, "model": "base.produitvendu", "fields": {"produit": 3, "contient": [], "prix": "2.8", "made_with": 2, "accompagnement": null, "date": "2013-12-06T16:25:08.267Z", "sauce": null, "sent": false, "cuisson": null}}, {"pk": 86, "model": "base.produitvendu", "fields": {"produit": 3, "contient": [], "prix": "2.8", "made_with": 2, "accompagnement": null, "date": "2013-12-06T16:25:08.611Z", "sauce": null, "sent": false, "cuisson": null}}, {"pk": 87, "model": "base.produitvendu", "fields": {"produit": 3, "contient": [], "prix": "2.8", "made_with": 2, "accompagnement": null, "date": "2013-12-06T16:25:08.834Z", "sauce": null, "sent": false, "cuisson": null}}, {"pk": 88, "model": "base.produitvendu", "fields": {"produit": 8, "contient": [89, 90], "prix": "0", "made_with": null, "accompagnement": null, "date": "2013-12-06T16:25:09.015Z", "sauce": null, "sent": false, "cuisson": null}}, {"pk": 89, "model": "base.produitvendu", "fields": {"produit": 4, "contient": [88], "prix": "0", "made_with": null, "accompagnement": null, "date": "2013-12-06T16:25:09.036Z", "sauce": null, "sent": false, "cuisson": null}}, {"pk": 90, "model": "base.produitvendu", "fields": {"produit": 7, "contient": [88], "prix": "0", "made_with": null, "accompagnement": null, "date": "2013-12-06T16:25:09.101Z", "sauce": null, "sent": false, "cuisson": null}}, {"pk": 91, "model": "base.produitvendu", "fields": {"produit": 4, "contient": [], "prix": "3.4", "made_with": 3, "accompagnement": null, "date": "2013-12-06T16:25:09.201Z", "sauce": null, "sent": true, "cuisson": null}}, {"pk": 92, "model": "base.produitvendu", "fields": {"produit": 4, "contient": [], "prix": "3.4", "made_with": 3, "accompagnement": null, "date": "2013-12-06T16:25:09.477Z", "sauce": null, "sent": true, "cuisson": null}}, {"pk": 93, "model": "base.produitvendu", "fields": {"produit": 4, "contient": [], "prix": "3.4", "made_with": 3, "accompagnement": null, "date": "2013-12-06T16:25:09.669Z", "sauce": null, "sent": true, "cuisson": null}}, {"pk": 94, "model": "base.produitvendu", "fields": {"produit": 5, "contient": [], "prix": "6.4", "made_with": 3, "accompagnement": null, "date": "2013-12-06T16:25:09.877Z", "sauce": null, "sent": true, "cuisson": null}}, {"pk": 95, "model": "base.produitvendu", "fields": {"produit": 5, "contient": [], "prix": "6.4", "made_with": 3, "accompagnement": null, "date": "2013-12-06T16:25:10.028Z", "sauce": null, "sent": true, "cuisson": null}}, {"pk": 96, "model": "base.produitvendu", "fields": {"produit": 5, "contient": [], "prix": "6.4", "made_with": 3, "accompagnement": null, "date": "2013-12-06T16:25:10.252Z", "sauce": null, "sent": true, "cuisson": null}}, {"pk": 97, "model": "base.produitvendu", "fields": {"produit": 6, "contient": [], "prix": "8.4", "made_with": 4, "accompagnement": null, "date": "2013-12-06T16:25:10.474Z", "sauce": null, "sent": false, "cuisson": null}}, {"pk": 98, "model": "base.produitvendu", "fields": {"produit": 6, "contient": [], "prix": "8.4", "made_with": 4, "accompagnement": null, "date": "2013-12-06T16:25:10.622Z", "sauce": null, "sent": false, "cuisson": null}}, {"pk": 99, "model": "base.produitvendu", "fields": {"produit": 6, "contient": [], "prix": "8.4", "made_with": 4, "accompagnement": null, "date": "2013-12-06T16:25:10.879Z", "sauce": null, "sent": false, "cuisson": null}}, {"pk": 100, "model": "base.produitvendu", "fields": {"produit": 7, "contient": [], "prix": "9.4", "made_with": 4, "accompagnement": null, "date": "2013-12-06T16:25:11.084Z", "sauce": null, "sent": false, "cuisson": null}}, {"pk": 101, "model": "base.produitvendu", "fields": {"produit": 7, "contient": [], "prix": "9.4", "made_with": 4, "accompagnement": null, "date": "2013-12-06T16:25:11.258Z", "sauce": null, "sent": false, "cuisson": null}}, {"pk": 102, "model": "base.produitvendu", "fields": {"produit": 7, "contient": [], "prix": "9.4", "made_with": 4, "accompagnement": null, "date": "2013-12-06T16:25:11.533Z", "sauce": null, "sent": false, "cuisson": null}}, {"pk": 103, "model": "base.produitvendu", "fields": {"produit": 3, "contient": [], "prix": "2.8", "made_with": 2, "accompagnement": null, "date": "2013-12-06T16:25:11.737Z", "sauce": null, "sent": false, "cuisson": null}}, {"pk": 104, "model": "base.produitvendu", "fields": {"produit": 3, "contient": [], "prix": "2.8", "made_with": 2, "accompagnement": null, "date": "2013-12-06T16:25:12.020Z", "sauce": null, "sent": false, "cuisson": null}}, {"pk": 105, "model": "base.produitvendu", "fields": {"produit": 3, "contient": [], "prix": "2.8", "made_with": 2, "accompagnement": null, "date": "2013-12-06T16:25:12.273Z", "sauce": null, "sent": false, "cuisson": null}}, {"pk": 106, "model": "base.produitvendu", "fields": {"produit": 8, "contient": [107, 108], "prix": "0", "made_with": null, "accompagnement": null, "date": "2013-12-06T16:25:12.500Z", "sauce": null, "sent": false, "cuisson": null}}, {"pk": 107, "model": "base.produitvendu", "fields": {"produit": 4, "contient": [106], "prix": "0", "made_with": null, "accompagnement": null, "date": "2013-12-06T16:25:12.521Z", "sauce": null, "sent": false, "cuisson": null}}, {"pk": 108, "model": "base.produitvendu", "fields": {"produit": 7, "contient": [106], "prix": "0", "made_with": null, "accompagnement": null, "date": "2013-12-06T16:25:12.585Z", "sauce": null, "sent": false, "cuisson": null}}, {"pk": 109, "model": "base.produitvendu", "fields": {"produit": 4, "contient": [], "prix": "3.4", "made_with": 3, "accompagnement": null, "date": "2013-12-06T16:25:13.195Z", "sauce": null, "sent": false, "cuisson": null}}, {"pk": 110, "model": "base.produitvendu", "fields": {"produit": 4, "contient": [], "prix": "3.4", "made_with": 3, "accompagnement": null, "date": "2013-12-06T16:25:13.479Z", "sauce": null, "sent": false, "cuisson": null}}, {"pk": 111, "model": "base.produitvendu", "fields": {"produit": 4, "contient": [], "prix": "3.4", "made_with": 3, "accompagnement": null, "date": "2013-12-06T16:25:13.678Z", "sauce": null, "sent": false, "cuisson": null}}, {"pk": 112, "model": "base.produitvendu", "fields": {"produit": 5, "contient": [], "prix": "6.4", "made_with": 3, "accompagnement": null, "date": "2013-12-06T16:25:13.813Z", "sauce": null, "sent": false, "cuisson": null}}, {"pk": 113, "model": "base.produitvendu", "fields": {"produit": 5, "contient": [], "prix": "6.4", "made_with": 3, "accompagnement": null, "date": "2013-12-06T16:25:14.059Z", "sauce": null, "sent": false, "cuisson": null}}, {"pk": 114, "model": "base.produitvendu", "fields": {"produit": 5, "contient": [], "prix": "6.4", "made_with": 3, "accompagnement": null, "date": "2013-12-06T16:25:14.243Z", "sauce": null, "sent": false, "cuisson": null}}, {"pk": 115, "model": "base.produitvendu", "fields": {"produit": 6, "contient": [], "prix": "8.4", "made_with": 4, "accompagnement": null, "date": "2013-12-06T16:25:14.402Z", "sauce": null, "sent": false, "cuisson": null}}, {"pk": 116, "model": "base.produitvendu", "fields": {"produit": 6, "contient": [], "prix": "8.4", "made_with": 4, "accompagnement": null, "date": "2013-12-06T16:25:14.670Z", "sauce": null, "sent": false, "cuisson": null}}, {"pk": 117, "model": "base.produitvendu", "fields": {"produit": 6, "contient": [], "prix": "8.4", "made_with": 4, "accompagnement": null, "date": "2013-12-06T16:25:14.850Z", "sauce": null, "sent": false, "cuisson": null}}, {"pk": 118, "model": "base.produitvendu", "fields": {"produit": 7, "contient": [], "prix": "9.4", "made_with": 4, "accompagnement": null, "date": "2013-12-06T16:25:15.041Z", "sauce": null, "sent": false, "cuisson": null}}, {"pk": 119, "model": "base.produitvendu", "fields": {"produit": 7, "contient": [], "prix": "9.4", "made_with": 4, "accompagnement": null, "date": "2013-12-06T16:25:15.313Z", "sauce": null, "sent": false, "cuisson": null}}, {"pk": 120, "model": "base.produitvendu", "fields": {"produit": 7, "contient": [], "prix": "9.4", "made_with": 4, "accompagnement": null, "date": "2013-12-06T16:25:15.494Z", "sauce": null, "sent": false, "cuisson": null}}, {"pk": 121, "model": "base.produitvendu", "fields": {"produit": 3, "contient": [], "prix": "2.8", "made_with": 2, "accompagnement": null, "date": "2013-12-06T16:25:15.727Z", "sauce": null, "sent": false, "cuisson": null}}, {"pk": 122, "model": "base.produitvendu", "fields": {"produit": 3, "contient": [], "prix": "2.8", "made_with": 2, "accompagnement": null, "date": "2013-12-06T16:25:16.017Z", "sauce": null, "sent": false, "cuisson": null}}, {"pk": 123, "model": "base.produitvendu", "fields": {"produit": 3, "contient": [], "prix": "2.8", "made_with": 2, "accompagnement": null, "date": "2013-12-06T16:25:16.248Z", "sauce": null, "sent": false, "cuisson": null}}, {"pk": 124, "model": "base.produitvendu", "fields": {"produit": 8, "contient": [125, 126], "prix": "0", "made_with": null, "accompagnement": null, "date": "2013-12-06T16:25:16.477Z", "sauce": null, "sent": false, "cuisson": null}}, {"pk": 125, "model": "base.produitvendu", "fields": {"produit": 4, "contient": [124], "prix": "0", "made_with": null, "accompagnement": null, "date": "2013-12-06T16:25:16.500Z", "sauce": null, "sent": false, "cuisson": null}}, {"pk": 126, "model": "base.produitvendu", "fields": {"produit": 7, "contient": [124], "prix": "0", "made_with": null, "accompagnement": null, "date": "2013-12-06T16:25:16.571Z", "sauce": null, "sent": false, "cuisson": null}}, {"pk": 127, "model": "base.produitvendu", "fields": {"produit": 4, "contient": [], "prix": "3.4", "made_with": 3, "accompagnement": null, "date": "2013-12-06T16:25:16.704Z", "sauce": null, "sent": true, "cuisson": null}}, {"pk": 128, "model": "base.produitvendu", "fields": {"produit": 4, "contient": [], "prix": "3.4", "made_with": 3, "accompagnement": null, "date": "2013-12-06T16:25:16.946Z", "sauce": null, "sent": true, "cuisson": null}}, {"pk": 129, "model": "base.produitvendu", "fields": {"produit": 4, "contient": [], "prix": "3.4", "made_with": 3, "accompagnement": null, "date": "2013-12-06T16:25:17.158Z", "sauce": null, "sent": true, "cuisson": null}}, {"pk": 130, "model": "base.produitvendu", "fields": {"produit": 5, "contient": [], "prix": "6.4", "made_with": 3, "accompagnement": null, "date": "2013-12-06T16:25:17.385Z", "sauce": null, "sent": true, "cuisson": null}}, {"pk": 131, "model": "base.produitvendu", "fields": {"produit": 5, "contient": [], "prix": "6.4", "made_with": 3, "accompagnement": null, "date": "2013-12-06T16:25:17.526Z", "sauce": null, "sent": true, "cuisson": null}}, {"pk": 132, "model": "base.produitvendu", "fields": {"produit": 5, "contient": [], "prix": "6.4", "made_with": 3, "accompagnement": null, "date": "2013-12-06T16:25:17.773Z", "sauce": null, "sent": true, "cuisson": null}}, {"pk": 133, "model": "base.produitvendu", "fields": {"produit": 6, "contient": [], "prix": "8.4", "made_with": 4, "accompagnement": null, "date": "2013-12-06T16:25:17.975Z", "sauce": null, "sent": false, "cuisson": null}}, {"pk": 134, "model": "base.produitvendu", "fields": {"produit": 6, "contient": [], "prix": "8.4", "made_with": 4, "accompagnement": null, "date": "2013-12-06T16:25:18.118Z", "sauce": null, "sent": false, "cuisson": null}}, {"pk": 135, "model": "base.produitvendu", "fields": {"produit": 6, "contient": [], "prix": "8.4", "made_with": 4, "accompagnement": null, "date": "2013-12-06T16:25:18.400Z", "sauce": null, "sent": false, "cuisson": null}}, {"pk": 136, "model": "base.produitvendu", "fields": {"produit": 7, "contient": [], "prix": "9.4", "made_with": 4, "accompagnement": null, "date": "2013-12-06T16:25:18.594Z", "sauce": null, "sent": false, "cuisson": null}}, {"pk": 137, "model": "base.produitvendu", "fields": {"produit": 7, "contient": [], "prix": "9.4", "made_with": 4, "accompagnement": null, "date": "2013-12-06T16:25:18.778Z", "sauce": null, "sent": false, "cuisson": null}}, {"pk": 138, "model": "base.produitvendu", "fields": {"produit": 7, "contient": [], "prix": "9.4", "made_with": 4, "accompagnement": null, "date": "2013-12-06T16:25:19.052Z", "sauce": null, "sent": false, "cuisson": null}}, {"pk": 139, "model": "base.produitvendu", "fields": {"produit": 3, "contient": [], "prix": "2.8", "made_with": 2, "accompagnement": null, "date": "2013-12-06T16:25:19.249Z", "sauce": null, "sent": false, "cuisson": null}}, {"pk": 140, "model": "base.produitvendu", "fields": {"produit": 3, "contient": [], "prix": "2.8", "made_with": 2, "accompagnement": null, "date": "2013-12-06T16:25:19.529Z", "sauce": null, "sent": false, "cuisson": null}}, {"pk": 141, "model": "base.produitvendu", "fields": {"produit": 3, "contient": [], "prix": "2.8", "made_with": 2, "accompagnement": null, "date": "2013-12-06T16:25:19.784Z", "sauce": null, "sent": false, "cuisson": null}}, {"pk": 142, "model": "base.produitvendu", "fields": {"produit": 8, "contient": [143, 144], "prix": "0", "made_with": null, "accompagnement": null, "date": "2013-12-06T16:25:20.007Z", "sauce": null, "sent": false, "cuisson": null}}, {"pk": 143, "model": "base.produitvendu", "fields": {"produit": 4, "contient": [142], "prix": "0", "made_with": null, "accompagnement": null, "date": "2013-12-06T16:25:20.031Z", "sauce": null, "sent": false, "cuisson": null}}, {"pk": 144, "model": "base.produitvendu", "fields": {"produit": 7, "contient": [142], "prix": "0", "made_with": null, "accompagnement": null, "date": "2013-12-06T16:25:20.101Z", "sauce": null, "sent": false, "cuisson": null}}, {"pk": 145, "model": "base.produitvendu", "fields": {"produit": 4, "contient": [], "prix": "3.4", "made_with": 3, "accompagnement": null, "date": "2013-12-06T16:25:20.732Z", "sauce": null, "sent": false, "cuisson": null}}, {"pk": 146, "model": "base.produitvendu", "fields": {"produit": 4, "contient": [], "prix": "3.4", "made_with": 3, "accompagnement": null, "date": "2013-12-06T16:25:21.018Z", "sauce": null, "sent": false, "cuisson": null}}, {"pk": 147, "model": "base.produitvendu", "fields": {"produit": 4, "contient": [], "prix": "3.4", "made_with": 3, "accompagnement": null, "date": "2013-12-06T16:25:21.224Z", "sauce": null, "sent": false, "cuisson": null}}, {"pk": 148, "model": "base.produitvendu", "fields": {"produit": 5, "contient": [], "prix": "6.4", "made_with": 3, "accompagnement": null, "date": "2013-12-06T16:25:21.382Z", "sauce": null, "sent": false, "cuisson": null}}, {"pk": 149, "model": "base.produitvendu", "fields": {"produit": 5, "contient": [], "prix": "6.4", "made_with": 3, "accompagnement": null, "date": "2013-12-06T16:25:21.612Z", "sauce": null, "sent": false, "cuisson": null}}, {"pk": 150, "model": "base.produitvendu", "fields": {"produit": 5, "contient": [], "prix": "6.4", "made_with": 3, "accompagnement": null, "date": "2013-12-06T16:25:21.804Z", "sauce": null, "sent": false, "cuisson": null}}, {"pk": 151, "model": "base.produitvendu", "fields": {"produit": 6, "contient": [], "prix": "8.4", "made_with": 4, "accompagnement": null, "date": "2013-12-06T16:25:21.965Z", "sauce": null, "sent": false, "cuisson": null}}, {"pk": 152, "model": "base.produitvendu", "fields": {"produit": 6, "contient": [], "prix": "8.4", "made_with": 4, "accompagnement": null, "date": "2013-12-06T16:25:22.237Z", "sauce": null, "sent": false, "cuisson": null}}, {"pk": 153, "model": "base.produitvendu", "fields": {"produit": 6, "contient": [], "prix": "8.4", "made_with": 4, "accompagnement": null, "date": "2013-12-06T16:25:22.398Z", "sauce": null, "sent": false, "cuisson": null}}, {"pk": 154, "model": "base.produitvendu", "fields": {"produit": 7, "contient": [], "prix": "9.4", "made_with": 4, "accompagnement": null, "date": "2013-12-06T16:25:22.541Z", "sauce": null, "sent": false, "cuisson": null}}, {"pk": 155, "model": "base.produitvendu", "fields": {"produit": 7, "contient": [], "prix": "9.4", "made_with": 4, "accompagnement": null, "date": "2013-12-06T16:25:22.770Z", "sauce": null, "sent": false, "cuisson": null}}, {"pk": 156, "model": "base.produitvendu", "fields": {"produit": 7, "contient": [], "prix": "9.4", "made_with": 4, "accompagnement": null, "date": "2013-12-06T16:25:22.915Z", "sauce": null, "sent": false, "cuisson": null}}, {"pk": 157, "model": "base.produitvendu", "fields": {"produit": 3, "contient": [], "prix": "2.8", "made_with": 2, "accompagnement": null, "date": "2013-12-06T16:25:23.079Z", "sauce": null, "sent": false, "cuisson": null}}, {"pk": 158, "model": "base.produitvendu", "fields": {"produit": 3, "contient": [], "prix": "2.8", "made_with": 2, "accompagnement": null, "date": "2013-12-06T16:25:23.394Z", "sauce": null, "sent": false, "cuisson": null}}, {"pk": 159, "model": "base.produitvendu", "fields": {"produit": 3, "contient": [], "prix": "2.8", "made_with": 2, "accompagnement": null, "date": "2013-12-06T16:25:23.598Z", "sauce": null, "sent": false, "cuisson": null}}, {"pk": 160, "model": "base.produitvendu", "fields": {"produit": 8, "contient": [161, 162], "prix": "0", "made_with": null, "accompagnement": null, "date": "2013-12-06T16:25:23.845Z", "sauce": null, "sent": false, "cuisson": null}}, {"pk": 161, "model": "base.produitvendu", "fields": {"produit": 4, "contient": [160], "prix": "0", "made_with": null, "accompagnement": null, "date": "2013-12-06T16:25:23.875Z", "sauce": null, "sent": false, "cuisson": null}}, {"pk": 162, "model": "base.produitvendu", "fields": {"produit": 7, "contient": [160], "prix": "0", "made_with": null, "accompagnement": null, "date": "2013-12-06T16:25:23.947Z", "sauce": null, "sent": false, "cuisson": null}}, {"pk": 163, "model": "base.produitvendu", "fields": {"produit": 4, "contient": [], "prix": "3.4", "made_with": 3, "accompagnement": null, "date": "2013-12-06T16:25:24.037Z", "sauce": null, "sent": true, "cuisson": null}}, {"pk": 164, "model": "base.produitvendu", "fields": {"produit": 4, "contient": [], "prix": "3.4", "made_with": 3, "accompagnement": null, "date": "2013-12-06T16:25:24.251Z", "sauce": null, "sent": true, "cuisson": null}}, {"pk": 165, "model": "base.produitvendu", "fields": {"produit": 4, "contient": [], "prix": "3.4", "made_with": 3, "accompagnement": null, "date": "2013-12-06T16:25:24.427Z", "sauce": null, "sent": true, "cuisson": null}}, {"pk": 166, "model": "base.produitvendu", "fields": {"produit": 5, "contient": [], "prix": "6.4", "made_with": 3, "accompagnement": null, "date": "2013-12-06T16:25:24.637Z", "sauce": null, "sent": true, "cuisson": null}}, {"pk": 167, "model": "base.produitvendu", "fields": {"produit": 5, "contient": [], "prix": "6.4", "made_with": 3, "accompagnement": null, "date": "2013-12-06T16:25:24.811Z", "sauce": null, "sent": true, "cuisson": null}}, {"pk": 168, "model": "base.produitvendu", "fields": {"produit": 5, "contient": [], "prix": "6.4", "made_with": 3, "accompagnement": null, "date": "2013-12-06T16:25:25.020Z", "sauce": null, "sent": true, "cuisson": null}}, {"pk": 169, "model": "base.produitvendu", "fields": {"produit": 6, "contient": [], "prix": "8.4", "made_with": 4, "accompagnement": null, "date": "2013-12-06T16:25:25.253Z", "sauce": null, "sent": false, "cuisson": null}}, {"pk": 170, "model": "base.produitvendu", "fields": {"produit": 6, "contient": [], "prix": "8.4", "made_with": 4, "accompagnement": null, "date": "2013-12-06T16:25:25.410Z", "sauce": null, "sent": false, "cuisson": null}}, {"pk": 171, "model": "base.produitvendu", "fields": {"produit": 6, "contient": [], "prix": "8.4", "made_with": 4, "accompagnement": null, "date": "2013-12-06T16:25:25.654Z", "sauce": null, "sent": false, "cuisson": null}}, {"pk": 172, "model": "base.produitvendu", "fields": {"produit": 7, "contient": [], "prix": "9.4", "made_with": 4, "accompagnement": null, "date": "2013-12-06T16:25:25.882Z", "sauce": null, "sent": false, "cuisson": null}}, {"pk": 173, "model": "base.produitvendu", "fields": {"produit": 7, "contient": [], "prix": "9.4", "made_with": 4, "accompagnement": null, "date": "2013-12-06T16:25:26.037Z", "sauce": null, "sent": false, "cuisson": null}}, {"pk": 174, "model": "base.produitvendu", "fields": {"produit": 7, "contient": [], "prix": "9.4", "made_with": 4, "accompagnement": null, "date": "2013-12-06T16:25:26.305Z", "sauce": null, "sent": false, "cuisson": null}}, {"pk": 175, "model": "base.produitvendu", "fields": {"produit": 3, "contient": [], "prix": "2.8", "made_with": 2, "accompagnement": null, "date": "2013-12-06T16:25:26.530Z", "sauce": null, "sent": false, "cuisson": null}}, {"pk": 176, "model": "base.produitvendu", "fields": {"produit": 3, "contient": [], "prix": "2.8", "made_with": 2, "accompagnement": null, "date": "2013-12-06T16:25:26.769Z", "sauce": null, "sent": false, "cuisson": null}}, {"pk": 177, "model": "base.produitvendu", "fields": {"produit": 3, "contient": [], "prix": "2.8", "made_with": 2, "accompagnement": null, "date": "2013-12-06T16:25:27.050Z", "sauce": null, "sent": false, "cuisson": null}}, {"pk": 178, "model": "base.produitvendu", "fields": {"produit": 8, "contient": [179, 180], "prix": "0", "made_with": null, "accompagnement": null, "date": "2013-12-06T16:25:27.246Z", "sauce": null, "sent": false, "cuisson": null}}, {"pk": 179, "model": "base.produitvendu", "fields": {"produit": 4, "contient": [178], "prix": "0", "made_with": null, "accompagnement": null, "date": "2013-12-06T16:25:27.260Z", "sauce": null, "sent": false, "cuisson": null}}, {"pk": 180, "model": "base.produitvendu", "fields": {"produit": 7, "contient": [178], "prix": "0", "made_with": null, "accompagnement": null, "date": "2013-12-06T16:25:27.330Z", "sauce": null, "sent": false, "cuisson": null}}, {"pk": 181, "model": "base.produitvendu", "fields": {"produit": 4, "contient": [], "prix": "3.4", "made_with": 3, "accompagnement": null, "date": "2013-12-06T16:25:27.961Z", "sauce": null, "sent": false, "cuisson": null}}, {"pk": 182, "model": "base.produitvendu", "fields": {"produit": 4, "contient": [], "prix": "3.4", "made_with": 3, "accompagnement": null, "date": "2013-12-06T16:25:28.265Z", "sauce": null, "sent": false, "cuisson": null}}, {"pk": 183, "model": "base.produitvendu", "fields": {"produit": 4, "contient": [], "prix": "3.4", "made_with": 3, "accompagnement": null, "date": "2013-12-06T16:25:28.454Z", "sauce": null, "sent": false, "cuisson": null}}, {"pk": 184, "model": "base.produitvendu", "fields": {"produit": 5, "contient": [], "prix": "6.4", "made_with": 3, "accompagnement": null, "date": "2013-12-06T16:25:28.637Z", "sauce": null, "sent": false, "cuisson": null}}, {"pk": 185, "model": "base.produitvendu", "fields": {"produit": 5, "contient": [], "prix": "6.4", "made_with": 3, "accompagnement": null, "date": "2013-12-06T16:25:28.826Z", "sauce": null, "sent": false, "cuisson": null}}, {"pk": 186, "model": "base.produitvendu", "fields": {"produit": 5, "contient": [], "prix": "6.4", "made_with": 3, "accompagnement": null, "date": "2013-12-06T16:25:29.046Z", "sauce": null, "sent": false, "cuisson": null}}, {"pk": 187, "model": "base.produitvendu", "fields": {"produit": 6, "contient": [], "prix": "8.4", "made_with": 4, "accompagnement": null, "date": "2013-12-06T16:25:29.216Z", "sauce": null, "sent": false, "cuisson": null}}, {"pk": 188, "model": "base.produitvendu", "fields": {"produit": 6, "contient": [], "prix": "8.4", "made_with": 4, "accompagnement": null, "date": "2013-12-06T16:25:29.442Z", "sauce": null, "sent": false, "cuisson": null}}, {"pk": 189, "model": "base.produitvendu", "fields": {"produit": 6, "contient": [], "prix": "8.4", "made_with": 4, "accompagnement": null, "date": "2013-12-06T16:25:29.664Z", "sauce": null, "sent": false, "cuisson": null}}, {"pk": 190, "model": "base.produitvendu", "fields": {"produit": 7, "contient": [], "prix": "9.4", "made_with": 4, "accompagnement": null, "date": "2013-12-06T16:25:29.840Z", "sauce": null, "sent": false, "cuisson": null}}, {"pk": 191, "model": "base.produitvendu", "fields": {"produit": 7, "contient": [], "prix": "9.4", "made_with": 4, "accompagnement": null, "date": "2013-12-06T16:25:30.097Z", "sauce": null, "sent": false, "cuisson": null}}, {"pk": 192, "model": "base.produitvendu", "fields": {"produit": 7, "contient": [], "prix": "9.4", "made_with": 4, "accompagnement": null, "date": "2013-12-06T16:25:30.313Z", "sauce": null, "sent": false, "cuisson": null}}, {"pk": 193, "model": "base.produitvendu", "fields": {"produit": 3, "contient": [], "prix": "2.8", "made_with": 2, "accompagnement": null, "date": "2013-12-06T16:25:30.481Z", "sauce": null, "sent": false, "cuisson": null}}, {"pk": 194, "model": "base.produitvendu", "fields": {"produit": 3, "contient": [], "prix": "2.8", "made_with": 2, "accompagnement": null, "date": "2013-12-06T16:25:30.822Z", "sauce": null, "sent": false, "cuisson": null}}, {"pk": 195, "model": "base.produitvendu", "fields": {"produit": 3, "contient": [], "prix": "2.8", "made_with": 2, "accompagnement": null, "date": "2013-12-06T16:25:31.022Z", "sauce": null, "sent": false, "cuisson": null}}, {"pk": 196, "model": "base.produitvendu", "fields": {"produit": 8, "contient": [197, 198], "prix": "0", "made_with": null, "accompagnement": null, "date": "2013-12-06T16:25:31.259Z", "sauce": null, "sent": false, "cuisson": null}}, {"pk": 197, "model": "base.produitvendu", "fields": {"produit": 4, "contient": [196], "prix": "0", "made_with": null, "accompagnement": null, "date": "2013-12-06T16:25:31.290Z", "sauce": null, "sent": false, "cuisson": null}}, {"pk": 198, "model": "base.produitvendu", "fields": {"produit": 7, "contient": [196], "prix": "0", "made_with": null, "accompagnement": null, "date": "2013-12-06T16:25:31.382Z", "sauce": null, "sent": false, "cuisson": null}}, {"pk": 199, "model": "base.produitvendu", "fields": {"produit": 4, "contient": [], "prix": "3.4", "made_with": 3, "accompagnement": null, "date": "2013-12-06T16:25:31.499Z", "sauce": null, "sent": true, "cuisson": null}}, {"pk": 200, "model": "base.produitvendu", "fields": {"produit": 4, "contient": [], "prix": "3.4", "made_with": 3, "accompagnement": null, "date": "2013-12-06T16:25:31.768Z", "sauce": null, "sent": true, "cuisson": null}}, {"pk": 201, "model": "base.produitvendu", "fields": {"produit": 4, "contient": [], "prix": "3.4", "made_with": 3, "accompagnement": null, "date": "2013-12-06T16:25:31.980Z", "sauce": null, "sent": true, "cuisson": null}}, {"pk": 202, "model": "base.produitvendu", "fields": {"produit": 5, "contient": [], "prix": "6.4", "made_with": 3, "accompagnement": null, "date": "2013-12-06T16:25:32.161Z", "sauce": null, "sent": true, "cuisson": null}}, {"pk": 203, "model": "base.produitvendu", "fields": {"produit": 5, "contient": [], "prix": "6.4", "made_with": 3, "accompagnement": null, "date": "2013-12-06T16:25:32.356Z", "sauce": null, "sent": true, "cuisson": null}}, {"pk": 204, "model": "base.produitvendu", "fields": {"produit": 5, "contient": [], "prix": "6.4", "made_with": 3, "accompagnement": null, "date": "2013-12-06T16:25:32.570Z", "sauce": null, "sent": true, "cuisson": null}}, {"pk": 205, "model": "base.produitvendu", "fields": {"produit": 6, "contient": [], "prix": "8.4", "made_with": 4, "accompagnement": null, "date": "2013-12-06T16:25:32.769Z", "sauce": null, "sent": false, "cuisson": null}}, {"pk": 206, "model": "base.produitvendu", "fields": {"produit": 6, "contient": [], "prix": "8.4", "made_with": 4, "accompagnement": null, "date": "2013-12-06T16:25:32.975Z", "sauce": null, "sent": false, "cuisson": null}}, {"pk": 207, "model": "base.produitvendu", "fields": {"produit": 6, "contient": [], "prix": "8.4", "made_with": 4, "accompagnement": null, "date": "2013-12-06T16:25:33.189Z", "sauce": null, "sent": false, "cuisson": null}}, {"pk": 208, "model": "base.produitvendu", "fields": {"produit": 7, "contient": [], "prix": "9.4", "made_with": 4, "accompagnement": null, "date": "2013-12-06T16:25:33.423Z", "sauce": null, "sent": false, "cuisson": null}}, {"pk": 209, "model": "base.produitvendu", "fields": {"produit": 7, "contient": [], "prix": "9.4", "made_with": 4, "accompagnement": null, "date": "2013-12-06T16:25:33.609Z", "sauce": null, "sent": false, "cuisson": null}}, {"pk": 210, "model": "base.produitvendu", "fields": {"produit": 7, "contient": [], "prix": "9.4", "made_with": 4, "accompagnement": null, "date": "2013-12-06T16:25:33.840Z", "sauce": null, "sent": false, "cuisson": null}}, {"pk": 211, "model": "base.produitvendu", "fields": {"produit": 3, "contient": [], "prix": "2.8", "made_with": 2, "accompagnement": null, "date": "2013-12-06T16:25:34.088Z", "sauce": null, "sent": false, "cuisson": null}}, {"pk": 212, "model": "base.produitvendu", "fields": {"produit": 3, "contient": [], "prix": "2.8", "made_with": 2, "accompagnement": null, "date": "2013-12-06T16:25:34.312Z", "sauce": null, "sent": false, "cuisson": null}}, {"pk": 213, "model": "base.produitvendu", "fields": {"produit": 3, "contient": [], "prix": "2.8", "made_with": 2, "accompagnement": null, "date": "2013-12-06T16:25:34.601Z", "sauce": null, "sent": false, "cuisson": null}}, {"pk": 214, "model": "base.produitvendu", "fields": {"produit": 8, "contient": [215, 216], "prix": "0", "made_with": null, "accompagnement": null, "date": "2013-12-06T16:25:34.817Z", "sauce": null, "sent": false, "cuisson": null}}, {"pk": 215, "model": "base.produitvendu", "fields": {"produit": 4, "contient": [214], "prix": "0", "made_with": null, "accompagnement": null, "date": "2013-12-06T16:25:34.831Z", "sauce": null, "sent": false, "cuisson": null}}, {"pk": 216, "model": "base.produitvendu", "fields": {"produit": 7, "contient": [214], "prix": "0", "made_with": null, "accompagnement": null, "date": "2013-12-06T16:25:34.874Z", "sauce": null, "sent": false, "cuisson": null}}, {"pk": 217, "model": "base.produitvendu", "fields": {"produit": 4, "contient": [], "prix": "3.4", "made_with": 3, "accompagnement": null, "date": "2013-12-06T16:25:35.481Z", "sauce": null, "sent": false, "cuisson": null}}, {"pk": 218, "model": "base.produitvendu", "fields": {"produit": 4, "contient": [], "prix": "3.4", "made_with": 3, "accompagnement": null, "date": "2013-12-06T16:25:35.757Z", "sauce": null, "sent": false, "cuisson": null}}, {"pk": 219, "model": "base.produitvendu", "fields": {"produit": 4, "contient": [], "prix": "3.4", "made_with": 3, "accompagnement": null, "date": "2013-12-06T16:25:35.907Z", "sauce": null, "sent": false, "cuisson": null}}, {"pk": 220, "model": "base.produitvendu", "fields": {"produit": 5, "contient": [], "prix": "6.4", "made_with": 3, "accompagnement": null, "date": "2013-12-06T16:25:36.082Z", "sauce": null, "sent": false, "cuisson": null}}, {"pk": 221, "model": "base.produitvendu", "fields": {"produit": 5, "contient": [], "prix": "6.4", "made_with": 3, "accompagnement": null, "date": "2013-12-06T16:25:36.288Z", "sauce": null, "sent": false, "cuisson": null}}, {"pk": 222, "model": "base.produitvendu", "fields": {"produit": 5, "contient": [], "prix": "6.4", "made_with": 3, "accompagnement": null, "date": "2013-12-06T16:25:36.473Z", "sauce": null, "sent": false, "cuisson": null}}, {"pk": 223, "model": "base.produitvendu", "fields": {"produit": 6, "contient": [], "prix": "8.4", "made_with": 4, "accompagnement": null, "date": "2013-12-06T16:25:36.732Z", "sauce": null, "sent": false, "cuisson": null}}, {"pk": 224, "model": "base.produitvendu", "fields": {"produit": 6, "contient": [], "prix": "8.4", "made_with": 4, "accompagnement": null, "date": "2013-12-06T16:25:36.901Z", "sauce": null, "sent": false, "cuisson": null}}, {"pk": 225, "model": "base.produitvendu", "fields": {"produit": 6, "contient": [], "prix": "8.4", "made_with": 4, "accompagnement": null, "date": "2013-12-06T16:25:37.072Z", "sauce": null, "sent": false, "cuisson": null}}, {"pk": 226, "model": "base.produitvendu", "fields": {"produit": 7, "contient": [], "prix": "9.4", "made_with": 4, "accompagnement": null, "date": "2013-12-06T16:25:37.270Z", "sauce": null, "sent": false, "cuisson": null}}, {"pk": 227, "model": "base.produitvendu", "fields": {"produit": 7, "contient": [], "prix": "9.4", "made_with": 4, "accompagnement": null, "date": "2013-12-06T16:25:37.471Z", "sauce": null, "sent": false, "cuisson": null}}, {"pk": 228, "model": "base.produitvendu", "fields": {"produit": 7, "contient": [], "prix": "9.4", "made_with": 4, "accompagnement": null, "date": "2013-12-06T16:25:37.722Z", "sauce": null, "sent": false, "cuisson": null}}, {"pk": 229, "model": "base.produitvendu", "fields": {"produit": 3, "contient": [], "prix": "2.8", "made_with": 2, "accompagnement": null, "date": "2013-12-06T16:25:37.909Z", "sauce": null, "sent": false, "cuisson": null}}, {"pk": 230, "model": "base.produitvendu", "fields": {"produit": 3, "contient": [], "prix": "2.8", "made_with": 2, "accompagnement": null, "date": "2013-12-06T16:25:38.189Z", "sauce": null, "sent": false, "cuisson": null}}, {"pk": 231, "model": "base.produitvendu", "fields": {"produit": 3, "contient": [], "prix": "2.8", "made_with": 2, "accompagnement": null, "date": "2013-12-06T16:25:38.432Z", "sauce": null, "sent": false, "cuisson": null}}, {"pk": 232, "model": "base.produitvendu", "fields": {"produit": 8, "contient": [233, 234], "prix": "0", "made_with": null, "accompagnement": null, "date": "2013-12-06T16:25:38.623Z", "sauce": null, "sent": false, "cuisson": null}}, {"pk": 233, "model": "base.produitvendu", "fields": {"produit": 4, "contient": [232], "prix": "0", "made_with": null, "accompagnement": null, "date": "2013-12-06T16:25:38.639Z", "sauce": null, "sent": false, "cuisson": null}}, {"pk": 234, "model": "base.produitvendu", "fields": {"produit": 7, "contient": [232], "prix": "0", "made_with": null, "accompagnement": null, "date": "2013-12-06T16:25:38.737Z", "sauce": null, "sent": false, "cuisson": null}}, {"pk": 235, "model": "base.produitvendu", "fields": {"produit": 4, "contient": [], "prix": "3.4", "made_with": 3, "accompagnement": null, "date": "2013-12-06T16:25:38.887Z", "sauce": null, "sent": true, "cuisson": null}}, {"pk": 236, "model": "base.produitvendu", "fields": {"produit": 4, "contient": [], "prix": "3.4", "made_with": 3, "accompagnement": null, "date": "2013-12-06T16:25:39.119Z", "sauce": null, "sent": true, "cuisson": null}}, {"pk": 237, "model": "base.produitvendu", "fields": {"produit": 4, "contient": [], "prix": "3.4", "made_with": 3, "accompagnement": null, "date": "2013-12-06T16:25:39.357Z", "sauce": null, "sent": true, "cuisson": null}}, {"pk": 238, "model": "base.produitvendu", "fields": {"produit": 5, "contient": [], "prix": "6.4", "made_with": 3, "accompagnement": null, "date": "2013-12-06T16:25:39.545Z", "sauce": null, "sent": true, "cuisson": null}}, {"pk": 239, "model": "base.produitvendu", "fields": {"produit": 5, "contient": [], "prix": "6.4", "made_with": 3, "accompagnement": null, "date": "2013-12-06T16:25:39.711Z", "sauce": null, "sent": true, "cuisson": null}}, {"pk": 240, "model": "base.produitvendu", "fields": {"produit": 5, "contient": [], "prix": "6.4", "made_with": 3, "accompagnement": null, "date": "2013-12-06T16:25:39.949Z", "sauce": null, "sent": true, "cuisson": null}}, {"pk": 241, "model": "base.produitvendu", "fields": {"produit": 6, "contient": [], "prix": "8.4", "made_with": 4, "accompagnement": null, "date": "2013-12-06T16:25:40.139Z", "sauce": null, "sent": false, "cuisson": null}}, {"pk": 242, "model": "base.produitvendu", "fields": {"produit": 6, "contient": [], "prix": "8.4", "made_with": 4, "accompagnement": null, "date": "2013-12-06T16:25:40.343Z", "sauce": null, "sent": false, "cuisson": null}}, {"pk": 243, "model": "base.produitvendu", "fields": {"produit": 6, "contient": [], "prix": "8.4", "made_with": 4, "accompagnement": null, "date": "2013-12-06T16:25:40.572Z", "sauce": null, "sent": false, "cuisson": null}}, {"pk": 244, "model": "base.produitvendu", "fields": {"produit": 7, "contient": [], "prix": "9.4", "made_with": 4, "accompagnement": null, "date": "2013-12-06T16:25:40.777Z", "sauce": null, "sent": false, "cuisson": null}}, {"pk": 245, "model": "base.produitvendu", "fields": {"produit": 7, "contient": [], "prix": "9.4", "made_with": 4, "accompagnement": null, "date": "2013-12-06T16:25:40.998Z", "sauce": null, "sent": false, "cuisson": null}}, {"pk": 246, "model": "base.produitvendu", "fields": {"produit": 7, "contient": [], "prix": "9.4", "made_with": 4, "accompagnement": null, "date": "2013-12-06T16:25:41.216Z", "sauce": null, "sent": false, "cuisson": null}}, {"pk": 247, "model": "base.produitvendu", "fields": {"produit": 3, "contient": [], "prix": "2.8", "made_with": 2, "accompagnement": null, "date": "2013-12-06T16:25:41.463Z", "sauce": null, "sent": false, "cuisson": null}}, {"pk": 248, "model": "base.produitvendu", "fields": {"produit": 3, "contient": [], "prix": "2.8", "made_with": 2, "accompagnement": null, "date": "2013-12-06T16:25:41.714Z", "sauce": null, "sent": false, "cuisson": null}}, {"pk": 249, "model": "base.produitvendu", "fields": {"produit": 3, "contient": [], "prix": "2.8", "made_with": 2, "accompagnement": null, "date": "2013-12-06T16:25:41.930Z", "sauce": null, "sent": false, "cuisson": null}}, {"pk": 250, "model": "base.produitvendu", "fields": {"produit": 8, "contient": [251, 252], "prix": "0", "made_with": null, "accompagnement": null, "date": "2013-12-06T16:25:42.193Z", "sauce": null, "sent": false, "cuisson": null}}, {"pk": 251, "model": "base.produitvendu", "fields": {"produit": 4, "contient": [250], "prix": "0", "made_with": null, "accompagnement": null, "date": "2013-12-06T16:25:42.214Z", "sauce": null, "sent": false, "cuisson": null}}, {"pk": 252, "model": "base.produitvendu", "fields": {"produit": 7, "contient": [250], "prix": "0", "made_with": null, "accompagnement": null, "date": "2013-12-06T16:25:42.266Z", "sauce": null, "sent": false, "cuisson": null}}, {"pk": 253, "model": "base.produitvendu", "fields": {"produit": 4, "contient": [], "prix": "3.4", "made_with": 3, "accompagnement": null, "date": "2013-12-06T16:25:42.914Z", "sauce": null, "sent": false, "cuisson": null}}, {"pk": 254, "model": "base.produitvendu", "fields": {"produit": 4, "contient": [], "prix": "3.4", "made_with": 3, "accompagnement": null, "date": "2013-12-06T16:25:43.844Z", "sauce": null, "sent": false, "cuisson": null}}, {"pk": 255, "model": "base.produitvendu", "fields": {"produit": 4, "contient": [], "prix": "3.4", "made_with": 3, "accompagnement": null, "date": "2013-12-06T16:25:43.981Z", "sauce": null, "sent": false, "cuisson": null}}, {"pk": 256, "model": "base.produitvendu", "fields": {"produit": 5, "contient": [], "prix": "6.4", "made_with": 3, "accompagnement": null, "date": "2013-12-06T16:25:44.170Z", "sauce": null, "sent": false, "cuisson": null}}, {"pk": 257, "model": "base.produitvendu", "fields": {"produit": 5, "contient": [], "prix": "6.4", "made_with": 3, "accompagnement": null, "date": "2013-12-06T16:25:44.414Z", "sauce": null, "sent": false, "cuisson": null}}, {"pk": 258, "model": "base.produitvendu", "fields": {"produit": 5, "contient": [], "prix": "6.4", "made_with": 3, "accompagnement": null, "date": "2013-12-06T16:25:44.565Z", "sauce": null, "sent": false, "cuisson": null}}, {"pk": 259, "model": "base.produitvendu", "fields": {"produit": 6, "contient": [], "prix": "8.4", "made_with": 4, "accompagnement": null, "date": "2013-12-06T16:25:44.787Z", "sauce": null, "sent": false, "cuisson": null}}, {"pk": 260, "model": "base.produitvendu", "fields": {"produit": 6, "contient": [], "prix": "8.4", "made_with": 4, "accompagnement": null, "date": "2013-12-06T16:25:45.022Z", "sauce": null, "sent": false, "cuisson": null}}, {"pk": 261, "model": "base.produitvendu", "fields": {"produit": 6, "contient": [], "prix": "8.4", "made_with": 4, "accompagnement": null, "date": "2013-12-06T16:25:45.175Z", "sauce": null, "sent": false, "cuisson": null}}, {"pk": 262, "model": "base.produitvendu", "fields": {"produit": 7, "contient": [], "prix": "9.4", "made_with": 4, "accompagnement": null, "date": "2013-12-06T16:25:45.411Z", "sauce": null, "sent": false, "cuisson": null}}, {"pk": 263, "model": "base.produitvendu", "fields": {"produit": 7, "contient": [], "prix": "9.4", "made_with": 4, "accompagnement": null, "date": "2013-12-06T16:25:45.632Z", "sauce": null, "sent": false, "cuisson": null}}, {"pk": 264, "model": "base.produitvendu", "fields": {"produit": 7, "contient": [], "prix": "9.4", "made_with": 4, "accompagnement": null, "date": "2013-12-06T16:25:45.827Z", "sauce": null, "sent": false, "cuisson": null}}, {"pk": 265, "model": "base.produitvendu", "fields": {"produit": 3, "contient": [], "prix": "2.8", "made_with": 2, "accompagnement": null, "date": "2013-12-06T16:25:46.084Z", "sauce": null, "sent": false, "cuisson": null}}, {"pk": 266, "model": "base.produitvendu", "fields": {"produit": 3, "contient": [], "prix": "2.8", "made_with": 2, "accompagnement": null, "date": "2013-12-06T16:25:46.337Z", "sauce": null, "sent": false, "cuisson": null}}, {"pk": 267, "model": "base.produitvendu", "fields": {"produit": 3, "contient": [], "prix": "2.8", "made_with": 2, "accompagnement": null, "date": "2013-12-06T16:25:46.573Z", "sauce": null, "sent": false, "cuisson": null}}, {"pk": 268, "model": "base.produitvendu", "fields": {"produit": 8, "contient": [269, 270], "prix": "0", "made_with": null, "accompagnement": null, "date": "2013-12-06T16:25:46.814Z", "sauce": null, "sent": false, "cuisson": null}}, {"pk": 269, "model": "base.produitvendu", "fields": {"produit": 4, "contient": [268], "prix": "0", "made_with": null, "accompagnement": null, "date": "2013-12-06T16:25:46.835Z", "sauce": null, "sent": false, "cuisson": null}}, {"pk": 270, "model": "base.produitvendu", "fields": {"produit": 7, "contient": [268], "prix": "0", "made_with": null, "accompagnement": null, "date": "2013-12-06T16:25:46.900Z", "sauce": null, "sent": false, "cuisson": null}}, {"pk": 1, "model": "base.follow", "fields": {"category": 3, "date": "2013-12-06T16:24:57.840Z", "produits": [22, 23, 24, 19, 20, 21]}}, {"pk": 2, "model": "base.follow", "fields": {"category": 3, "date": "2013-12-06T16:25:05.204Z", "produits": [58, 59, 60, 55, 56, 57]}}, {"pk": 3, "model": "base.follow", "fields": {"category": 3, "date": "2013-12-06T16:25:12.671Z", "produits": [94, 95, 96, 91, 92, 93]}}, {"pk": 4, "model": "base.follow", "fields": {"category": 3, "date": "2013-12-06T16:25:20.200Z", "produits": [130, 131, 132, 127, 128, 129]}}, {"pk": 5, "model": "base.follow", "fields": {"category": 3, "date": "2013-12-06T16:25:27.442Z", "produits": [166, 167, 168, 163, 164, 165]}}, {"pk": 6, "model": "base.follow", "fields": {"category": 3, "date": "2013-12-06T16:25:34.970Z", "produits": [202, 203, 204, 199, 200, 201]}}, {"pk": 7, "model": "base.follow", "fields": {"category": 3, "date": "2013-12-06T16:25:42.326Z", "produits": [238, 239, 240, 235, 236, 237]}}, {"pk": 1, "model": "base.paiementtype", "fields": {"nom": "AMEX", "fixed_value": false}}, {"pk": 2, "model": "base.paiementtype", "fields": {"nom": "ANCV", "fixed_value": true}}, {"pk": 3, "model": "base.paiementtype", "fields": {"nom": "CB", "fixed_value": false}}, {"pk": 4, "model": "base.paiementtype", "fields": {"nom": "Cheque", "fixed_value": false}}, {"pk": 5, "model": "base.paiementtype", "fields": {"nom": "Espece", "fixed_value": false}}, {"pk": 6, "model": "base.paiementtype", "fields": {"nom": "Tic. Resto.", "fixed_value": true}}, {"pk": 1, "model": "base.facture", "fields": {"onsite": true, "vats": [1, 2], "paiements": [], "total_ttc": "91.2", "category_to_follow": 3, "produits": [13, 14, 15, 4, 5, 6, 1, 2, 3, 7, 8, 9, 10, 11, 12], "following": [], "couverts": 6, "restant_a_payer": "91.2", "table": 13, "saved_in_stats": false, "date_creation": "2013-12-06T16:24:50.966Z", "surcharge": false}}, {"pk": 2, "model": "base.facture", "fields": {"onsite": true, "vats": [3, 4], "paiements": [], "total_ttc": "91.2", "category_to_follow": 4, "produits": [31, 32, 33, 22, 23, 24, 19, 20, 21, 25, 26, 27, 28, 29, 30], "following": [1], "couverts": 3, "restant_a_payer": "91.2", "table": 16, "saved_in_stats": false, "date_creation": "2013-12-06T16:24:54.402Z", "surcharge": true}}, {"pk": 3, "model": "base.facture", "fields": {"onsite": true, "vats": [5, 6], "paiements": [], "total_ttc": "91.2", "category_to_follow": 3, "produits": [49, 50, 51, 40, 41, 42, 37, 38, 39, 43, 44, 45, 46, 47, 48], "following": [], "couverts": 10, "restant_a_payer": "91.2", "table": 25, "saved_in_stats": false, "date_creation": "2013-12-06T16:24:58.360Z", "surcharge": true}}, {"pk": 4, "model": "base.facture", "fields": {"onsite": true, "vats": [7, 8], "paiements": [], "total_ttc": "91.2", "category_to_follow": 4, "produits": [67, 68, 69, 58, 59, 60, 55, 56, 57, 61, 62, 63, 64, 65, 66], "following": [2], "couverts": 3, "restant_a_payer": "91.2", "table": 12, "saved_in_stats": false, "date_creation": "2013-12-06T16:25:01.856Z", "surcharge": false}}, {"pk": 5, "model": "base.facture", "fields": {"onsite": true, "vats": [9, 10], "paiements": [], "total_ttc": "91.2", "category_to_follow": 3, "produits": [85, 86, 87, 76, 77, 78, 73, 74, 75, 79, 80, 81, 82, 83, 84], "following": [], "couverts": 11, "restant_a_payer": "91.2", "table": 22, "saved_in_stats": false, "date_creation": "2013-12-06T16:25:05.735Z", "surcharge": true}}, {"pk": 6, "model": "base.facture", "fields": {"onsite": true, "vats": [11, 12], "paiements": [], "total_ttc": "91.2", "category_to_follow": 4, "produits": [103, 104, 105, 94, 95, 96, 91, 92, 93, 97, 98, 99, 100, 101, 102], "following": [3], "couverts": 6, "restant_a_payer": "91.2", "table": 26, "saved_in_stats": false, "date_creation": "2013-12-06T16:25:09.225Z", "surcharge": true}}, {"pk": 7, "model": "base.facture", "fields": {"onsite": true, "vats": [13, 14], "paiements": [], "total_ttc": "91.2", "category_to_follow": 3, "produits": [121, 122, 123, 112, 113, 114, 109, 110, 111, 115, 116, 117, 118, 119, 120], "following": [], "couverts": 3, "restant_a_payer": "91.2", "table": 20, "saved_in_stats": false, "date_creation": "2013-12-06T16:25:13.210Z", "surcharge": true}}, {"pk": 8, "model": "base.facture", "fields": {"onsite": true, "vats": [15, 16], "paiements": [], "total_ttc": "91.2", "category_to_follow": 4, "produits": [139, 140, 141, 130, 131, 132, 127, 128, 129, 133, 134, 135, 136, 137, 138], "following": [4], "couverts": 13, "restant_a_payer": "91.2", "table": 25, "saved_in_stats": false, "date_creation": "2013-12-06T16:25:16.731Z", "surcharge": true}}, {"pk": 9, "model": "base.facture", "fields": {"onsite": true, "vats": [17, 18], "paiements": [], "total_ttc": "91.2", "category_to_follow": 3, "produits": [157, 158, 159, 148, 149, 150, 145, 146, 147, 151, 152, 153, 154, 155, 156], "following": [], "couverts": 7, "restant_a_payer": "91.2", "table": 18, "saved_in_stats": false, "date_creation": "2013-12-06T16:25:20.748Z", "surcharge": true}}, {"pk": 10, "model": "base.facture", "fields": {"onsite": true, "vats": [19, 20], "paiements": [], "total_ttc": "91.2", "category_to_follow": 4, "produits": [175, 176, 177, 166, 167, 168, 163, 164, 165, 169, 170, 171, 172, 173, 174], "following": [5], "couverts": 4, "restant_a_payer": "91.2", "table": 22, "saved_in_stats": false, "date_creation": "2013-12-06T16:25:24.048Z", "surcharge": true}}, {"pk": 11, "model": "base.facture", "fields": {"onsite": true, "vats": [21, 22], "paiements": [], "total_ttc": "91.2", "category_to_follow": 3, "produits": [193, 194, 195, 184, 185, 186, 181, 182, 183, 187, 188, 189, 190, 191, 192], "following": [], "couverts": 10, "restant_a_payer": "91.2", "table": 25, "saved_in_stats": false, "date_creation": "2013-12-06T16:25:27.984Z", "surcharge": true}}, {"pk": 12, "model": "base.facture", "fields": {"onsite": true, "vats": [23, 24], "paiements": [], "total_ttc": "91.2", "category_to_follow": 4, "produits": [211, 212, 213, 202, 203, 204, 199, 200, 201, 205, 206, 207, 208, 209, 210], "following": [6], "couverts": 15, "restant_a_payer": "91.2", "table": 18, "saved_in_stats": false, "date_creation": "2013-12-06T16:25:31.514Z", "surcharge": true}}, {"pk": 13, "model": "base.facture", "fields": {"onsite": true, "vats": [25, 26], "paiements": [], "total_ttc": "91.2", "category_to_follow": 3, "produits": [229, 230, 231, 220, 221, 222, 217, 218, 219, 223, 224, 225, 226, 227, 228], "following": [], "couverts": 11, "restant_a_payer": "91.2", "table": 15, "saved_in_stats": false, "date_creation": "2013-12-06T16:25:35.507Z", "surcharge": false}}, {"pk": 14, "model": "base.facture", "fields": {"onsite": true, "vats": [27, 28], "paiements": [], "total_ttc": "91.2", "category_to_follow": 4, "produits": [247, 248, 249, 238, 239, 240, 235, 236, 237, 241, 242, 243, 244, 245, 246], "following": [7], "couverts": 4, "restant_a_payer": "91.2", "table": 18, "saved_in_stats": false, "date_creation": "2013-12-06T16:25:38.916Z", "surcharge": true}}, {"pk": 15, "model": "base.facture", "fields": {"onsite": true, "vats": [29, 30], "paiements": [], "total_ttc": "91.2", "category_to_follow": 3, "produits": [265, 266, 267, 256, 257, 258, 253, 254, 255, 259, 260, 261, 262, 263, 264], "following": [], "couverts": 5, "restant_a_payer": "91.2", "table": 22, "saved_in_stats": false, "date_creation": "2013-12-06T16:25:42.937Z", "surcharge": true}}, {"pk": 1, "model": "base.monthlystat", "fields": {"month": 1, "value": "100", "key": "total_ttc", "year": 2013}}, {"pk": 2, "model": "base.monthlystat", "fields": {"month": 1, "value": "40", "key": "bar_total_ttc", "year": 2013}}, {"pk": 3, "model": "base.monthlystat", "fields": {"month": 1, "value": "60", "key": "guests_total_ttc", "year": 2013}}, {"pk": 4, "model": "base.monthlystat", "fields": {"month": 1, "value": "288", "key": "nb_bills", "year": 2013}}, {"pk": 5, "model": "base.monthlystat", "fields": {"month": 1, "value": "470", "key": "guests_nb", "year": 2013}}, {"pk": 6, "model": "base.monthlystat", "fields": {"month": 1, "value": "398", "key": "guests_average", "year": 2013}}, {"pk": 7, "model": "base.monthlystat", "fields": {"month": 1, "value": "268", "key": "bar_nb", "year": 2013}}, {"pk": 8, "model": "base.monthlystat", "fields": {"month": 1, "value": "339", "key": "bar_average", "year": 2013}}, {"pk": 9, "model": "base.monthlystat", "fields": {"month": 2, "value": "200", "key": "total_ttc", "year": 2013}}, {"pk": 10, "model": "base.monthlystat", "fields": {"month": 2, "value": "80", "key": "bar_total_ttc", "year": 2013}}, {"pk": 11, "model": "base.monthlystat", "fields": {"month": 2, "value": "120", "key": "guests_total_ttc", "year": 2013}}, {"pk": 12, "model": "base.monthlystat", "fields": {"month": 2, "value": "133", "key": "nb_bills", "year": 2013}}, {"pk": 13, "model": "base.monthlystat", "fields": {"month": 2, "value": "331", "key": "guests_nb", "year": 2013}}, {"pk": 14, "model": "base.monthlystat", "fields": {"month": 2, "value": "88", "key": "guests_average", "year": 2013}}, {"pk": 15, "model": "base.monthlystat", "fields": {"month": 2, "value": "94", "key": "bar_nb", "year": 2013}}, {"pk": 16, "model": "base.monthlystat", "fields": {"month": 2, "value": "498", "key": "bar_average", "year": 2013}}, {"pk": 17, "model": "base.monthlystat", "fields": {"month": 3, "value": "300", "key": "total_ttc", "year": 2013}}, {"pk": 18, "model": "base.monthlystat", "fields": {"month": 3, "value": "120", "key": "bar_total_ttc", "year": 2013}}, {"pk": 19, "model": "base.monthlystat", "fields": {"month": 3, "value": "180", "key": "guests_total_ttc", "year": 2013}}, {"pk": 20, "model": "base.monthlystat", "fields": {"month": 3, "value": "290", "key": "nb_bills", "year": 2013}}, {"pk": 21, "model": "base.monthlystat", "fields": {"month": 3, "value": "445", "key": "guests_nb", "year": 2013}}, {"pk": 22, "model": "base.monthlystat", "fields": {"month": 3, "value": "246", "key": "guests_average", "year": 2013}}, {"pk": 23, "model": "base.monthlystat", "fields": {"month": 3, "value": "495", "key": "bar_nb", "year": 2013}}, {"pk": 24, "model": "base.monthlystat", "fields": {"month": 3, "value": "214", "key": "bar_average", "year": 2013}}, {"pk": 25, "model": "base.monthlystat", "fields": {"month": 4, "value": "400", "key": "total_ttc", "year": 2013}}, {"pk": 26, "model": "base.monthlystat", "fields": {"month": 4, "value": "160", "key": "bar_total_ttc", "year": 2013}}, {"pk": 27, "model": "base.monthlystat", "fields": {"month": 4, "value": "240", "key": "guests_total_ttc", "year": 2013}}, {"pk": 28, "model": "base.monthlystat", "fields": {"month": 4, "value": "193", "key": "nb_bills", "year": 2013}}, {"pk": 29, "model": "base.monthlystat", "fields": {"month": 4, "value": "243", "key": "guests_nb", "year": 2013}}, {"pk": 30, "model": "base.monthlystat", "fields": {"month": 4, "value": "237", "key": "guests_average", "year": 2013}}, {"pk": 31, "model": "base.monthlystat", "fields": {"month": 4, "value": "374", "key": "bar_nb", "year": 2013}}, {"pk": 32, "model": "base.monthlystat", "fields": {"month": 4, "value": "100", "key": "bar_average", "year": 2013}}, {"pk": 33, "model": "base.monthlystat", "fields": {"month": 5, "value": "500", "key": "total_ttc", "year": 2013}}, {"pk": 34, "model": "base.monthlystat", "fields": {"month": 5, "value": "200", "key": "bar_total_ttc", "year": 2013}}, {"pk": 35, "model": "base.monthlystat", "fields": {"month": 5, "value": "300", "key": "guests_total_ttc", "year": 2013}}, {"pk": 36, "model": "base.monthlystat", "fields": {"month": 5, "value": "281", "key": "nb_bills", "year": 2013}}, {"pk": 37, "model": "base.monthlystat", "fields": {"month": 5, "value": "495", "key": "guests_nb", "year": 2013}}, {"pk": 38, "model": "base.monthlystat", "fields": {"month": 5, "value": "341", "key": "guests_average", "year": 2013}}, {"pk": 39, "model": "base.monthlystat", "fields": {"month": 5, "value": "352", "key": "bar_nb", "year": 2013}}, {"pk": 40, "model": "base.monthlystat", "fields": {"month": 5, "value": "498", "key": "bar_average", "year": 2013}}, {"pk": 41, "model": "base.monthlystat", "fields": {"month": 6, "value": "600", "key": "total_ttc", "year": 2013}}, {"pk": 42, "model": "base.monthlystat", "fields": {"month": 6, "value": "240", "key": "bar_total_ttc", "year": 2013}}, {"pk": 43, "model": "base.monthlystat", "fields": {"month": 6, "value": "360", "key": "guests_total_ttc", "year": 2013}}, {"pk": 44, "model": "base.monthlystat", "fields": {"month": 6, "value": "362", "key": "nb_bills", "year": 2013}}, {"pk": 45, "model": "base.monthlystat", "fields": {"month": 6, "value": "435", "key": "guests_nb", "year": 2013}}, {"pk": 46, "model": "base.monthlystat", "fields": {"month": 6, "value": "203", "key": "guests_average", "year": 2013}}, {"pk": 47, "model": "base.monthlystat", "fields": {"month": 6, "value": "70", "key": "bar_nb", "year": 2013}}, {"pk": 48, "model": "base.monthlystat", "fields": {"month": 6, "value": "57", "key": "bar_average", "year": 2013}}, {"pk": 49, "model": "base.monthlystat", "fields": {"month": 7, "value": "700", "key": "total_ttc", "year": 2013}}, {"pk": 50, "model": "base.monthlystat", "fields": {"month": 7, "value": "280", "key": "bar_total_ttc", "year": 2013}}, {"pk": 51, "model": "base.monthlystat", "fields": {"month": 7, "value": "420", "key": "guests_total_ttc", "year": 2013}}, {"pk": 52, "model": "base.monthlystat", "fields": {"month": 7, "value": "172", "key": "nb_bills", "year": 2013}}, {"pk": 53, "model": "base.monthlystat", "fields": {"month": 7, "value": "331", "key": "guests_nb", "year": 2013}}, {"pk": 54, "model": "base.monthlystat", "fields": {"month": 7, "value": "59", "key": "guests_average", "year": 2013}}, {"pk": 55, "model": "base.monthlystat", "fields": {"month": 7, "value": "226", "key": "bar_nb", "year": 2013}}, {"pk": 56, "model": "base.monthlystat", "fields": {"month": 7, "value": "150", "key": "bar_average", "year": 2013}}, {"pk": 57, "model": "base.monthlystat", "fields": {"month": 8, "value": "800", "key": "total_ttc", "year": 2013}}, {"pk": 58, "model": "base.monthlystat", "fields": {"month": 8, "value": "320", "key": "bar_total_ttc", "year": 2013}}, {"pk": 59, "model": "base.monthlystat", "fields": {"month": 8, "value": "480", "key": "guests_total_ttc", "year": 2013}}, {"pk": 60, "model": "base.monthlystat", "fields": {"month": 8, "value": "437", "key": "nb_bills", "year": 2013}}, {"pk": 61, "model": "base.monthlystat", "fields": {"month": 8, "value": "333", "key": "guests_nb", "year": 2013}}, {"pk": 62, "model": "base.monthlystat", "fields": {"month": 8, "value": "223", "key": "guests_average", "year": 2013}}, {"pk": 63, "model": "base.monthlystat", "fields": {"month": 8, "value": "184", "key": "bar_nb", "year": 2013}}, {"pk": 64, "model": "base.monthlystat", "fields": {"month": 8, "value": "148", "key": "bar_average", "year": 2013}}, {"pk": 65, "model": "base.monthlystat", "fields": {"month": 9, "value": "900", "key": "total_ttc", "year": 2013}}, {"pk": 66, "model": "base.monthlystat", "fields": {"month": 9, "value": "360", "key": "bar_total_ttc", "year": 2013}}, {"pk": 67, "model": "base.monthlystat", "fields": {"month": 9, "value": "540", "key": "guests_total_ttc", "year": 2013}}, {"pk": 68, "model": "base.monthlystat", "fields": {"month": 9, "value": "135", "key": "nb_bills", "year": 2013}}, {"pk": 69, "model": "base.monthlystat", "fields": {"month": 9, "value": "342", "key": "guests_nb", "year": 2013}}, {"pk": 70, "model": "base.monthlystat", "fields": {"month": 9, "value": "149", "key": "guests_average", "year": 2013}}, {"pk": 71, "model": "base.monthlystat", "fields": {"month": 9, "value": "425", "key": "bar_nb", "year": 2013}}, {"pk": 72, "model": "base.monthlystat", "fields": {"month": 9, "value": "461", "key": "bar_average", "year": 2013}}, {"pk": 73, "model": "base.monthlystat", "fields": {"month": 10, "value": "1000", "key": "total_ttc", "year": 2013}}, {"pk": 74, "model": "base.monthlystat", "fields": {"month": 10, "value": "400", "key": "bar_total_ttc", "year": 2013}}, {"pk": 75, "model": "base.monthlystat", "fields": {"month": 10, "value": "600", "key": "guests_total_ttc", "year": 2013}}, {"pk": 76, "model": "base.monthlystat", "fields": {"month": 10, "value": "309", "key": "nb_bills", "year": 2013}}, {"pk": 77, "model": "base.monthlystat", "fields": {"month": 10, "value": "346", "key": "guests_nb", "year": 2013}}, {"pk": 78, "model": "base.monthlystat", "fields": {"month": 10, "value": "104", "key": "guests_average", "year": 2013}}, {"pk": 79, "model": "base.monthlystat", "fields": {"month": 10, "value": "206", "key": "bar_nb", "year": 2013}}, {"pk": 80, "model": "base.monthlystat", "fields": {"month": 10, "value": "373", "key": "bar_average", "year": 2013}}, {"pk": 81, "model": "base.monthlystat", "fields": {"month": 11, "value": "1100", "key": "total_ttc", "year": 2013}}, {"pk": 82, "model": "base.monthlystat", "fields": {"month": 11, "value": "440", "key": "bar_total_ttc", "year": 2013}}, {"pk": 83, "model": "base.monthlystat", "fields": {"month": 11, "value": "660", "key": "guests_total_ttc", "year": 2013}}, {"pk": 84, "model": "base.monthlystat", "fields": {"month": 11, "value": "253", "key": "nb_bills", "year": 2013}}, {"pk": 85, "model": "base.monthlystat", "fields": {"month": 11, "value": "206", "key": "guests_nb", "year": 2013}}, {"pk": 86, "model": "base.monthlystat", "fields": {"month": 11, "value": "52", "key": "guests_average", "year": 2013}}, {"pk": 87, "model": "base.monthlystat", "fields": {"month": 11, "value": "448", "key": "bar_nb", "year": 2013}}, {"pk": 88, "model": "base.monthlystat", "fields": {"month": 11, "value": "266", "key": "bar_average", "year": 2013}}, {"pk": 89, "model": "base.monthlystat", "fields": {"month": 12, "value": "1200", "key": "total_ttc", "year": 2013}}, {"pk": 90, "model": "base.monthlystat", "fields": {"month": 12, "value": "480", "key": "bar_total_ttc", "year": 2013}}, {"pk": 91, "model": "base.monthlystat", "fields": {"month": 12, "value": "720", "key": "guests_total_ttc", "year": 2013}}, {"pk": 92, "model": "base.monthlystat", "fields": {"month": 12, "value": "385", "key": "nb_bills", "year": 2013}}, {"pk": 93, "model": "base.monthlystat", "fields": {"month": 12, "value": "192", "key": "guests_nb", "year": 2013}}, {"pk": 94, "model": "base.monthlystat", "fields": {"month": 12, "value": "123", "key": "guests_average", "year": 2013}}, {"pk": 95, "model": "base.monthlystat", "fields": {"month": 12, "value": "137", "key": "bar_nb", "year": 2013}}, {"pk": 96, "model": "base.monthlystat", "fields": {"month": 12, "value": "381", "key": "bar_average", "year": 2013}}, {"pk": 1, "model": "base.dailystat", "fields": {"date": "2013-10-01", "value": "234", "key": "total_ttc"}}, {"pk": 1, "model": "base.zone", "fields": {"nom": "Bar", "surtaxe": false}}, {"pk": 2, "model": "base.zone", "fields": {"nom": "Rez de chaussee", "surtaxe": false}}, {"pk": 3, "model": "base.zone", "fields": {"nom": "Terrasse", "surtaxe": true}}, {"pk": 1, "model": "base.table", "fields": {"nom": "T--", "zone": 1}}, {"pk": 2, "model": "base.table", "fields": {"nom": "T01", "zone": 2}}, {"pk": 3, "model": "base.table", "fields": {"nom": "T02", "zone": 2}}, {"pk": 4, "model": "base.table", "fields": {"nom": "T03", "zone": 2}}, {"pk": 5, "model": "base.table", "fields": {"nom": "T04", "zone": 2}}, {"pk": 6, "model": "base.table", "fields": {"nom": "T05", "zone": 2}}, {"pk": 7, "model": "base.table", "fields": {"nom": "T06", "zone": 2}}, {"pk": 8, "model": "base.table", "fields": {"nom": "T07", "zone": 2}}, {"pk": 9, "model": "base.table", "fields": {"nom": "T08", "zone": 2}}, {"pk": 10, "model": "base.table", "fields": {"nom": "T09", "zone": 2}}, {"pk": 11, "model": "base.table", "fields": {"nom": "T10", "zone": 2}}, {"pk": 12, "model": "base.table", "fields": {"nom": "T11", "zone": 2}}, {"pk": 13, "model": "base.table", "fields": {"nom": "T12", "zone": 2}}, {"pk": 14, "model": "base.table", "fields": {"nom": "T13", "zone": 2}}, {"pk": 15, "model": "base.table", "fields": {"nom": "T14", "zone": 2}}, {"pk": 16, "model": "base.table", "fields": {"nom": "T15", "zone": 3}}, {"pk": 17, "model": "base.table", "fields": {"nom": "T16", "zone": 3}}, {"pk": 18, "model": "base.table", "fields": {"nom": "T17", "zone": 3}}, {"pk": 19, "model": "base.table", "fields": {"nom": "T18", "zone": 3}}, {"pk": 20, "model": "base.table", "fields": {"nom": "T19", "zone": 3}}, {"pk": 21, "model": "base.table", "fields": {"nom": "T20", "zone": 3}}, {"pk": 22, "model": "base.table", "fields": {"nom": "T21", "zone": 3}}, {"pk": 23, "model": "base.table", "fields": {"nom": "T22", "zone": 3}}, {"pk": 24, "model": "base.table", "fields": {"nom": "T23", "zone": 3}}, {"pk": 25, "model": "base.table", "fields": {"nom": "T24", "zone": 3}}, {"pk": 26, "model": "base.table", "fields": {"nom": "T25", "zone": 3}}, {"pk": 1, "model": "base.vatonbill", "fields": {"total": "0", "vat": 2}}, {"pk": 2, "model": "base.vatonbill", "fields": {"total": "0", "vat": 1}}, {"pk": 3, "model": "base.vatonbill", "fields": {"total": "5.4", "vat": 2}}, {"pk": 4, "model": "base.vatonbill", "fields": {"total": "1.38", "vat": 1}}, {"pk": 5, "model": "base.vatonbill", "fields": {"total": "5.4", "vat": 2}}, {"pk": 6, "model": "base.vatonbill", "fields": {"total": "1.38", "vat": 1}}, {"pk": 7, "model": "base.vatonbill", "fields": {"total": "5.4", "vat": 2}}, {"pk": 8, "model": "base.vatonbill", "fields": {"total": "1.38", "vat": 1}}, {"pk": 9, "model": "base.vatonbill", "fields": {"total": "5.4", "vat": 2}}, {"pk": 10, "model": "base.vatonbill", "fields": {"total": "1.38", "vat": 1}}, {"pk": 11, "model": "base.vatonbill", "fields": {"total": "5.4", "vat": 2}}, {"pk": 12, "model": "base.vatonbill", "fields": {"total": "1.38", "vat": 1}}, {"pk": 13, "model": "base.vatonbill", "fields": {"total": "5.4", "vat": 2}}, {"pk": 14, "model": "base.vatonbill", "fields": {"total": "1.38", "vat": 1}}, {"pk": 15, "model": "base.vatonbill", "fields": {"total": "5.4", "vat": 2}}, {"pk": 16, "model": "base.vatonbill", "fields": {"total": "1.38", "vat": 1}}, {"pk": 17, "model": "base.vatonbill", "fields": {"total": "5.4", "vat": 2}}, {"pk": 18, "model": "base.vatonbill", "fields": {"total": "1.38", "vat": 1}}, {"pk": 19, "model": "base.vatonbill", "fields": {"total": "5.4", "vat": 2}}, {"pk": 20, "model": "base.vatonbill", "fields": {"total": "1.38", "vat": 1}}, {"pk": 21, "model": "base.vatonbill", "fields": {"total": "5.4", "vat": 2}}, {"pk": 22, "model": "base.vatonbill", "fields": {"total": "1.38", "vat": 1}}, {"pk": 23, "model": "base.vatonbill", "fields": {"total": "5.4", "vat": 2}}, {"pk": 24, "model": "base.vatonbill", "fields": {"total": "1.38", "vat": 1}}, {"pk": 25, "model": "base.vatonbill", "fields": {"total": "5.4", "vat": 2}}, {"pk": 26, "model": "base.vatonbill", "fields": {"total": "1.38", "vat": 1}}, {"pk": 27, "model": "base.vatonbill", "fields": {"total": "5.4", "vat": 2}}, {"pk": 28, "model": "base.vatonbill", "fields": {"total": "1.38", "vat": 1}}, {"pk": 29, "model": "base.vatonbill", "fields": {"total": "5.4", "vat": 2}}, {"pk": 30, "model": "base.vatonbill", "fields": {"total": "1.38", "vat": 1}}, {"pk": 1, "model": "auth.permission", "fields": {"codename": "add_migrationhistory", "name": "Can add migration history", "content_type": 1}}, {"pk": 2, "model": "auth.permission", "fields": {"codename": "change_migrationhistory", "name": "Can change migration history", "content_type": 1}}, {"pk": 3, "model": "auth.permission", "fields": {"codename": "delete_migrationhistory", "name": "Can delete migration history", "content_type": 1}}, {"pk": 4, "model": "auth.permission", "fields": {"codename": "add_permission", "name": "Can add permission", "content_type": 2}}, {"pk": 5, "model": "auth.permission", "fields": {"codename": "change_permission", "name": "Can change permission", "content_type": 2}}, {"pk": 6, "model": "auth.permission", "fields": {"codename": "delete_permission", "name": "Can delete permission", "content_type": 2}}, {"pk": 7, "model": "auth.permission", "fields": {"codename": "add_group", "name": "Can add group", "content_type": 3}}, {"pk": 8, "model": "auth.permission", "fields": {"codename": "change_group", "name": "Can change group", "content_type": 3}}, {"pk": 9, "model": "auth.permission", "fields": {"codename": "delete_group", "name": "Can delete group", "content_type": 3}}, {"pk": 10, "model": "auth.permission", "fields": {"codename": "add_user", "name": "Can add user", "content_type": 4}}, {"pk": 11, "model": "auth.permission", "fields": {"codename": "change_user", "name": "Can change user", "content_type": 4}}, {"pk": 12, "model": "auth.permission", "fields": {"codename": "delete_user", "name": "Can delete user", "content_type": 4}}, {"pk": 13, "model": "auth.permission", "fields": {"codename": "add_contenttype", "name": "Can add content type", "content_type": 5}}, {"pk": 14, "model": "auth.permission", "fields": {"codename": "change_contenttype", "name": "Can change content type", "content_type": 5}}, {"pk": 15, "model": "auth.permission", "fields": {"codename": "delete_contenttype", "name": "Can delete content type", "content_type": 5}}, {"pk": 16, "model": "auth.permission", "fields": {"codename": "add_session", "name": "Can add session", "content_type": 6}}, {"pk": 17, "model": "auth.permission", "fields": {"codename": "change_session", "name": "Can change session", "content_type": 6}}, {"pk": 18, "model": "auth.permission", "fields": {"codename": "delete_session", "name": "Can delete session", "content_type": 6}}, {"pk": 19, "model": "auth.permission", "fields": {"codename": "add_vat", "name": "Can add vat", "content_type": 7}}, {"pk": 20, "model": "auth.permission", "fields": {"codename": "change_vat", "name": "Can change vat", "content_type": 7}}, {"pk": 21, "model": "auth.permission", "fields": {"codename": "delete_vat", "name": "Can delete vat", "content_type": 7}}, {"pk": 22, "model": "auth.permission", "fields": {"codename": "add_categorie", "name": "Can add categorie", "content_type": 8}}, {"pk": 23, "model": "auth.permission", "fields": {"codename": "change_categorie", "name": "Can change categorie", "content_type": 8}}, {"pk": 24, "model": "auth.permission", "fields": {"codename": "delete_categorie", "name": "Can delete categorie", "content_type": 8}}, {"pk": 25, "model": "auth.permission", "fields": {"codename": "add_config", "name": "Can add config", "content_type": 9}}, {"pk": 26, "model": "auth.permission", "fields": {"codename": "change_config", "name": "Can change config", "content_type": 9}}, {"pk": 27, "model": "auth.permission", "fields": {"codename": "delete_config", "name": "Can delete config", "content_type": 9}}, {"pk": 28, "model": "auth.permission", "fields": {"codename": "add_cuisson", "name": "Can add cuisson", "content_type": 10}}, {"pk": 29, "model": "auth.permission", "fields": {"codename": "change_cuisson", "name": "Can change cuisson", "content_type": 10}}, {"pk": 30, "model": "auth.permission", "fields": {"codename": "delete_cuisson", "name": "Can delete cuisson", "content_type": 10}}, {"pk": 31, "model": "auth.permission", "fields": {"codename": "add_sauce", "name": "Can add sauce", "content_type": 11}}, {"pk": 32, "model": "auth.permission", "fields": {"codename": "change_sauce", "name": "Can change sauce", "content_type": 11}}, {"pk": 33, "model": "auth.permission", "fields": {"codename": "delete_sauce", "name": "Can delete sauce", "content_type": 11}}, {"pk": 34, "model": "auth.permission", "fields": {"codename": "add_accompagnement", "name": "Can add accompagnement", "content_type": 12}}, {"pk": 35, "model": "auth.permission", "fields": {"codename": "change_accompagnement", "name": "Can change accompagnement", "content_type": 12}}, {"pk": 36, "model": "auth.permission", "fields": {"codename": "delete_accompagnement", "name": "Can delete accompagnement", "content_type": 12}}, {"pk": 37, "model": "auth.permission", "fields": {"codename": "add_produit", "name": "Can add produit", "content_type": 13}}, {"pk": 38, "model": "auth.permission", "fields": {"codename": "change_produit", "name": "Can change produit", "content_type": 13}}, {"pk": 39, "model": "auth.permission", "fields": {"codename": "delete_produit", "name": "Can delete produit", "content_type": 13}}, {"pk": 40, "model": "auth.permission", "fields": {"codename": "add_produitvendu", "name": "Can add produit vendu", "content_type": 14}}, {"pk": 41, "model": "auth.permission", "fields": {"codename": "change_produitvendu", "name": "Can change produit vendu", "content_type": 14}}, {"pk": 42, "model": "auth.permission", "fields": {"codename": "delete_produitvendu", "name": "Can delete produit vendu", "content_type": 14}}, {"pk": 43, "model": "auth.permission", "fields": {"codename": "add_follow", "name": "Can add follow", "content_type": 15}}, {"pk": 44, "model": "auth.permission", "fields": {"codename": "change_follow", "name": "Can change follow", "content_type": 15}}, {"pk": 45, "model": "auth.permission", "fields": {"codename": "delete_follow", "name": "Can delete follow", "content_type": 15}}, {"pk": 46, "model": "auth.permission", "fields": {"codename": "add_paiementtype", "name": "Can add paiement type", "content_type": 16}}, {"pk": 47, "model": "auth.permission", "fields": {"codename": "change_paiementtype", "name": "Can change paiement type", "content_type": 16}}, {"pk": 48, "model": "auth.permission", "fields": {"codename": "delete_paiementtype", "name": "Can delete paiement type", "content_type": 16}}, {"pk": 49, "model": "auth.permission", "fields": {"codename": "add_paiement", "name": "Can add paiement", "content_type": 17}}, {"pk": 50, "model": "auth.permission", "fields": {"codename": "change_paiement", "name": "Can change paiement", "content_type": 17}}, {"pk": 51, "model": "auth.permission", "fields": {"codename": "delete_paiement", "name": "Can delete paiement", "content_type": 17}}, {"pk": 52, "model": "auth.permission", "fields": {"codename": "add_printer", "name": "Can add printer", "content_type": 18}}, {"pk": 53, "model": "auth.permission", "fields": {"codename": "change_printer", "name": "Can change printer", "content_type": 18}}, {"pk": 54, "model": "auth.permission", "fields": {"codename": "delete_printer", "name": "Can delete printer", "content_type": 18}}, {"pk": 55, "model": "auth.permission", "fields": {"codename": "add_facture", "name": "Can add facture", "content_type": 19}}, {"pk": 56, "model": "auth.permission", "fields": {"codename": "change_facture", "name": "Can change facture", "content_type": 19}}, {"pk": 57, "model": "auth.permission", "fields": {"codename": "delete_facture", "name": "Can delete facture", "content_type": 19}}, {"pk": 58, "model": "auth.permission", "fields": {"codename": "p1", "name": "can use manager part", "content_type": 19}}, {"pk": 59, "model": "auth.permission", "fields": {"codename": "p2", "name": "can use carte part", "content_type": 19}}, {"pk": 60, "model": "auth.permission", "fields": {"codename": "p3", "name": "can use POS", "content_type": 19}}, {"pk": 61, "model": "auth.permission", "fields": {"codename": "p4", "name": "can ...", "content_type": 19}}, {"pk": 62, "model": "auth.permission", "fields": {"codename": "p5", "name": "can ...", "content_type": 19}}, {"pk": 63, "model": "auth.permission", "fields": {"codename": "p6", "name": "can ...", "content_type": 19}}, {"pk": 64, "model": "auth.permission", "fields": {"codename": "p7", "name": "can ...", "content_type": 19}}, {"pk": 65, "model": "auth.permission", "fields": {"codename": "p8", "name": "can ...", "content_type": 19}}, {"pk": 66, "model": "auth.permission", "fields": {"codename": "p9", "name": "can ...", "content_type": 19}}, {"pk": 67, "model": "auth.permission", "fields": {"codename": "add_monthlystat", "name": "Can add monthly stat", "content_type": 20}}, {"pk": 68, "model": "auth.permission", "fields": {"codename": "change_monthlystat", "name": "Can change monthly stat", "content_type": 20}}, {"pk": 69, "model": "auth.permission", "fields": {"codename": "delete_monthlystat", "name": "Can delete monthly stat", "content_type": 20}}, {"pk": 70, "model": "auth.permission", "fields": {"codename": "add_weeklystat", "name": "Can add weekly stat", "content_type": 21}}, {"pk": 71, "model": "auth.permission", "fields": {"codename": "change_weeklystat", "name": "Can change weekly stat", "content_type": 21}}, {"pk": 72, "model": "auth.permission", "fields": {"codename": "delete_weeklystat", "name": "Can delete weekly stat", "content_type": 21}}, {"pk": 73, "model": "auth.permission", "fields": {"codename": "add_dailystat", "name": "Can add daily stat", "content_type": 22}}, {"pk": 74, "model": "auth.permission", "fields": {"codename": "change_dailystat", "name": "Can change daily stat", "content_type": 22}}, {"pk": 75, "model": "auth.permission", "fields": {"codename": "delete_dailystat", "name": "Can delete daily stat", "content_type": 22}}, {"pk": 76, "model": "auth.permission", "fields": {"codename": "add_zone", "name": "Can add zone", "content_type": 23}}, {"pk": 77, "model": "auth.permission", "fields": {"codename": "change_zone", "name": "Can change zone", "content_type": 23}}, {"pk": 78, "model": "auth.permission", "fields": {"codename": "delete_zone", "name": "Can delete zone", "content_type": 23}}, {"pk": 79, "model": "auth.permission", "fields": {"codename": "add_table", "name": "Can add table", "content_type": 24}}, {"pk": 80, "model": "auth.permission", "fields": {"codename": "change_table", "name": "Can change table", "content_type": 24}}, {"pk": 81, "model": "auth.permission", "fields": {"codename": "delete_table", "name": "Can delete table", "content_type": 24}}, {"pk": 82, "model": "auth.permission", "fields": {"codename": "add_vatonbill", "name": "Can add vat on bill", "content_type": 25}}, {"pk": 83, "model": "auth.permission", "fields": {"codename": "change_vatonbill", "name": "Can change vat on bill", "content_type": 25}}, {"pk": 84, "model": "auth.permission", "fields": {"codename": "delete_vatonbill", "name": "Can delete vat on bill", "content_type": 25}}, {"pk": 1, "model": "auth.user", "fields": {"username": "demo", "first_name": "first name", "last_name": "last name", "is_active": true, "is_superuser": false, "is_staff": false, "last_login": "2013-12-06T16:26:59.362Z", "groups": [], "user_permissions": [58, 59, 60, 61, 62, 63, 64, 65, 66], "password": "pbkdf2_sha256$10000$KkXEPpq6LBAg$Bj9eNm18/4yhiiQ1zbEnBQ8zRpG0J+aGF9K1WAREcJ4=", "email": "demo@possum-software.org", "date_joined": "2013-12-06T16:24:47.032Z"}}]