[{"pk": 1, "model": "south.migrationhistory", "fields": {"applied": "2014-01-02T20:42:59.517", "app_name": "base", "migration": "0001_initial"}}, {"pk": 2, "model": "south.migrationhistory", "fields": {"applied": "2014-01-02T20:42:59.846", "app_name": "base", "migration": "0002_auto__add_vat__add_field_categorie_vat_onsite__add_field_categorie_vat"}}, {"pk": 3, "model": "south.migrationhistory", "fields": {"applied": "2014-01-02T20:43:00.032", "app_name": "base", "migration": "0003_auto__del_field_categorie_alcool"}}, {"pk": 4, "model": "south.migrationhistory", "fields": {"applied": "2014-01-02T20:43:00.222", "app_name": "base", "migration": "0004_auto__add_field_vat_value"}}, {"pk": 5, "model": "south.migrationhistory", "fields": {"applied": "2014-01-02T20:43:00.411", "app_name": "base", "migration": "0005_auto__chg_field_vat_value"}}, {"pk": 6, "model": "south.migrationhistory", "fields": {"applied": "2014-01-02T20:43:00.604", "app_name": "base", "migration": "0006_auto__chg_field_vat_value"}}, {"pk": 7, "model": "south.migrationhistory", "fields": {"applied": "2014-01-02T20:43:00.802", "app_name": "base", "migration": "0007_auto__add_field_facture_onsite"}}, {"pk": 8, "model": "south.migrationhistory", "fields": {"applied": "2014-01-02T20:43:01.065", "app_name": "base", "migration": "0008_auto__del_field_paiementtype_priorite__del_field_paiementtype_nom_fact"}}, {"pk": 9, "model": "south.migrationhistory", "fields": {"applied": "2014-01-02T20:43:01.380", "app_name": "base", "migration": "0009_auto__add_vatonbill__add_field_facture_total_ttc"}}, {"pk": 10, "model": "south.migrationhistory", "fields": {"applied": "2014-01-02T20:43:01.521", "app_name": "base", "migration": "0010_facture_total_ttc"}}, {"pk": 11, "model": "south.migrationhistory", "fields": {"applied": "2014-01-02T20:43:01.811", "app_name": "base", "migration": "0011_auto__del_field_facture_montant_alcool__del_field_facture_montant_norm"}}, {"pk": 12, "model": "south.migrationhistory", "fields": {"applied": "2014-01-02T20:43:01.996", "app_name": "base", "migration": "0012_auto__add_field_cuisson_nom_facture"}}, {"pk": 13, "model": "south.migrationhistory", "fields": {"applied": "2014-01-02T20:43:02.143", "app_name": "base", "migration": "0013_auto__add_printer"}}, {"pk": 14, "model": "south.migrationhistory", "fields": {"applied": "2014-01-02T20:43:02.345", "app_name": "base", "migration": "0014_auto__add_field_printer_width"}}, {"pk": 15, "model": "south.migrationhistory", "fields": {"applied": "2014-01-02T20:43:02.591", "app_name": "base", "migration": "0015_auto__add_field_categorie_made_in_kitchen"}}, {"pk": 16, "model": "south.migrationhistory", "fields": {"applied": "2014-01-02T20:43:02.897", "app_name": "base", "migration": "0016_auto__add_field_produitvendu_made_with__add_field_produitvendu_sent"}}, {"pk": 17, "model": "south.migrationhistory", "fields": {"applied": "2014-01-02T20:43:03.090", "app_name": "base", "migration": "0017_auto__chg_field_produitvendu_made_with"}}, {"pk": 18, "model": "south.migrationhistory", "fields": {"applied": "2014-01-02T20:43:03.445", "app_name": "base", "migration": "0018_auto__del_field_suivi_etat__add_field_suivi_category"}}, {"pk": 19, "model": "south.migrationhistory", "fields": {"applied": "2014-01-02T20:43:03.710", "app_name": "base", "migration": "0019_auto__add_field_produit_vat_onsite__add_field_produit_vat_takeaway"}}, {"pk": 20, "model": "south.migrationhistory", "fields": {"applied": "2014-01-02T20:43:03.858", "app_name": "base", "migration": "0020_auto"}}, {"pk": 21, "model": "south.migrationhistory", "fields": {"applied": "2014-01-02T20:43:04.572", "app_name": "base", "migration": "0021_auto__del_etat__del_couleur__del_field_categorie_couleur__add_field_ca"}}, {"pk": 22, "model": "south.migrationhistory", "fields": {"applied": "2014-01-02T20:43:04.792", "app_name": "base", "migration": "0022_auto__add_field_facture_overcharge"}}, {"pk": 23, "model": "south.migrationhistory", "fields": {"applied": "2014-01-02T20:43:05.252", "app_name": "base", "migration": "0023_auto__del_suivi__add_follow__add_field_facture_following__add_field_fa"}}, {"pk": 24, "model": "south.migrationhistory", "fields": {"applied": "2014-01-02T20:43:05.638", "app_name": "base", "migration": "0024_auto__del_field_facture_following"}}, {"pk": 25, "model": "south.migrationhistory", "fields": {"applied": "2014-01-02T20:43:05.880", "app_name": "base", "migration": "0025_auto__chg_field_facture_category_to_follow"}}, {"pk": 26, "model": "south.migrationhistory", "fields": {"applied": "2014-01-02T20:43:06.047", "app_name": "base", "migration": "0026_auto__add_config"}}, {"pk": 27, "model": "south.migrationhistory", "fields": {"applied": "2014-01-02T20:43:06.312", "app_name": "base", "migration": "0027_auto__del_statsjourcategorie__del_statsjourgeneral__del_statsjourprodu"}}, {"pk": 28, "model": "south.migrationhistory", "fields": {"applied": "2014-01-02T20:43:06.487", "app_name": "base", "migration": "0028_auto__del_logtype__del_log"}}, {"pk": 29, "model": "south.migrationhistory", "fields": {"applied": "2014-01-02T20:43:06.860", "app_name": "base", "migration": "0029_auto__add_field_produit_price_surcharged__add_field_produit_vat_surcha"}}, {"pk": 30, "model": "south.migrationhistory", "fields": {"applied": "2014-01-02T20:43:07.074", "app_name": "base", "migration": "0030_auto__del_field_facture_overcharge__add_field_facture_surcharge"}}, {"pk": 31, "model": "south.migrationhistory", "fields": {"applied": "2014-01-02T20:43:07.257", "app_name": "base", "migration": "0031_auto__del_field_produit_nom_facture"}}, {"pk": 32, "model": "south.migrationhistory", "fields": {"applied": "2014-01-02T20:43:08.143", "app_name": "base", "migration": "0032_auto__del_accompagnement__add_dish__add_field_sauce_nom_facture__del_f"}}, {"pk": 33, "model": "south.migrationhistory", "fields": {"applied": "2014-01-02T20:43:08.391", "app_name": "base", "migration": "0033_auto__add_note"}}, {"pk": 34, "model": "south.migrationhistory", "fields": {"applied": "2014-01-02T20:43:09.009", "app_name": "django_extensions", "migration": "0001_empty"}}, {"pk": 1, "model": "auth.user", "fields": {"username": "demo", "first_name": "first name", "last_name": "last name", "is_active": true, "is_superuser": false, "is_staff": false, "last_login": "2014-01-03T01:58:30.615", "groups": [], "user_permissions": [61, 62, 63, 64, 65, 66, 67, 68, 69], "password": "pbkdf2_sha256$10000$2GY7kXOQFSjW$80hco6tRUQFbJsuqOOPKFTsefXbXWmRDEsNfJkDPuB0=", "email": "demo@possum-software.org", "date_joined": "2014-01-03T01:58:30.615"}}, {"pk": "90cbf8xf1x2t7wpjapn9qvr5ah6ipy4a", "model": "sessions.session", "fields": {"expire_date": "2014-01-16T20:48:37.708", "session_data": "ZmI4MmNjNGEyZTQwN2E1ODBlYjAwMTViMjI0N2ZmMWRlN2UyNGY4ZTqAAn1xAShVEl9hdXRoX3VzZXJfYmFja2VuZHECVSlkamFuZ28uY29udHJpYi5hdXRoLmJhY2tlbmRzLk1vZGVsQmFja2VuZHEDVQ1fYXV0aF91c2VyX2lkcQRLAXUu"}}, {"pk": 1, "model": "base.vat", "fields": {"tax": "19.6", "name": "alcool", "value": "0.196"}}, {"pk": 2, "model": "base.vat", "fields": {"tax": "7", "name": "sur place", "value": "0.07"}}, {"pk": 3, "model": "base.vat", "fields": {"tax": "5", "name": "\u00e0 emporter", "value": "0.05"}}, {"pk": 1, "model": "base.cuisson", "fields": {"nom_facture": "B", "nom": "bleu", "priorite": 10, "color": "#8CC6D7"}}, {"pk": 2, "model": "base.cuisson", "fields": {"nom_facture": "S", "nom": "saignant", "priorite": 15, "color": "#DB0B32"}}, {"pk": 3, "model": "base.cuisson", "fields": {"nom_facture": "AP", "nom": "\u00e0 point", "priorite": 20, "color": "#C44C51"}}, {"pk": 4, "model": "base.cuisson", "fields": {"nom_facture": "BC", "nom": "bien cuit", "priorite": 25, "color": "#B78178"}}, {"pk": 1, "model": "base.categorie", "fields": {"nom": "Jus", "disable_surtaxe": false, "color": "#44b3dc", "available_sauces": [], "vat_takeaway": 3, "priorite": 25, "available_dishes": [], "vat_onsite": 2, "made_in_kitchen": false, "surtaxable": false}}, {"pk": 2, "model": "base.categorie", "fields": {"nom": "Bieres", "disable_surtaxe": false, "color": "#ea97b5", "available_sauces": [], "vat_takeaway": 1, "priorite": 2, "available_dishes": [], "vat_onsite": 1, "made_in_kitchen": false, "surtaxable": false}}, {"pk": 3, "model": "base.categorie", "fields": {"nom": "Entrees", "disable_surtaxe": false, "color": "#ff9f00", "available_sauces": [], "vat_takeaway": 3, "priorite": 5, "available_dishes": [], "vat_onsite": 2, "made_in_kitchen": true, "surtaxable": false}}, {"pk": 4, "model": "base.categorie", "fields": {"nom": "Plat", "disable_surtaxe": false, "color": "#c9a100", "available_sauces": [], "vat_takeaway": 3, "priorite": 10, "available_dishes": [], "vat_onsite": 2, "made_in_kitchen": true, "surtaxable": false}}, {"pk": 5, "model": "base.categorie", "fields": {"nom": "Menu", "disable_surtaxe": false, "color": "#88f027", "available_sauces": [], "vat_takeaway": 3, "priorite": 22, "available_dishes": [], "vat_onsite": 2, "made_in_kitchen": false, "surtaxable": false}}, {"pk": 1, "model": "base.config", "fields": {"value": "5", "key": "payment_for_refunds"}}, {"pk": 2, "model": "base.config", "fields": {"value": "0.20", "key": "price_surcharge"}}, {"pk": 1, "model": "base.produit", "fields": {"nom": "jus abricot", "categories_ok": [], "choix_sauce": false, "choix_cuisson": false, "vat_takeaway": "0.13", "vat_surcharged": "0.18", "prix": "2.8", "price_surcharged": "2.8", "vat_onsite": "0.18", "choix_dish": false, "categorie": 1, "actif": true, "produits_ok": []}}, {"pk": 2, "model": "base.produit", "fields": {"nom": "jus pomme", "categories_ok": [], "choix_sauce": false, "choix_cuisson": false, "vat_takeaway": "0.13", "vat_surcharged": "0.18", "prix": "2.8", "price_surcharged": "2.8", "vat_onsite": "0.18", "choix_dish": false, "categorie": 1, "actif": true, "produits_ok": []}}, {"pk": 3, "model": "base.produit", "fields": {"nom": "biere 50cl", "categories_ok": [], "choix_sauce": false, "choix_cuisson": false, "vat_takeaway": "0.46", "vat_surcharged": "0.46", "prix": "2.8", "price_surcharged": "2.8", "vat_onsite": "0.46", "choix_dish": false, "categorie": 2, "actif": true, "produits_ok": []}}, {"pk": 4, "model": "base.produit", "fields": {"nom": "salade normande", "categories_ok": [], "choix_sauce": false, "choix_cuisson": false, "vat_takeaway": "0.16", "vat_surcharged": "0.22", "prix": "3.4", "price_surcharged": "3.4", "vat_onsite": "0.22", "choix_dish": false, "categorie": 3, "actif": true, "produits_ok": [8]}}, {"pk": 5, "model": "base.produit", "fields": {"nom": "buffet", "categories_ok": [], "choix_sauce": false, "choix_cuisson": false, "vat_takeaway": "0.3", "vat_surcharged": "0.42", "prix": "6.4", "price_surcharged": "6.4", "vat_onsite": "0.42", "choix_dish": false, "categorie": 3, "actif": true, "produits_ok": []}}, {"pk": 6, "model": "base.produit", "fields": {"nom": "entrecote", "categories_ok": [], "choix_sauce": false, "choix_cuisson": true, "vat_takeaway": "0.4", "vat_surcharged": "0.55", "prix": "8.4", "price_surcharged": "8.4", "vat_onsite": "0.55", "choix_dish": false, "categorie": 4, "actif": true, "produits_ok": [8]}}, {"pk": 7, "model": "base.produit", "fields": {"nom": "pave de saumon", "categories_ok": [], "choix_sauce": false, "choix_cuisson": false, "vat_takeaway": "0.45", "vat_surcharged": "0.61", "prix": "9.4", "price_surcharged": "9.4", "vat_onsite": "0.61", "choix_dish": false, "categorie": 4, "actif": true, "produits_ok": [8]}}, {"pk": 8, "model": "base.produit", "fields": {"nom": "Menu Entree/Plat", "categories_ok": [3, 4], "choix_sauce": false, "choix_cuisson": false, "vat_takeaway": "0.64", "vat_surcharged": "0.88", "prix": "13.4", "price_surcharged": "13.4", "vat_onsite": "0.88", "choix_dish": false, "categorie": 5, "actif": true, "produits_ok": [4, 6, 7]}}, {"pk": 1, "model": "base.produitvendu", "fields": {"produit": 4, "contient": [], "dishes": [], "made_with": 3, "notes": [], "prix": "3.4", "sauces": [], "date": "2014-01-03T01:58:34.947", "sent": false, "cuisson": null}}, {"pk": 2, "model": "base.produitvendu", "fields": {"produit": 4, "contient": [], "dishes": [], "made_with": 3, "notes": [], "prix": "3.4", "sauces": [], "date": "2014-01-03T01:58:35.179", "sent": false, "cuisson": null}}, {"pk": 3, "model": "base.produitvendu", "fields": {"produit": 4, "contient": [], "dishes": [], "made_with": 3, "notes": [], "prix": "3.4", "sauces": [], "date": "2014-01-03T01:58:35.384", "sent": false, "cuisson": null}}, {"pk": 4, "model": "base.produitvendu", "fields": {"produit": 5, "contient": [], "dishes": [], "made_with": 3, "notes": [], "prix": "6.4", "sauces": [], "date": "2014-01-03T01:58:35.663", "sent": false, "cuisson": null}}, {"pk": 5, "model": "base.produitvendu", "fields": {"produit": 5, "contient": [], "dishes": [], "made_with": 3, "notes": [], "prix": "6.4", "sauces": [], "date": "2014-01-03T01:58:35.864", "sent": false, "cuisson": null}}, {"pk": 6, "model": "base.produitvendu", "fields": {"produit": 5, "contient": [], "dishes": [], "made_with": 3, "notes": [], "prix": "6.4", "sauces": [], "date": "2014-01-03T01:58:36.122", "sent": false, "cuisson": null}}, {"pk": 7, "model": "base.produitvendu", "fields": {"produit": 6, "contient": [], "dishes": [], "made_with": 4, "notes": [], "prix": "8.4", "sauces": [], "date": "2014-01-03T01:58:36.428", "sent": false, "cuisson": null}}, {"pk": 8, "model": "base.produitvendu", "fields": {"produit": 6, "contient": [], "dishes": [], "made_with": 4, "notes": [], "prix": "8.4", "sauces": [], "date": "2014-01-03T01:58:36.671", "sent": false, "cuisson": null}}, {"pk": 9, "model": "base.produitvendu", "fields": {"produit": 6, "contient": [], "dishes": [], "made_with": 4, "notes": [], "prix": "8.4", "sauces": [], "date": "2014-01-03T01:58:36.986", "sent": false, "cuisson": null}}, {"pk": 10, "model": "base.produitvendu", "fields": {"produit": 7, "contient": [], "dishes": [], "made_with": 4, "notes": [], "prix": "9.4", "sauces": [], "date": "2014-01-03T01:58:37.318", "sent": false, "cuisson": null}}, {"pk": 11, "model": "base.produitvendu", "fields": {"produit": 7, "contient": [], "dishes": [], "made_with": 4, "notes": [], "prix": "9.4", "sauces": [], "date": "2014-01-03T01:58:37.616", "sent": false, "cuisson": null}}, {"pk": 12, "model": "base.produitvendu", "fields": {"produit": 7, "contient": [], "dishes": [], "made_with": 4, "notes": [], "prix": "9.4", "sauces": [], "date": "2014-01-03T01:58:37.968", "sent": false, "cuisson": null}}, {"pk": 13, "model": "base.produitvendu", "fields": {"produit": 3, "contient": [], "dishes": [], "made_with": 2, "notes": [], "prix": "2.8", "sauces": [], "date": "2014-01-03T01:58:38.331", "sent": false, "cuisson": null}}, {"pk": 14, "model": "base.produitvendu", "fields": {"produit": 3, "contient": [], "dishes": [], "made_with": 2, "notes": [], "prix": "2.8", "sauces": [], "date": "2014-01-03T01:58:38.736", "sent": false, "cuisson": null}}, {"pk": 15, "model": "base.produitvendu", "fields": {"produit": 3, "contient": [], "dishes": [], "made_with": 2, "notes": [], "prix": "2.8", "sauces": [], "date": "2014-01-03T01:58:39.115", "sent": false, "cuisson": null}}, {"pk": 16, "model": "base.produitvendu", "fields": {"produit": 8, "contient": [17, 18], "dishes": [], "made_with": null, "notes": [], "prix": "0", "sauces": [], "date": "2014-01-03T01:58:39.499", "sent": false, "cuisson": null}}, {"pk": 17, "model": "base.produitvendu", "fields": {"produit": 4, "contient": [16], "dishes": [], "made_with": null, "notes": [], "prix": "0", "sauces": [], "date": "2014-01-03T01:58:39.528", "sent": false, "cuisson": null}}, {"pk": 18, "model": "base.produitvendu", "fields": {"produit": 7, "contient": [16], "dishes": [], "made_with": null, "notes": [], "prix": "0", "sauces": [], "date": "2014-01-03T01:58:39.608", "sent": false, "cuisson": null}}, {"pk": 19, "model": "base.produitvendu", "fields": {"produit": 4, "contient": [], "dishes": [], "made_with": 3, "notes": [], "prix": "3.4", "sauces": [], "date": "2014-01-03T01:58:39.731", "sent": true, "cuisson": null}}, {"pk": 20, "model": "base.produitvendu", "fields": {"produit": 4, "contient": [], "dishes": [], "made_with": 3, "notes": [], "prix": "3.4", "sauces": [], "date": "2014-01-03T01:58:40.050", "sent": true, "cuisson": null}}, {"pk": 21, "model": "base.produitvendu", "fields": {"produit": 4, "contient": [], "dishes": [], "made_with": 3, "notes": [], "prix": "3.4", "sauces": [], "date": "2014-01-03T01:58:40.312", "sent": true, "cuisson": null}}, {"pk": 22, "model": "base.produitvendu", "fields": {"produit": 5, "contient": [], "dishes": [], "made_with": 3, "notes": [], "prix": "6.4", "sauces": [], "date": "2014-01-03T01:58:40.509", "sent": true, "cuisson": null}}, {"pk": 23, "model": "base.produitvendu", "fields": {"produit": 5, "contient": [], "dishes": [], "made_with": 3, "notes": [], "prix": "6.4", "sauces": [], "date": "2014-01-03T01:58:40.828", "sent": true, "cuisson": null}}, {"pk": 24, "model": "base.produitvendu", "fields": {"produit": 5, "contient": [], "dishes": [], "made_with": 3, "notes": [], "prix": "6.4", "sauces": [], "date": "2014-01-03T01:58:41.061", "sent": true, "cuisson": null}}, {"pk": 25, "model": "base.produitvendu", "fields": {"produit": 6, "contient": [], "dishes": [], "made_with": 4, "notes": [], "prix": "8.4", "sauces": [], "date": "2014-01-03T01:58:41.307", "sent": false, "cuisson": null}}, {"pk": 26, "model": "base.produitvendu", "fields": {"produit": 6, "contient": [], "dishes": [], "made_with": 4, "notes": [], "prix": "8.4", "sauces": [], "date": "2014-01-03T01:58:41.678", "sent": false, "cuisson": null}}, {"pk": 27, "model": "base.produitvendu", "fields": {"produit": 6, "contient": [], "dishes": [], "made_with": 4, "notes": [], "prix": "8.4", "sauces": [], "date": "2014-01-03T01:58:41.935", "sent": false, "cuisson": null}}, {"pk": 28, "model": "base.produitvendu", "fields": {"produit": 7, "contient": [], "dishes": [], "made_with": 4, "notes": [], "prix": "9.4", "sauces": [], "date": "2014-01-03T01:58:42.254", "sent": false, "cuisson": null}}, {"pk": 29, "model": "base.produitvendu", "fields": {"produit": 7, "contient": [], "dishes": [], "made_with": 4, "notes": [], "prix": "9.4", "sauces": [], "date": "2014-01-03T01:58:42.645", "sent": false, "cuisson": null}}, {"pk": 30, "model": "base.produitvendu", "fields": {"produit": 7, "contient": [], "dishes": [], "made_with": 4, "notes": [], "prix": "9.4", "sauces": [], "date": "2014-01-03T01:58:42.933", "sent": false, "cuisson": null}}, {"pk": 31, "model": "base.produitvendu", "fields": {"produit": 3, "contient": [], "dishes": [], "made_with": 2, "notes": [], "prix": "2.8", "sauces": [], "date": "2014-01-03T01:58:43.321", "sent": false, "cuisson": null}}, {"pk": 32, "model": "base.produitvendu", "fields": {"produit": 3, "contient": [], "dishes": [], "made_with": 2, "notes": [], "prix": "2.8", "sauces": [], "date": "2014-01-03T01:58:43.754", "sent": false, "cuisson": null}}, {"pk": 33, "model": "base.produitvendu", "fields": {"produit": 3, "contient": [], "dishes": [], "made_with": 2, "notes": [], "prix": "2.8", "sauces": [], "date": "2014-01-03T01:58:44.119", "sent": false, "cuisson": null}}, {"pk": 34, "model": "base.produitvendu", "fields": {"produit": 8, "contient": [35, 36], "dishes": [], "made_with": null, "notes": [], "prix": "0", "sauces": [], "date": "2014-01-03T01:58:44.547", "sent": false, "cuisson": null}}, {"pk": 35, "model": "base.produitvendu", "fields": {"produit": 4, "contient": [34], "dishes": [], "made_with": null, "notes": [], "prix": "0", "sauces": [], "date": "2014-01-03T01:58:44.568", "sent": false, "cuisson": null}}, {"pk": 36, "model": "base.produitvendu", "fields": {"produit": 7, "contient": [34], "dishes": [], "made_with": null, "notes": [], "prix": "0", "sauces": [], "date": "2014-01-03T01:58:44.636", "sent": false, "cuisson": null}}, {"pk": 37, "model": "base.produitvendu", "fields": {"produit": 4, "contient": [], "dishes": [], "made_with": 3, "notes": [], "prix": "3.4", "sauces": [], "date": "2014-01-03T01:58:45.473", "sent": false, "cuisson": null}}, {"pk": 38, "model": "base.produitvendu", "fields": {"produit": 4, "contient": [], "dishes": [], "made_with": 3, "notes": [], "prix": "3.4", "sauces": [], "date": "2014-01-03T01:58:45.788", "sent": false, "cuisson": null}}, {"pk": 39, "model": "base.produitvendu", "fields": {"produit": 4, "contient": [], "dishes": [], "made_with": 3, "notes": [], "prix": "3.4", "sauces": [], "date": "2014-01-03T01:58:46.009", "sent": false, "cuisson": null}}, {"pk": 40, "model": "base.produitvendu", "fields": {"produit": 5, "contient": [], "dishes": [], "made_with": 3, "notes": [], "prix": "6.4", "sauces": [], "date": "2014-01-03T01:58:46.246", "sent": false, "cuisson": null}}, {"pk": 41, "model": "base.produitvendu", "fields": {"produit": 5, "contient": [], "dishes": [], "made_with": 3, "notes": [], "prix": "6.4", "sauces": [], "date": "2014-01-03T01:58:46.471", "sent": false, "cuisson": null}}, {"pk": 42, "model": "base.produitvendu", "fields": {"produit": 5, "contient": [], "dishes": [], "made_with": 3, "notes": [], "prix": "6.4", "sauces": [], "date": "2014-01-03T01:58:46.730", "sent": false, "cuisson": null}}, {"pk": 43, "model": "base.produitvendu", "fields": {"produit": 6, "contient": [], "dishes": [], "made_with": 4, "notes": [], "prix": "8.4", "sauces": [], "date": "2014-01-03T01:58:47.019", "sent": false, "cuisson": null}}, {"pk": 44, "model": "base.produitvendu", "fields": {"produit": 6, "contient": [], "dishes": [], "made_with": 4, "notes": [], "prix": "8.4", "sauces": [], "date": "2014-01-03T01:58:47.269", "sent": false, "cuisson": null}}, {"pk": 45, "model": "base.produitvendu", "fields": {"produit": 6, "contient": [], "dishes": [], "made_with": 4, "notes": [], "prix": "8.4", "sauces": [], "date": "2014-01-03T01:58:47.575", "sent": false, "cuisson": null}}, {"pk": 46, "model": "base.produitvendu", "fields": {"produit": 7, "contient": [], "dishes": [], "made_with": 4, "notes": [], "prix": "9.4", "sauces": [], "date": "2014-01-03T01:58:47.911", "sent": false, "cuisson": null}}, {"pk": 47, "model": "base.produitvendu", "fields": {"produit": 7, "contient": [], "dishes": [], "made_with": 4, "notes": [], "prix": "9.4", "sauces": [], "date": "2014-01-03T01:58:48.245", "sent": false, "cuisson": null}}, {"pk": 48, "model": "base.produitvendu", "fields": {"produit": 7, "contient": [], "dishes": [], "made_with": 4, "notes": [], "prix": "9.4", "sauces": [], "date": "2014-01-03T01:58:48.606", "sent": false, "cuisson": null}}, {"pk": 49, "model": "base.produitvendu", "fields": {"produit": 3, "contient": [], "dishes": [], "made_with": 2, "notes": [], "prix": "2.8", "sauces": [], "date": "2014-01-03T01:58:48.928", "sent": false, "cuisson": null}}, {"pk": 50, "model": "base.produitvendu", "fields": {"produit": 3, "contient": [], "dishes": [], "made_with": 2, "notes": [], "prix": "2.8", "sauces": [], "date": "2014-01-03T01:58:49.263", "sent": false, "cuisson": null}}, {"pk": 51, "model": "base.produitvendu", "fields": {"produit": 3, "contient": [], "dishes": [], "made_with": 2, "notes": [], "prix": "2.8", "sauces": [], "date": "2014-01-03T01:58:49.699", "sent": false, "cuisson": null}}, {"pk": 52, "model": "base.produitvendu", "fields": {"produit": 8, "contient": [53, 54], "dishes": [], "made_with": null, "notes": [], "prix": "0", "sauces": [], "date": "2014-01-03T01:58:50.068", "sent": false, "cuisson": null}}, {"pk": 53, "model": "base.produitvendu", "fields": {"produit": 4, "contient": [52], "dishes": [], "made_with": null, "notes": [], "prix": "0", "sauces": [], "date": "2014-01-03T01:58:50.083", "sent": false, "cuisson": null}}, {"pk": 54, "model": "base.produitvendu", "fields": {"produit": 7, "contient": [52], "dishes": [], "made_with": null, "notes": [], "prix": "0", "sauces": [], "date": "2014-01-03T01:58:50.133", "sent": false, "cuisson": null}}, {"pk": 55, "model": "base.produitvendu", "fields": {"produit": 4, "contient": [], "dishes": [], "made_with": 3, "notes": [], "prix": "3.4", "sauces": [], "date": "2014-01-03T01:58:50.277", "sent": true, "cuisson": null}}, {"pk": 56, "model": "base.produitvendu", "fields": {"produit": 4, "contient": [], "dishes": [], "made_with": 3, "notes": [], "prix": "3.4", "sauces": [], "date": "2014-01-03T01:58:50.549", "sent": true, "cuisson": null}}, {"pk": 57, "model": "base.produitvendu", "fields": {"produit": 4, "contient": [], "dishes": [], "made_with": 3, "notes": [], "prix": "3.4", "sauces": [], "date": "2014-01-03T01:58:50.725", "sent": true, "cuisson": null}}, {"pk": 58, "model": "base.produitvendu", "fields": {"produit": 5, "contient": [], "dishes": [], "made_with": 3, "notes": [], "prix": "6.4", "sauces": [], "date": "2014-01-03T01:58:50.996", "sent": true, "cuisson": null}}, {"pk": 59, "model": "base.produitvendu", "fields": {"produit": 5, "contient": [], "dishes": [], "made_with": 3, "notes": [], "prix": "6.4", "sauces": [], "date": "2014-01-03T01:58:51.237", "sent": true, "cuisson": null}}, {"pk": 60, "model": "base.produitvendu", "fields": {"produit": 5, "contient": [], "dishes": [], "made_with": 3, "notes": [], "prix": "6.4", "sauces": [], "date": "2014-01-03T01:58:51.475", "sent": true, "cuisson": null}}, {"pk": 61, "model": "base.produitvendu", "fields": {"produit": 6, "contient": [], "dishes": [], "made_with": 4, "notes": [], "prix": "8.4", "sauces": [], "date": "2014-01-03T01:58:51.773", "sent": false, "cuisson": null}}, {"pk": 62, "model": "base.produitvendu", "fields": {"produit": 6, "contient": [], "dishes": [], "made_with": 4, "notes": [], "prix": "8.4", "sauces": [], "date": "2014-01-03T01:58:52.052", "sent": false, "cuisson": null}}, {"pk": 63, "model": "base.produitvendu", "fields": {"produit": 6, "contient": [], "dishes": [], "made_with": 4, "notes": [], "prix": "8.4", "sauces": [], "date": "2014-01-03T01:58:52.343", "sent": false, "cuisson": null}}, {"pk": 64, "model": "base.produitvendu", "fields": {"produit": 7, "contient": [], "dishes": [], "made_with": 4, "notes": [], "prix": "9.4", "sauces": [], "date": "2014-01-03T01:58:52.667", "sent": false, "cuisson": null}}, {"pk": 65, "model": "base.produitvendu", "fields": {"produit": 7, "contient": [], "dishes": [], "made_with": 4, "notes": [], "prix": "9.4", "sauces": [], "date": "2014-01-03T01:58:52.987", "sent": false, "cuisson": null}}, {"pk": 66, "model": "base.produitvendu", "fields": {"produit": 7, "contient": [], "dishes": [], "made_with": 4, "notes": [], "prix": "9.4", "sauces": [], "date": "2014-01-03T01:58:53.339", "sent": false, "cuisson": null}}, {"pk": 67, "model": "base.produitvendu", "fields": {"produit": 3, "contient": [], "dishes": [], "made_with": 2, "notes": [], "prix": "2.8", "sauces": [], "date": "2014-01-03T01:58:53.686", "sent": false, "cuisson": null}}, {"pk": 68, "model": "base.produitvendu", "fields": {"produit": 3, "contient": [], "dishes": [], "made_with": 2, "notes": [], "prix": "2.8", "sauces": [], "date": "2014-01-03T01:58:54.120", "sent": false, "cuisson": null}}, {"pk": 69, "model": "base.produitvendu", "fields": {"produit": 3, "contient": [], "dishes": [], "made_with": 2, "notes": [], "prix": "2.8", "sauces": [], "date": "2014-01-03T01:58:54.481", "sent": false, "cuisson": null}}, {"pk": 70, "model": "base.produitvendu", "fields": {"produit": 8, "contient": [71, 72], "dishes": [], "made_with": null, "notes": [], "prix": "0", "sauces": [], "date": "2014-01-03T01:58:54.857", "sent": false, "cuisson": null}}, {"pk": 71, "model": "base.produitvendu", "fields": {"produit": 4, "contient": [70], "dishes": [], "made_with": null, "notes": [], "prix": "0", "sauces": [], "date": "2014-01-03T01:58:54.881", "sent": false, "cuisson": null}}, {"pk": 72, "model": "base.produitvendu", "fields": {"produit": 7, "contient": [70], "dishes": [], "made_with": null, "notes": [], "prix": "0", "sauces": [], "date": "2014-01-03T01:58:54.979", "sent": false, "cuisson": null}}, {"pk": 73, "model": "base.produitvendu", "fields": {"produit": 4, "contient": [], "dishes": [], "made_with": 3, "notes": [], "prix": "3.4", "sauces": [], "date": "2014-01-03T01:58:55.834", "sent": false, "cuisson": null}}, {"pk": 74, "model": "base.produitvendu", "fields": {"produit": 4, "contient": [], "dishes": [], "made_with": 3, "notes": [], "prix": "3.4", "sauces": [], "date": "2014-01-03T01:58:56.117", "sent": false, "cuisson": null}}, {"pk": 75, "model": "base.produitvendu", "fields": {"produit": 4, "contient": [], "dishes": [], "made_with": 3, "notes": [], "prix": "3.4", "sauces": [], "date": "2014-01-03T01:58:56.370", "sent": false, "cuisson": null}}, {"pk": 76, "model": "base.produitvendu", "fields": {"produit": 5, "contient": [], "dishes": [], "made_with": 3, "notes": [], "prix": "6.4", "sauces": [], "date": "2014-01-03T01:58:56.615", "sent": false, "cuisson": null}}, {"pk": 77, "model": "base.produitvendu", "fields": {"produit": 5, "contient": [], "dishes": [], "made_with": 3, "notes": [], "prix": "6.4", "sauces": [], "date": "2014-01-03T01:58:56.808", "sent": false, "cuisson": null}}, {"pk": 78, "model": "base.produitvendu", "fields": {"produit": 5, "contient": [], "dishes": [], "made_with": 3, "notes": [], "prix": "6.4", "sauces": [], "date": "2014-01-03T01:58:57.107", "sent": false, "cuisson": null}}, {"pk": 79, "model": "base.produitvendu", "fields": {"produit": 6, "contient": [], "dishes": [], "made_with": 4, "notes": [], "prix": "8.4", "sauces": [], "date": "2014-01-03T01:58:57.386", "sent": false, "cuisson": null}}, {"pk": 80, "model": "base.produitvendu", "fields": {"produit": 6, "contient": [], "dishes": [], "made_with": 4, "notes": [], "prix": "8.4", "sauces": [], "date": "2014-01-03T01:58:57.631", "sent": false, "cuisson": null}}, {"pk": 81, "model": "base.produitvendu", "fields": {"produit": 6, "contient": [], "dishes": [], "made_with": 4, "notes": [], "prix": "8.4", "sauces": [], "date": "2014-01-03T01:58:57.975", "sent": false, "cuisson": null}}, {"pk": 82, "model": "base.produitvendu", "fields": {"produit": 7, "contient": [], "dishes": [], "made_with": 4, "notes": [], "prix": "9.4", "sauces": [], "date": "2014-01-03T01:58:58.282", "sent": false, "cuisson": null}}, {"pk": 83, "model": "base.produitvendu", "fields": {"produit": 7, "contient": [], "dishes": [], "made_with": 4, "notes": [], "prix": "9.4", "sauces": [], "date": "2014-01-03T01:58:58.588", "sent": false, "cuisson": null}}, {"pk": 84, "model": "base.produitvendu", "fields": {"produit": 7, "contient": [], "dishes": [], "made_with": 4, "notes": [], "prix": "9.4", "sauces": [], "date": "2014-01-03T01:58:58.956", "sent": false, "cuisson": null}}, {"pk": 85, "model": "base.produitvendu", "fields": {"produit": 3, "contient": [], "dishes": [], "made_with": 2, "notes": [], "prix": "2.8", "sauces": [], "date": "2014-01-03T01:58:59.300", "sent": false, "cuisson": null}}, {"pk": 86, "model": "base.produitvendu", "fields": {"produit": 3, "contient": [], "dishes": [], "made_with": 2, "notes": [], "prix": "2.8", "sauces": [], "date": "2014-01-03T01:58:59.707", "sent": false, "cuisson": null}}, {"pk": 87, "model": "base.produitvendu", "fields": {"produit": 3, "contient": [], "dishes": [], "made_with": 2, "notes": [], "prix": "2.8", "sauces": [], "date": "2014-01-03T01:59:00.094", "sent": false, "cuisson": null}}, {"pk": 88, "model": "base.produitvendu", "fields": {"produit": 8, "contient": [89, 90], "dishes": [], "made_with": null, "notes": [], "prix": "0", "sauces": [], "date": "2014-01-03T01:59:00.485", "sent": false, "cuisson": null}}, {"pk": 89, "model": "base.produitvendu", "fields": {"produit": 4, "contient": [88], "dishes": [], "made_with": null, "notes": [], "prix": "0", "sauces": [], "date": "2014-01-03T01:59:00.509", "sent": false, "cuisson": null}}, {"pk": 90, "model": "base.produitvendu", "fields": {"produit": 7, "contient": [88], "dishes": [], "made_with": null, "notes": [], "prix": "0", "sauces": [], "date": "2014-01-03T01:59:00.584", "sent": false, "cuisson": null}}, {"pk": 91, "model": "base.produitvendu", "fields": {"produit": 4, "contient": [], "dishes": [], "made_with": 3, "notes": [], "prix": "3.4", "sauces": [], "date": "2014-01-03T01:59:00.696", "sent": true, "cuisson": null}}, {"pk": 92, "model": "base.produitvendu", "fields": {"produit": 4, "contient": [], "dishes": [], "made_with": 3, "notes": [], "prix": "3.4", "sauces": [], "date": "2014-01-03T01:59:01.045", "sent": true, "cuisson": null}}, {"pk": 93, "model": "base.produitvendu", "fields": {"produit": 4, "contient": [], "dishes": [], "made_with": 3, "notes": [], "prix": "3.4", "sauces": [], "date": "2014-01-03T01:59:01.249", "sent": true, "cuisson": null}}, {"pk": 94, "model": "base.produitvendu", "fields": {"produit": 5, "contient": [], "dishes": [], "made_with": 3, "notes": [], "prix": "6.4", "sauces": [], "date": "2014-01-03T01:59:01.464", "sent": true, "cuisson": null}}, {"pk": 95, "model": "base.produitvendu", "fields": {"produit": 5, "contient": [], "dishes": [], "made_with": 3, "notes": [], "prix": "6.4", "sauces": [], "date": "2014-01-03T01:59:01.746", "sent": true, "cuisson": null}}, {"pk": 96, "model": "base.produitvendu", "fields": {"produit": 5, "contient": [], "dishes": [], "made_with": 3, "notes": [], "prix": "6.4", "sauces": [], "date": "2014-01-03T01:59:01.979", "sent": true, "cuisson": null}}, {"pk": 97, "model": "base.produitvendu", "fields": {"produit": 6, "contient": [], "dishes": [], "made_with": 4, "notes": [], "prix": "8.4", "sauces": [], "date": "2014-01-03T01:59:02.237", "sent": false, "cuisson": null}}, {"pk": 98, "model": "base.produitvendu", "fields": {"produit": 6, "contient": [], "dishes": [], "made_with": 4, "notes": [], "prix": "8.4", "sauces": [], "date": "2014-01-03T01:59:02.574", "sent": false, "cuisson": null}}, {"pk": 99, "model": "base.produitvendu", "fields": {"produit": 6, "contient": [], "dishes": [], "made_with": 4, "notes": [], "prix": "8.4", "sauces": [], "date": "2014-01-03T01:59:02.830", "sent": false, "cuisson": null}}, {"pk": 100, "model": "base.produitvendu", "fields": {"produit": 7, "contient": [], "dishes": [], "made_with": 4, "notes": [], "prix": "9.4", "sauces": [], "date": "2014-01-03T01:59:03.146", "sent": false, "cuisson": null}}, {"pk": 101, "model": "base.produitvendu", "fields": {"produit": 7, "contient": [], "dishes": [], "made_with": 4, "notes": [], "prix": "9.4", "sauces": [], "date": "2014-01-03T01:59:03.513", "sent": false, "cuisson": null}}, {"pk": 102, "model": "base.produitvendu", "fields": {"produit": 7, "contient": [], "dishes": [], "made_with": 4, "notes": [], "prix": "9.4", "sauces": [], "date": "2014-01-03T01:59:03.796", "sent": false, "cuisson": null}}, {"pk": 103, "model": "base.produitvendu", "fields": {"produit": 3, "contient": [], "dishes": [], "made_with": 2, "notes": [], "prix": "2.8", "sauces": [], "date": "2014-01-03T01:59:04.163", "sent": false, "cuisson": null}}, {"pk": 104, "model": "base.produitvendu", "fields": {"produit": 3, "contient": [], "dishes": [], "made_with": 2, "notes": [], "prix": "2.8", "sauces": [], "date": "2014-01-03T01:59:04.606", "sent": false, "cuisson": null}}, {"pk": 105, "model": "base.produitvendu", "fields": {"produit": 3, "contient": [], "dishes": [], "made_with": 2, "notes": [], "prix": "2.8", "sauces": [], "date": "2014-01-03T01:59:05.002", "sent": false, "cuisson": null}}, {"pk": 106, "model": "base.produitvendu", "fields": {"produit": 8, "contient": [107, 108], "dishes": [], "made_with": null, "notes": [], "prix": "0", "sauces": [], "date": "2014-01-03T01:59:05.403", "sent": false, "cuisson": null}}, {"pk": 107, "model": "base.produitvendu", "fields": {"produit": 4, "contient": [106], "dishes": [], "made_with": null, "notes": [], "prix": "0", "sauces": [], "date": "2014-01-03T01:59:05.424", "sent": false, "cuisson": null}}, {"pk": 108, "model": "base.produitvendu", "fields": {"produit": 7, "contient": [106], "dishes": [], "made_with": null, "notes": [], "prix": "0", "sauces": [], "date": "2014-01-03T01:59:05.473", "sent": false, "cuisson": null}}, {"pk": 109, "model": "base.produitvendu", "fields": {"produit": 4, "contient": [], "dishes": [], "made_with": 3, "notes": [], "prix": "3.4", "sauces": [], "date": "2014-01-03T01:59:06.302", "sent": false, "cuisson": null}}, {"pk": 110, "model": "base.produitvendu", "fields": {"produit": 4, "contient": [], "dishes": [], "made_with": 3, "notes": [], "prix": "3.4", "sauces": [], "date": "2014-01-03T01:59:06.548", "sent": false, "cuisson": null}}, {"pk": 111, "model": "base.produitvendu", "fields": {"produit": 4, "contient": [], "dishes": [], "made_with": 3, "notes": [], "prix": "3.4", "sauces": [], "date": "2014-01-03T01:59:06.766", "sent": false, "cuisson": null}}, {"pk": 112, "model": "base.produitvendu", "fields": {"produit": 5, "contient": [], "dishes": [], "made_with": 3, "notes": [], "prix": "6.4", "sauces": [], "date": "2014-01-03T01:59:06.988", "sent": false, "cuisson": null}}, {"pk": 113, "model": "base.produitvendu", "fields": {"produit": 5, "contient": [], "dishes": [], "made_with": 3, "notes": [], "prix": "6.4", "sauces": [], "date": "2014-01-03T01:59:07.239", "sent": false, "cuisson": null}}, {"pk": 114, "model": "base.produitvendu", "fields": {"produit": 5, "contient": [], "dishes": [], "made_with": 3, "notes": [], "prix": "6.4", "sauces": [], "date": "2014-01-03T01:59:07.488", "sent": false, "cuisson": null}}, {"pk": 115, "model": "base.produitvendu", "fields": {"produit": 6, "contient": [], "dishes": [], "made_with": 4, "notes": [], "prix": "8.4", "sauces": [], "date": "2014-01-03T01:59:07.776", "sent": false, "cuisson": null}}, {"pk": 116, "model": "base.produitvendu", "fields": {"produit": 6, "contient": [], "dishes": [], "made_with": 4, "notes": [], "prix": "8.4", "sauces": [], "date": "2014-01-03T01:59:08.064", "sent": false, "cuisson": null}}, {"pk": 117, "model": "base.produitvendu", "fields": {"produit": 6, "contient": [], "dishes": [], "made_with": 4, "notes": [], "prix": "8.4", "sauces": [], "date": "2014-01-03T01:59:08.339", "sent": false, "cuisson": null}}, {"pk": 118, "model": "base.produitvendu", "fields": {"produit": 7, "contient": [], "dishes": [], "made_with": 4, "notes": [], "prix": "9.4", "sauces": [], "date": "2014-01-03T01:59:08.685", "sent": false, "cuisson": null}}, {"pk": 119, "model": "base.produitvendu", "fields": {"produit": 7, "contient": [], "dishes": [], "made_with": 4, "notes": [], "prix": "9.4", "sauces": [], "date": "2014-01-03T01:59:09.006", "sent": false, "cuisson": null}}, {"pk": 120, "model": "base.produitvendu", "fields": {"produit": 7, "contient": [], "dishes": [], "made_with": 4, "notes": [], "prix": "9.4", "sauces": [], "date": "2014-01-03T01:59:09.315", "sent": false, "cuisson": null}}, {"pk": 121, "model": "base.produitvendu", "fields": {"produit": 3, "contient": [], "dishes": [], "made_with": 2, "notes": [], "prix": "2.8", "sauces": [], "date": "2014-01-03T01:59:09.721", "sent": false, "cuisson": null}}, {"pk": 122, "model": "base.produitvendu", "fields": {"produit": 3, "contient": [], "dishes": [], "made_with": 2, "notes": [], "prix": "2.8", "sauces": [], "date": "2014-01-03T01:59:10.097", "sent": false, "cuisson": null}}, {"pk": 123, "model": "base.produitvendu", "fields": {"produit": 3, "contient": [], "dishes": [], "made_with": 2, "notes": [], "prix": "2.8", "sauces": [], "date": "2014-01-03T01:59:10.486", "sent": false, "cuisson": null}}, {"pk": 124, "model": "base.produitvendu", "fields": {"produit": 8, "contient": [125, 126], "dishes": [], "made_with": null, "notes": [], "prix": "0", "sauces": [], "date": "2014-01-03T01:59:10.911", "sent": false, "cuisson": null}}, {"pk": 125, "model": "base.produitvendu", "fields": {"produit": 4, "contient": [124], "dishes": [], "made_with": null, "notes": [], "prix": "0", "sauces": [], "date": "2014-01-03T01:59:10.925", "sent": false, "cuisson": null}}, {"pk": 126, "model": "base.produitvendu", "fields": {"produit": 7, "contient": [124], "dishes": [], "made_with": null, "notes": [], "prix": "0", "sauces": [], "date": "2014-01-03T01:59:10.976", "sent": false, "cuisson": null}}, {"pk": 127, "model": "base.produitvendu", "fields": {"produit": 4, "contient": [], "dishes": [], "made_with": 3, "notes": [], "prix": "3.4", "sauces": [], "date": "2014-01-03T01:59:11.061", "sent": true, "cuisson": null}}, {"pk": 128, "model": "base.produitvendu", "fields": {"produit": 4, "contient": [], "dishes": [], "made_with": 3, "notes": [], "prix": "3.4", "sauces": [], "date": "2014-01-03T01:59:11.452", "sent": true, "cuisson": null}}, {"pk": 129, "model": "base.produitvendu", "fields": {"produit": 4, "contient": [], "dishes": [], "made_with": 3, "notes": [], "prix": "3.4", "sauces": [], "date": "2014-01-03T01:59:11.620", "sent": true, "cuisson": null}}, {"pk": 130, "model": "base.produitvendu", "fields": {"produit": 5, "contient": [], "dishes": [], "made_with": 3, "notes": [], "prix": "6.4", "sauces": [], "date": "2014-01-03T01:59:11.875", "sent": true, "cuisson": null}}, {"pk": 131, "model": "base.produitvendu", "fields": {"produit": 5, "contient": [], "dishes": [], "made_with": 3, "notes": [], "prix": "6.4", "sauces": [], "date": "2014-01-03T01:59:12.135", "sent": true, "cuisson": null}}, {"pk": 132, "model": "base.produitvendu", "fields": {"produit": 5, "contient": [], "dishes": [], "made_with": 3, "notes": [], "prix": "6.4", "sauces": [], "date": "2014-01-03T01:59:12.356", "sent": true, "cuisson": null}}, {"pk": 133, "model": "base.produitvendu", "fields": {"produit": 6, "contient": [], "dishes": [], "made_with": 4, "notes": [], "prix": "8.4", "sauces": [], "date": "2014-01-03T01:59:12.639", "sent": false, "cuisson": null}}, {"pk": 134, "model": "base.produitvendu", "fields": {"produit": 6, "contient": [], "dishes": [], "made_with": 4, "notes": [], "prix": "8.4", "sauces": [], "date": "2014-01-03T01:59:12.939", "sent": false, "cuisson": null}}, {"pk": 135, "model": "base.produitvendu", "fields": {"produit": 6, "contient": [], "dishes": [], "made_with": 4, "notes": [], "prix": "8.4", "sauces": [], "date": "2014-01-03T01:59:13.220", "sent": false, "cuisson": null}}, {"pk": 136, "model": "base.produitvendu", "fields": {"produit": 7, "contient": [], "dishes": [], "made_with": 4, "notes": [], "prix": "9.4", "sauces": [], "date": "2014-01-03T01:59:13.545", "sent": false, "cuisson": null}}, {"pk": 137, "model": "base.produitvendu", "fields": {"produit": 7, "contient": [], "dishes": [], "made_with": 4, "notes": [], "prix": "9.4", "sauces": [], "date": "2014-01-03T01:59:13.871", "sent": false, "cuisson": null}}, {"pk": 138, "model": "base.produitvendu", "fields": {"produit": 7, "contient": [], "dishes": [], "made_with": 4, "notes": [], "prix": "9.4", "sauces": [], "date": "2014-01-03T01:59:14.224", "sent": false, "cuisson": null}}, {"pk": 139, "model": "base.produitvendu", "fields": {"produit": 3, "contient": [], "dishes": [], "made_with": 2, "notes": [], "prix": "2.8", "sauces": [], "date": "2014-01-03T01:59:14.566", "sent": false, "cuisson": null}}, {"pk": 140, "model": "base.produitvendu", "fields": {"produit": 3, "contient": [], "dishes": [], "made_with": 2, "notes": [], "prix": "2.8", "sauces": [], "date": "2014-01-03T01:59:15.003", "sent": false, "cuisson": null}}, {"pk": 141, "model": "base.produitvendu", "fields": {"produit": 3, "contient": [], "dishes": [], "made_with": 2, "notes": [], "prix": "2.8", "sauces": [], "date": "2014-01-03T01:59:15.382", "sent": false, "cuisson": null}}, {"pk": 142, "model": "base.produitvendu", "fields": {"produit": 8, "contient": [143, 144], "dishes": [], "made_with": null, "notes": [], "prix": "0", "sauces": [], "date": "2014-01-03T01:59:15.746", "sent": false, "cuisson": null}}, {"pk": 143, "model": "base.produitvendu", "fields": {"produit": 4, "contient": [142], "dishes": [], "made_with": null, "notes": [], "prix": "0", "sauces": [], "date": "2014-01-03T01:59:15.769", "sent": false, "cuisson": null}}, {"pk": 144, "model": "base.produitvendu", "fields": {"produit": 7, "contient": [142], "dishes": [], "made_with": null, "notes": [], "prix": "0", "sauces": [], "date": "2014-01-03T01:59:15.853", "sent": false, "cuisson": null}}, {"pk": 145, "model": "base.produitvendu", "fields": {"produit": 4, "contient": [], "dishes": [], "made_with": 3, "notes": [], "prix": "3.4", "sauces": [], "date": "2014-01-03T01:59:16.718", "sent": false, "cuisson": null}}, {"pk": 146, "model": "base.produitvendu", "fields": {"produit": 4, "contient": [], "dishes": [], "made_with": 3, "notes": [], "prix": "3.4", "sauces": [], "date": "2014-01-03T01:59:17.031", "sent": false, "cuisson": null}}, {"pk": 147, "model": "base.produitvendu", "fields": {"produit": 4, "contient": [], "dishes": [], "made_with": 3, "notes": [], "prix": "3.4", "sauces": [], "date": "2014-01-03T01:59:17.248", "sent": false, "cuisson": null}}, {"pk": 148, "model": "base.produitvendu", "fields": {"produit": 5, "contient": [], "dishes": [], "made_with": 3, "notes": [], "prix": "6.4", "sauces": [], "date": "2014-01-03T01:59:17.531", "sent": false, "cuisson": null}}, {"pk": 149, "model": "base.produitvendu", "fields": {"produit": 5, "contient": [], "dishes": [], "made_with": 3, "notes": [], "prix": "6.4", "sauces": [], "date": "2014-01-03T01:59:17.726", "sent": false, "cuisson": null}}, {"pk": 150, "model": "base.produitvendu", "fields": {"produit": 5, "contient": [], "dishes": [], "made_with": 3, "notes": [], "prix": "6.4", "sauces": [], "date": "2014-01-03T01:59:18.003", "sent": false, "cuisson": null}}, {"pk": 151, "model": "base.produitvendu", "fields": {"produit": 6, "contient": [], "dishes": [], "made_with": 4, "notes": [], "prix": "8.4", "sauces": [], "date": "2014-01-03T01:59:18.304", "sent": false, "cuisson": null}}, {"pk": 152, "model": "base.produitvendu", "fields": {"produit": 6, "contient": [], "dishes": [], "made_with": 4, "notes": [], "prix": "8.4", "sauces": [], "date": "2014-01-03T01:59:18.541", "sent": false, "cuisson": null}}, {"pk": 153, "model": "base.produitvendu", "fields": {"produit": 6, "contient": [], "dishes": [], "made_with": 4, "notes": [], "prix": "8.4", "sauces": [], "date": "2014-01-03T01:59:18.869", "sent": false, "cuisson": null}}, {"pk": 154, "model": "base.produitvendu", "fields": {"produit": 7, "contient": [], "dishes": [], "made_with": 4, "notes": [], "prix": "9.4", "sauces": [], "date": "2014-01-03T01:59:19.200", "sent": false, "cuisson": null}}, {"pk": 155, "model": "base.produitvendu", "fields": {"produit": 7, "contient": [], "dishes": [], "made_with": 4, "notes": [], "prix": "9.4", "sauces": [], "date": "2014-01-03T01:59:19.490", "sent": false, "cuisson": null}}, {"pk": 156, "model": "base.produitvendu", "fields": {"produit": 7, "contient": [], "dishes": [], "made_with": 4, "notes": [], "prix": "9.4", "sauces": [], "date": "2014-01-03T01:59:19.859", "sent": false, "cuisson": null}}, {"pk": 157, "model": "base.produitvendu", "fields": {"produit": 3, "contient": [], "dishes": [], "made_with": 2, "notes": [], "prix": "2.8", "sauces": [], "date": "2014-01-03T01:59:20.222", "sent": false, "cuisson": null}}, {"pk": 158, "model": "base.produitvendu", "fields": {"produit": 3, "contient": [], "dishes": [], "made_with": 2, "notes": [], "prix": "2.8", "sauces": [], "date": "2014-01-03T01:59:20.623", "sent": false, "cuisson": null}}, {"pk": 159, "model": "base.produitvendu", "fields": {"produit": 3, "contient": [], "dishes": [], "made_with": 2, "notes": [], "prix": "2.8", "sauces": [], "date": "2014-01-03T01:59:21.016", "sent": false, "cuisson": null}}, {"pk": 160, "model": "base.produitvendu", "fields": {"produit": 8, "contient": [161, 162], "dishes": [], "made_with": null, "notes": [], "prix": "0", "sauces": [], "date": "2014-01-03T01:59:21.402", "sent": false, "cuisson": null}}, {"pk": 161, "model": "base.produitvendu", "fields": {"produit": 4, "contient": [160], "dishes": [], "made_with": null, "notes": [], "prix": "0", "sauces": [], "date": "2014-01-03T01:59:21.427", "sent": false, "cuisson": null}}, {"pk": 162, "model": "base.produitvendu", "fields": {"produit": 7, "contient": [160], "dishes": [], "made_with": null, "notes": [], "prix": "0", "sauces": [], "date": "2014-01-03T01:59:21.508", "sent": false, "cuisson": null}}, {"pk": 163, "model": "base.produitvendu", "fields": {"produit": 4, "contient": [], "dishes": [], "made_with": 3, "notes": [], "prix": "3.4", "sauces": [], "date": "2014-01-03T01:59:21.627", "sent": true, "cuisson": null}}, {"pk": 164, "model": "base.produitvendu", "fields": {"produit": 4, "contient": [], "dishes": [], "made_with": 3, "notes": [], "prix": "3.4", "sauces": [], "date": "2014-01-03T01:59:21.958", "sent": true, "cuisson": null}}, {"pk": 165, "model": "base.produitvendu", "fields": {"produit": 4, "contient": [], "dishes": [], "made_with": 3, "notes": [], "prix": "3.4", "sauces": [], "date": "2014-01-03T01:59:22.186", "sent": true, "cuisson": null}}, {"pk": 166, "model": "base.produitvendu", "fields": {"produit": 5, "contient": [], "dishes": [], "made_with": 3, "notes": [], "prix": "6.4", "sauces": [], "date": "2014-01-03T01:59:22.391", "sent": true, "cuisson": null}}, {"pk": 167, "model": "base.produitvendu", "fields": {"produit": 5, "contient": [], "dishes": [], "made_with": 3, "notes": [], "prix": "6.4", "sauces": [], "date": "2014-01-03T01:59:22.661", "sent": true, "cuisson": null}}, {"pk": 168, "model": "base.produitvendu", "fields": {"produit": 5, "contient": [], "dishes": [], "made_with": 3, "notes": [], "prix": "6.4", "sauces": [], "date": "2014-01-03T01:59:22.926", "sent": true, "cuisson": null}}, {"pk": 169, "model": "base.produitvendu", "fields": {"produit": 6, "contient": [], "dishes": [], "made_with": 4, "notes": [], "prix": "8.4", "sauces": [], "date": "2014-01-03T01:59:23.162", "sent": false, "cuisson": null}}, {"pk": 170, "model": "base.produitvendu", "fields": {"produit": 6, "contient": [], "dishes": [], "made_with": 4, "notes": [], "prix": "8.4", "sauces": [], "date": "2014-01-03T01:59:23.490", "sent": false, "cuisson": null}}, {"pk": 171, "model": "base.produitvendu", "fields": {"produit": 6, "contient": [], "dishes": [], "made_with": 4, "notes": [], "prix": "8.4", "sauces": [], "date": "2014-01-03T01:59:23.781", "sent": false, "cuisson": null}}, {"pk": 172, "model": "base.produitvendu", "fields": {"produit": 7, "contient": [], "dishes": [], "made_with": 4, "notes": [], "prix": "9.4", "sauces": [], "date": "2014-01-03T01:59:24.055", "sent": false, "cuisson": null}}, {"pk": 173, "model": "base.produitvendu", "fields": {"produit": 7, "contient": [], "dishes": [], "made_with": 4, "notes": [], "prix": "9.4", "sauces": [], "date": "2014-01-03T01:59:24.438", "sent": false, "cuisson": null}}, {"pk": 174, "model": "base.produitvendu", "fields": {"produit": 7, "contient": [], "dishes": [], "made_with": 4, "notes": [], "prix": "9.4", "sauces": [], "date": "2014-01-03T01:59:24.758", "sent": false, "cuisson": null}}, {"pk": 175, "model": "base.produitvendu", "fields": {"produit": 3, "contient": [], "dishes": [], "made_with": 2, "notes": [], "prix": "2.8", "sauces": [], "date": "2014-01-03T01:59:25.081", "sent": false, "cuisson": null}}, {"pk": 176, "model": "base.produitvendu", "fields": {"produit": 3, "contient": [], "dishes": [], "made_with": 2, "notes": [], "prix": "2.8", "sauces": [], "date": "2014-01-03T01:59:25.558", "sent": false, "cuisson": null}}, {"pk": 177, "model": "base.produitvendu", "fields": {"produit": 3, "contient": [], "dishes": [], "made_with": 2, "notes": [], "prix": "2.8", "sauces": [], "date": "2014-01-03T01:59:25.883", "sent": false, "cuisson": null}}, {"pk": 178, "model": "base.produitvendu", "fields": {"produit": 8, "contient": [179, 180], "dishes": [], "made_with": null, "notes": [], "prix": "0", "sauces": [], "date": "2014-01-03T01:59:26.292", "sent": false, "cuisson": null}}, {"pk": 179, "model": "base.produitvendu", "fields": {"produit": 4, "contient": [178], "dishes": [], "made_with": null, "notes": [], "prix": "0", "sauces": [], "date": "2014-01-03T01:59:26.321", "sent": false, "cuisson": null}}, {"pk": 180, "model": "base.produitvendu", "fields": {"produit": 7, "contient": [178], "dishes": [], "made_with": null, "notes": [], "prix": "0", "sauces": [], "date": "2014-01-03T01:59:26.404", "sent": false, "cuisson": null}}, {"pk": 181, "model": "base.produitvendu", "fields": {"produit": 4, "contient": [], "dishes": [], "made_with": 3, "notes": [], "prix": "3.4", "sauces": [], "date": "2014-01-03T01:59:27.247", "sent": false, "cuisson": null}}, {"pk": 182, "model": "base.produitvendu", "fields": {"produit": 4, "contient": [], "dishes": [], "made_with": 3, "notes": [], "prix": "3.4", "sauces": [], "date": "2014-01-03T01:59:27.479", "sent": false, "cuisson": null}}, {"pk": 183, "model": "base.produitvendu", "fields": {"produit": 4, "contient": [], "dishes": [], "made_with": 3, "notes": [], "prix": "3.4", "sauces": [], "date": "2014-01-03T01:59:27.710", "sent": false, "cuisson": null}}, {"pk": 184, "model": "base.produitvendu", "fields": {"produit": 5, "contient": [], "dishes": [], "made_with": 3, "notes": [], "prix": "6.4", "sauces": [], "date": "2014-01-03T01:59:27.939", "sent": false, "cuisson": null}}, {"pk": 185, "model": "base.produitvendu", "fields": {"produit": 5, "contient": [], "dishes": [], "made_with": 3, "notes": [], "prix": "6.4", "sauces": [], "date": "2014-01-03T01:59:28.186", "sent": false, "cuisson": null}}, {"pk": 186, "model": "base.produitvendu", "fields": {"produit": 5, "contient": [], "dishes": [], "made_with": 3, "notes": [], "prix": "6.4", "sauces": [], "date": "2014-01-03T01:59:28.443", "sent": false, "cuisson": null}}, {"pk": 187, "model": "base.produitvendu", "fields": {"produit": 6, "contient": [], "dishes": [], "made_with": 4, "notes": [], "prix": "8.4", "sauces": [], "date": "2014-01-03T01:59:28.713", "sent": false, "cuisson": null}}, {"pk": 188, "model": "base.produitvendu", "fields": {"produit": 6, "contient": [], "dishes": [], "made_with": 4, "notes": [], "prix": "8.4", "sauces": [], "date": "2014-01-03T01:59:29.012", "sent": false, "cuisson": null}}, {"pk": 189, "model": "base.produitvendu", "fields": {"produit": 6, "contient": [], "dishes": [], "made_with": 4, "notes": [], "prix": "8.4", "sauces": [], "date": "2014-01-03T01:59:29.297", "sent": false, "cuisson": null}}, {"pk": 190, "model": "base.produitvendu", "fields": {"produit": 7, "contient": [], "dishes": [], "made_with": 4, "notes": [], "prix": "9.4", "sauces": [], "date": "2014-01-03T01:59:29.621", "sent": false, "cuisson": null}}, {"pk": 191, "model": "base.produitvendu", "fields": {"produit": 7, "contient": [], "dishes": [], "made_with": 4, "notes": [], "prix": "9.4", "sauces": [], "date": "2014-01-03T01:59:29.962", "sent": false, "cuisson": null}}, {"pk": 192, "model": "base.produitvendu", "fields": {"produit": 7, "contient": [], "dishes": [], "made_with": 4, "notes": [], "prix": "9.4", "sauces": [], "date": "2014-01-03T01:59:30.271", "sent": false, "cuisson": null}}, {"pk": 193, "model": "base.produitvendu", "fields": {"produit": 3, "contient": [], "dishes": [], "made_with": 2, "notes": [], "prix": "2.8", "sauces": [], "date": "2014-01-03T01:59:30.653", "sent": false, "cuisson": null}}, {"pk": 194, "model": "base.produitvendu", "fields": {"produit": 3, "contient": [], "dishes": [], "made_with": 2, "notes": [], "prix": "2.8", "sauces": [], "date": "2014-01-03T01:59:31.069", "sent": false, "cuisson": null}}, {"pk": 195, "model": "base.produitvendu", "fields": {"produit": 3, "contient": [], "dishes": [], "made_with": 2, "notes": [], "prix": "2.8", "sauces": [], "date": "2014-01-03T01:59:31.421", "sent": false, "cuisson": null}}, {"pk": 196, "model": "base.produitvendu", "fields": {"produit": 8, "contient": [197, 198], "dishes": [], "made_with": null, "notes": [], "prix": "0", "sauces": [], "date": "2014-01-03T01:59:31.868", "sent": false, "cuisson": null}}, {"pk": 197, "model": "base.produitvendu", "fields": {"produit": 4, "contient": [196], "dishes": [], "made_with": null, "notes": [], "prix": "0", "sauces": [], "date": "2014-01-03T01:59:31.893", "sent": false, "cuisson": null}}, {"pk": 198, "model": "base.produitvendu", "fields": {"produit": 7, "contient": [196], "dishes": [], "made_with": null, "notes": [], "prix": "0", "sauces": [], "date": "2014-01-03T01:59:31.953", "sent": false, "cuisson": null}}, {"pk": 199, "model": "base.produitvendu", "fields": {"produit": 4, "contient": [], "dishes": [], "made_with": 3, "notes": [], "prix": "3.4", "sauces": [], "date": "2014-01-03T01:59:32.039", "sent": true, "cuisson": null}}, {"pk": 200, "model": "base.produitvendu", "fields": {"produit": 4, "contient": [], "dishes": [], "made_with": 3, "notes": [], "prix": "3.4", "sauces": [], "date": "2014-01-03T01:59:32.332", "sent": true, "cuisson": null}}, {"pk": 201, "model": "base.produitvendu", "fields": {"produit": 4, "contient": [], "dishes": [], "made_with": 3, "notes": [], "prix": "3.4", "sauces": [], "date": "2014-01-03T01:59:32.545", "sent": true, "cuisson": null}}, {"pk": 202, "model": "base.produitvendu", "fields": {"produit": 5, "contient": [], "dishes": [], "made_with": 3, "notes": [], "prix": "6.4", "sauces": [], "date": "2014-01-03T01:59:32.728", "sent": true, "cuisson": null}}, {"pk": 203, "model": "base.produitvendu", "fields": {"produit": 5, "contient": [], "dishes": [], "made_with": 3, "notes": [], "prix": "6.4", "sauces": [], "date": "2014-01-03T01:59:33.029", "sent": true, "cuisson": null}}, {"pk": 204, "model": "base.produitvendu", "fields": {"produit": 5, "contient": [], "dishes": [], "made_with": 3, "notes": [], "prix": "6.4", "sauces": [], "date": "2014-01-03T01:59:33.275", "sent": true, "cuisson": null}}, {"pk": 205, "model": "base.produitvendu", "fields": {"produit": 6, "contient": [], "dishes": [], "made_with": 4, "notes": [], "prix": "8.4", "sauces": [], "date": "2014-01-03T01:59:33.522", "sent": false, "cuisson": null}}, {"pk": 206, "model": "base.produitvendu", "fields": {"produit": 6, "contient": [], "dishes": [], "made_with": 4, "notes": [], "prix": "8.4", "sauces": [], "date": "2014-01-03T01:59:33.861", "sent": false, "cuisson": null}}, {"pk": 207, "model": "base.produitvendu", "fields": {"produit": 6, "contient": [], "dishes": [], "made_with": 4, "notes": [], "prix": "8.4", "sauces": [], "date": "2014-01-03T01:59:34.136", "sent": false, "cuisson": null}}, {"pk": 208, "model": "base.produitvendu", "fields": {"produit": 7, "contient": [], "dishes": [], "made_with": 4, "notes": [], "prix": "9.4", "sauces": [], "date": "2014-01-03T01:59:34.436", "sent": false, "cuisson": null}}, {"pk": 209, "model": "base.produitvendu", "fields": {"produit": 7, "contient": [], "dishes": [], "made_with": 4, "notes": [], "prix": "9.4", "sauces": [], "date": "2014-01-03T01:59:34.793", "sent": false, "cuisson": null}}, {"pk": 210, "model": "base.produitvendu", "fields": {"produit": 7, "contient": [], "dishes": [], "made_with": 4, "notes": [], "prix": "9.4", "sauces": [], "date": "2014-01-03T01:59:35.114", "sent": false, "cuisson": null}}, {"pk": 211, "model": "base.produitvendu", "fields": {"produit": 3, "contient": [], "dishes": [], "made_with": 2, "notes": [], "prix": "2.8", "sauces": [], "date": "2014-01-03T01:59:35.469", "sent": false, "cuisson": null}}, {"pk": 212, "model": "base.produitvendu", "fields": {"produit": 3, "contient": [], "dishes": [], "made_with": 2, "notes": [], "prix": "2.8", "sauces": [], "date": "2014-01-03T01:59:35.894", "sent": false, "cuisson": null}}, {"pk": 213, "model": "base.produitvendu", "fields": {"produit": 3, "contient": [], "dishes": [], "made_with": 2, "notes": [], "prix": "2.8", "sauces": [], "date": "2014-01-03T01:59:36.268", "sent": false, "cuisson": null}}, {"pk": 214, "model": "base.produitvendu", "fields": {"produit": 8, "contient": [215, 216], "dishes": [], "made_with": null, "notes": [], "prix": "0", "sauces": [], "date": "2014-01-03T01:59:36.647", "sent": false, "cuisson": null}}, {"pk": 215, "model": "base.produitvendu", "fields": {"produit": 4, "contient": [214], "dishes": [], "made_with": null, "notes": [], "prix": "0", "sauces": [], "date": "2014-01-03T01:59:36.669", "sent": false, "cuisson": null}}, {"pk": 216, "model": "base.produitvendu", "fields": {"produit": 7, "contient": [214], "dishes": [], "made_with": null, "notes": [], "prix": "0", "sauces": [], "date": "2014-01-03T01:59:36.744", "sent": false, "cuisson": null}}, {"pk": 217, "model": "base.produitvendu", "fields": {"produit": 4, "contient": [], "dishes": [], "made_with": 3, "notes": [], "prix": "3.4", "sauces": [], "date": "2014-01-03T01:59:37.579", "sent": false, "cuisson": null}}, {"pk": 218, "model": "base.produitvendu", "fields": {"produit": 4, "contient": [], "dishes": [], "made_with": 3, "notes": [], "prix": "3.4", "sauces": [], "date": "2014-01-03T01:59:37.862", "sent": false, "cuisson": null}}, {"pk": 219, "model": "base.produitvendu", "fields": {"produit": 4, "contient": [], "dishes": [], "made_with": 3, "notes": [], "prix": "3.4", "sauces": [], "date": "2014-01-03T01:59:38.084", "sent": false, "cuisson": null}}, {"pk": 220, "model": "base.produitvendu", "fields": {"produit": 5, "contient": [], "dishes": [], "made_with": 3, "notes": [], "prix": "6.4", "sauces": [], "date": "2014-01-03T01:59:38.344", "sent": false, "cuisson": null}}, {"pk": 221, "model": "base.produitvendu", "fields": {"produit": 5, "contient": [], "dishes": [], "made_with": 3, "notes": [], "prix": "6.4", "sauces": [], "date": "2014-01-03T01:59:38.567", "sent": false, "cuisson": null}}, {"pk": 222, "model": "base.produitvendu", "fields": {"produit": 5, "contient": [], "dishes": [], "made_with": 3, "notes": [], "prix": "6.4", "sauces": [], "date": "2014-01-03T01:59:38.758", "sent": false, "cuisson": null}}, {"pk": 223, "model": "base.produitvendu", "fields": {"produit": 6, "contient": [], "dishes": [], "made_with": 4, "notes": [], "prix": "8.4", "sauces": [], "date": "2014-01-03T01:59:39.039", "sent": false, "cuisson": null}}, {"pk": 224, "model": "base.produitvendu", "fields": {"produit": 6, "contient": [], "dishes": [], "made_with": 4, "notes": [], "prix": "8.4", "sauces": [], "date": "2014-01-03T01:59:39.361", "sent": false, "cuisson": null}}, {"pk": 225, "model": "base.produitvendu", "fields": {"produit": 6, "contient": [], "dishes": [], "made_with": 4, "notes": [], "prix": "8.4", "sauces": [], "date": "2014-01-03T01:59:39.611", "sent": false, "cuisson": null}}, {"pk": 226, "model": "base.produitvendu", "fields": {"produit": 7, "contient": [], "dishes": [], "made_with": 4, "notes": [], "prix": "9.4", "sauces": [], "date": "2014-01-03T01:59:39.949", "sent": false, "cuisson": null}}, {"pk": 227, "model": "base.produitvendu", "fields": {"produit": 7, "contient": [], "dishes": [], "made_with": 4, "notes": [], "prix": "9.4", "sauces": [], "date": "2014-01-03T01:59:40.292", "sent": false, "cuisson": null}}, {"pk": 228, "model": "base.produitvendu", "fields": {"produit": 7, "contient": [], "dishes": [], "made_with": 4, "notes": [], "prix": "9.4", "sauces": [], "date": "2014-01-03T01:59:40.584", "sent": false, "cuisson": null}}, {"pk": 229, "model": "base.produitvendu", "fields": {"produit": 3, "contient": [], "dishes": [], "made_with": 2, "notes": [], "prix": "2.8", "sauces": [], "date": "2014-01-03T01:59:40.978", "sent": false, "cuisson": null}}, {"pk": 230, "model": "base.produitvendu", "fields": {"produit": 3, "contient": [], "dishes": [], "made_with": 2, "notes": [], "prix": "2.8", "sauces": [], "date": "2014-01-03T01:59:41.384", "sent": false, "cuisson": null}}, {"pk": 231, "model": "base.produitvendu", "fields": {"produit": 3, "contient": [], "dishes": [], "made_with": 2, "notes": [], "prix": "2.8", "sauces": [], "date": "2014-01-03T01:59:41.747", "sent": false, "cuisson": null}}, {"pk": 232, "model": "base.produitvendu", "fields": {"produit": 8, "contient": [233, 234], "dishes": [], "made_with": null, "notes": [], "prix": "0", "sauces": [], "date": "2014-01-03T01:59:42.175", "sent": false, "cuisson": null}}, {"pk": 233, "model": "base.produitvendu", "fields": {"produit": 4, "contient": [232], "dishes": [], "made_with": null, "notes": [], "prix": "0", "sauces": [], "date": "2014-01-03T01:59:42.195", "sent": false, "cuisson": null}}, {"pk": 234, "model": "base.produitvendu", "fields": {"produit": 7, "contient": [232], "dishes": [], "made_with": null, "notes": [], "prix": "0", "sauces": [], "date": "2014-01-03T01:59:42.264", "sent": false, "cuisson": null}}, {"pk": 235, "model": "base.produitvendu", "fields": {"produit": 4, "contient": [], "dishes": [], "made_with": 3, "notes": [], "prix": "3.4", "sauces": [], "date": "2014-01-03T01:59:42.363", "sent": true, "cuisson": null}}, {"pk": 236, "model": "base.produitvendu", "fields": {"produit": 4, "contient": [], "dishes": [], "made_with": 3, "notes": [], "prix": "3.4", "sauces": [], "date": "2014-01-03T01:59:42.721", "sent": true, "cuisson": null}}, {"pk": 237, "model": "base.produitvendu", "fields": {"produit": 4, "contient": [], "dishes": [], "made_with": 3, "notes": [], "prix": "3.4", "sauces": [], "date": "2014-01-03T01:59:42.927", "sent": true, "cuisson": null}}, {"pk": 238, "model": "base.produitvendu", "fields": {"produit": 5, "contient": [], "dishes": [], "made_with": 3, "notes": [], "prix": "6.4", "sauces": [], "date": "2014-01-03T01:59:43.162", "sent": true, "cuisson": null}}, {"pk": 239, "model": "base.produitvendu", "fields": {"produit": 5, "contient": [], "dishes": [], "made_with": 3, "notes": [], "prix": "6.4", "sauces": [], "date": "2014-01-03T01:59:43.407", "sent": true, "cuisson": null}}, {"pk": 240, "model": "base.produitvendu", "fields": {"produit": 5, "contient": [], "dishes": [], "made_with": 3, "notes": [], "prix": "6.4", "sauces": [], "date": "2014-01-03T01:59:43.669", "sent": true, "cuisson": null}}, {"pk": 241, "model": "base.produitvendu", "fields": {"produit": 6, "contient": [], "dishes": [], "made_with": 4, "notes": [], "prix": "8.4", "sauces": [], "date": "2014-01-03T01:59:43.948", "sent": false, "cuisson": null}}, {"pk": 242, "model": "base.produitvendu", "fields": {"produit": 6, "contient": [], "dishes": [], "made_with": 4, "notes": [], "prix": "8.4", "sauces": [], "date": "2014-01-03T01:59:44.220", "sent": false, "cuisson": null}}, {"pk": 243, "model": "base.produitvendu", "fields": {"produit": 6, "contient": [], "dishes": [], "made_with": 4, "notes": [], "prix": "8.4", "sauces": [], "date": "2014-01-03T01:59:44.540", "sent": false, "cuisson": null}}, {"pk": 244, "model": "base.produitvendu", "fields": {"produit": 7, "contient": [], "dishes": [], "made_with": 4, "notes": [], "prix": "9.4", "sauces": [], "date": "2014-01-03T01:59:44.853", "sent": false, "cuisson": null}}, {"pk": 245, "model": "base.produitvendu", "fields": {"produit": 7, "contient": [], "dishes": [], "made_with": 4, "notes": [], "prix": "9.4", "sauces": [], "date": "2014-01-03T01:59:45.155", "sent": false, "cuisson": null}}, {"pk": 246, "model": "base.produitvendu", "fields": {"produit": 7, "contient": [], "dishes": [], "made_with": 4, "notes": [], "prix": "9.4", "sauces": [], "date": "2014-01-03T01:59:45.541", "sent": false, "cuisson": null}}, {"pk": 247, "model": "base.produitvendu", "fields": {"produit": 3, "contient": [], "dishes": [], "made_with": 2, "notes": [], "prix": "2.8", "sauces": [], "date": "2014-01-03T01:59:45.877", "sent": false, "cuisson": null}}, {"pk": 248, "model": "base.produitvendu", "fields": {"produit": 3, "contient": [], "dishes": [], "made_with": 2, "notes": [], "prix": "2.8", "sauces": [], "date": "2014-01-03T01:59:46.290", "sent": false, "cuisson": null}}, {"pk": 249, "model": "base.produitvendu", "fields": {"produit": 3, "contient": [], "dishes": [], "made_with": 2, "notes": [], "prix": "2.8", "sauces": [], "date": "2014-01-03T01:59:46.700", "sent": false, "cuisson": null}}, {"pk": 250, "model": "base.produitvendu", "fields": {"produit": 8, "contient": [251, 252], "dishes": [], "made_with": null, "notes": [], "prix": "0", "sauces": [], "date": "2014-01-03T01:59:47.039", "sent": false, "cuisson": null}}, {"pk": 251, "model": "base.produitvendu", "fields": {"produit": 4, "contient": [250], "dishes": [], "made_with": null, "notes": [], "prix": "0", "sauces": [], "date": "2014-01-03T01:59:47.053", "sent": false, "cuisson": null}}, {"pk": 252, "model": "base.produitvendu", "fields": {"produit": 7, "contient": [250], "dishes": [], "made_with": null, "notes": [], "prix": "0", "sauces": [], "date": "2014-01-03T01:59:47.127", "sent": false, "cuisson": null}}, {"pk": 253, "model": "base.produitvendu", "fields": {"produit": 4, "contient": [], "dishes": [], "made_with": 3, "notes": [], "prix": "3.4", "sauces": [], "date": "2014-01-03T01:59:47.983", "sent": false, "cuisson": null}}, {"pk": 254, "model": "base.produitvendu", "fields": {"produit": 4, "contient": [], "dishes": [], "made_with": 3, "notes": [], "prix": "3.4", "sauces": [], "date": "2014-01-03T01:59:48.338", "sent": false, "cuisson": null}}, {"pk": 255, "model": "base.produitvendu", "fields": {"produit": 4, "contient": [], "dishes": [], "made_with": 3, "notes": [], "prix": "3.4", "sauces": [], "date": "2014-01-03T01:59:48.519", "sent": false, "cuisson": null}}, {"pk": 256, "model": "base.produitvendu", "fields": {"produit": 5, "contient": [], "dishes": [], "made_with": 3, "notes": [], "prix": "6.4", "sauces": [], "date": "2014-01-03T01:59:48.796", "sent": false, "cuisson": null}}, {"pk": 257, "model": "base.produitvendu", "fields": {"produit": 5, "contient": [], "dishes": [], "made_with": 3, "notes": [], "prix": "6.4", "sauces": [], "date": "2014-01-03T01:59:49.025", "sent": false, "cuisson": null}}, {"pk": 258, "model": "base.produitvendu", "fields": {"produit": 5, "contient": [], "dishes": [], "made_with": 3, "notes": [], "prix": "6.4", "sauces": [], "date": "2014-01-03T01:59:49.268", "sent": false, "cuisson": null}}, {"pk": 259, "model": "base.produitvendu", "fields": {"produit": 6, "contient": [], "dishes": [], "made_with": 4, "notes": [], "prix": "8.4", "sauces": [], "date": "2014-01-03T01:59:49.567", "sent": false, "cuisson": null}}, {"pk": 260, "model": "base.produitvendu", "fields": {"produit": 6, "contient": [], "dishes": [], "made_with": 4, "notes": [], "prix": "8.4", "sauces": [], "date": "2014-01-03T01:59:49.838", "sent": false, "cuisson": null}}, {"pk": 261, "model": "base.produitvendu", "fields": {"produit": 6, "contient": [], "dishes": [], "made_with": 4, "notes": [], "prix": "8.4", "sauces": [], "date": "2014-01-03T01:59:50.136", "sent": false, "cuisson": null}}, {"pk": 262, "model": "base.produitvendu", "fields": {"produit": 7, "contient": [], "dishes": [], "made_with": 4, "notes": [], "prix": "9.4", "sauces": [], "date": "2014-01-03T01:59:50.461", "sent": false, "cuisson": null}}, {"pk": 263, "model": "base.produitvendu", "fields": {"produit": 7, "contient": [], "dishes": [], "made_with": 4, "notes": [], "prix": "9.4", "sauces": [], "date": "2014-01-03T01:59:50.783", "sent": false, "cuisson": null}}, {"pk": 264, "model": "base.produitvendu", "fields": {"produit": 7, "contient": [], "dishes": [], "made_with": 4, "notes": [], "prix": "9.4", "sauces": [], "date": "2014-01-03T01:59:51.132", "sent": false, "cuisson": null}}, {"pk": 265, "model": "base.produitvendu", "fields": {"produit": 3, "contient": [], "dishes": [], "made_with": 2, "notes": [], "prix": "2.8", "sauces": [], "date": "2014-01-03T01:59:51.483", "sent": false, "cuisson": null}}, {"pk": 266, "model": "base.produitvendu", "fields": {"produit": 3, "contient": [], "dishes": [], "made_with": 2, "notes": [], "prix": "2.8", "sauces": [], "date": "2014-01-03T01:59:51.917", "sent": false, "cuisson": null}}, {"pk": 267, "model": "base.produitvendu", "fields": {"produit": 3, "contient": [], "dishes": [], "made_with": 2, "notes": [], "prix": "2.8", "sauces": [], "date": "2014-01-03T01:59:52.276", "sent": false, "cuisson": null}}, {"pk": 268, "model": "base.produitvendu", "fields": {"produit": 8, "contient": [269, 270], "dishes": [], "made_with": null, "notes": [], "prix": "0", "sauces": [], "date": "2014-01-03T01:59:52.664", "sent": false, "cuisson": null}}, {"pk": 269, "model": "base.produitvendu", "fields": {"produit": 4, "contient": [268], "dishes": [], "made_with": null, "notes": [], "prix": "0", "sauces": [], "date": "2014-01-03T01:59:52.686", "sent": false, "cuisson": null}}, {"pk": 270, "model": "base.produitvendu", "fields": {"produit": 7, "contient": [268], "dishes": [], "made_with": null, "notes": [], "prix": "0", "sauces": [], "date": "2014-01-03T01:59:52.784", "sent": false, "cuisson": null}}, {"pk": 1, "model": "base.follow", "fields": {"category": 3, "date": "2014-01-03T01:58:44.704", "produits": [22, 23, 24, 19, 20, 21]}}, {"pk": 2, "model": "base.follow", "fields": {"category": 3, "date": "2014-01-03T01:58:55.086", "produits": [58, 59, 60, 55, 56, 57]}}, {"pk": 3, "model": "base.follow", "fields": {"category": 3, "date": "2014-01-03T01:59:05.541", "produits": [94, 95, 96, 91, 92, 93]}}, {"pk": 4, "model": "base.follow", "fields": {"category": 3, "date": "2014-01-03T01:59:15.982", "produits": [130, 131, 132, 127, 128, 129]}}, {"pk": 5, "model": "base.follow", "fields": {"category": 3, "date": "2014-01-03T01:59:26.491", "produits": [166, 167, 168, 163, 164, 165]}}, {"pk": 6, "model": "base.follow", "fields": {"category": 3, "date": "2014-01-03T01:59:36.840", "produits": [202, 203, 204, 199, 200, 201]}}, {"pk": 7, "model": "base.follow", "fields": {"category": 3, "date": "2014-01-03T01:59:47.265", "produits": [238, 239, 240, 235, 236, 237]}}, {"pk": 1, "model": "base.paiementtype", "fields": {"nom": "AMEX", "fixed_value": false}}, {"pk": 2, "model": "base.paiementtype", "fields": {"nom": "ANCV", "fixed_value": true}}, {"pk": 3, "model": "base.paiementtype", "fields": {"nom": "CB", "fixed_value": false}}, {"pk": 4, "model": "base.paiementtype", "fields": {"nom": "Cheque", "fixed_value": false}}, {"pk": 5, "model": "base.paiementtype", "fields": {"nom": "Espece", "fixed_value": false}}, {"pk": 6, "model": "base.paiementtype", "fields": {"nom": "Tic. Resto.", "fixed_value": true}}, {"pk": 1, "model": "base.paiement", "fields": {"date": "2014-01-03T01:59:52.891", "nb_tickets": 0, "valeur_unitaire": "1", "type": 3, "montant": "91.2"}}, {"pk": 1, "model": "base.facture", "fields": {"onsite": true, "vats": [1, 2], "paiements": [], "total_ttc": "91.2", "category_to_follow": 3, "produits": [13, 14, 15, 4, 5, 6, 1, 2, 3, 7, 8, 9, 10, 11, 12], "following": [], "couverts": 7, "restant_a_payer": "91.2", "table": 14, "saved_in_stats": false, "date_creation": "2014-01-03T01:58:34.977", "surcharge": false}}, {"pk": 2, "model": "base.facture", "fields": {"onsite": true, "vats": [3, 4], "paiements": [], "total_ttc": "91.2", "category_to_follow": 4, "produits": [31, 32, 33, 22, 23, 24, 19, 20, 21, 25, 26, 27, 28, 29, 30], "following": [1], "couverts": 1, "restant_a_payer": "91.2", "table": 23, "saved_in_stats": false, "date_creation": "2014-01-03T01:58:39.748", "surcharge": true}}, {"pk": 3, "model": "base.facture", "fields": {"onsite": true, "vats": [5, 6], "paiements": [], "total_ttc": "91.2", "category_to_follow": 3, "produits": [49, 50, 51, 40, 41, 42, 37, 38, 39, 43, 44, 45, 46, 47, 48], "following": [], "couverts": 6, "restant_a_payer": "91.2", "table": 25, "saved_in_stats": false, "date_creation": "2014-01-03T01:58:45.490", "surcharge": true}}, {"pk": 4, "model": "base.facture", "fields": {"onsite": true, "vats": [7, 8], "paiements": [], "total_ttc": "91.2", "category_to_follow": 4, "produits": [67, 68, 69, 58, 59, 60, 55, 56, 57, 61, 62, 63, 64, 65, 66], "following": [2], "couverts": 1, "restant_a_payer": "91.2", "table": 11, "saved_in_stats": false, "date_creation": "2014-01-03T01:58:50.309", "surcharge": false}}, {"pk": 5, "model": "base.facture", "fields": {"onsite": true, "vats": [9, 10], "paiements": [], "total_ttc": "91.2", "category_to_follow": 3, "produits": [85, 86, 87, 76, 77, 78, 73, 74, 75, 79, 80, 81, 82, 83, 84], "following": [], "couverts": 15, "restant_a_payer": "91.2", "table": 24, "saved_in_stats": false, "date_creation": "2014-01-03T01:58:55.862", "surcharge": true}}, {"pk": 6, "model": "base.facture", "fields": {"onsite": true, "vats": [11, 12], "paiements": [], "total_ttc": "91.2", "category_to_follow": 4, "produits": [103, 104, 105, 94, 95, 96, 91, 92, 93, 97, 98, 99, 100, 101, 102], "following": [3], "couverts": 15, "restant_a_payer": "91.2", "table": 24, "saved_in_stats": false, "date_creation": "2014-01-03T01:59:00.721", "surcharge": true}}, {"pk": 7, "model": "base.facture", "fields": {"onsite": true, "vats": [13, 14], "paiements": [], "total_ttc": "91.2", "category_to_follow": 3, "produits": [121, 122, 123, 112, 113, 114, 109, 110, 111, 115, 116, 117, 118, 119, 120], "following": [], "couverts": 6, "restant_a_payer": "91.2", "table": 13, "saved_in_stats": false, "date_creation": "2014-01-03T01:59:06.325", "surcharge": false}}, {"pk": 8, "model": "base.facture", "fields": {"onsite": true, "vats": [15, 16], "paiements": [], "total_ttc": "91.2", "category_to_follow": 4, "produits": [139, 140, 141, 130, 131, 132, 127, 128, 129, 133, 134, 135, 136, 137, 138], "following": [4], "couverts": 7, "restant_a_payer": "91.2", "table": 18, "saved_in_stats": false, "date_creation": "2014-01-03T01:59:11.088", "surcharge": true}}, {"pk": 9, "model": "base.facture", "fields": {"onsite": true, "vats": [17, 18], "paiements": [], "total_ttc": "91.2", "category_to_follow": 3, "produits": [157, 158, 159, 148, 149, 150, 145, 146, 147, 151, 152, 153, 154, 155, 156], "following": [], "couverts": 7, "restant_a_payer": "91.2", "table": 23, "saved_in_stats": false, "date_creation": "2014-01-03T01:59:16.750", "surcharge": true}}, {"pk": 10, "model": "base.facture", "fields": {"onsite": true, "vats": [19, 20], "paiements": [], "total_ttc": "91.2", "category_to_follow": 4, "produits": [175, 176, 177, 166, 167, 168, 163, 164, 165, 169, 170, 171, 172, 173, 174], "following": [5], "couverts": 4, "restant_a_payer": "91.2", "table": 24, "saved_in_stats": false, "date_creation": "2014-01-03T01:59:21.645", "surcharge": true}}, {"pk": 11, "model": "base.facture", "fields": {"onsite": true, "vats": [21, 22], "paiements": [], "total_ttc": "91.2", "category_to_follow": 3, "produits": [193, 194, 195, 184, 185, 186, 181, 182, 183, 187, 188, 189, 190, 191, 192], "following": [], "couverts": 14, "restant_a_payer": "91.2", "table": 13, "saved_in_stats": false, "date_creation": "2014-01-03T01:59:27.270", "surcharge": false}}, {"pk": 12, "model": "base.facture", "fields": {"onsite": true, "vats": [23, 24], "paiements": [], "total_ttc": "91.2", "category_to_follow": 4, "produits": [211, 212, 213, 202, 203, 204, 199, 200, 201, 205, 206, 207, 208, 209, 210], "following": [6], "couverts": 9, "restant_a_payer": "91.2", "table": 13, "saved_in_stats": false, "date_creation": "2014-01-03T01:59:32.056", "surcharge": false}}, {"pk": 13, "model": "base.facture", "fields": {"onsite": true, "vats": [25, 26], "paiements": [], "total_ttc": "91.2", "category_to_follow": 3, "produits": [229, 230, 231, 220, 221, 222, 217, 218, 219, 223, 224, 225, 226, 227, 228], "following": [], "couverts": 9, "restant_a_payer": "91.2", "table": 15, "saved_in_stats": false, "date_creation": "2014-01-03T01:59:37.604", "surcharge": false}}, {"pk": 14, "model": "base.facture", "fields": {"onsite": true, "vats": [27, 28], "paiements": [], "total_ttc": "91.2", "category_to_follow": 4, "produits": [247, 248, 249, 238, 239, 240, 235, 236, 237, 241, 242, 243, 244, 245, 246], "following": [7], "couverts": 14, "restant_a_payer": "91.2", "table": 23, "saved_in_stats": false, "date_creation": "2014-01-03T01:59:42.390", "surcharge": true}}, {"pk": 15, "model": "base.facture", "fields": {"onsite": true, "vats": [29, 30], "paiements": [1], "total_ttc": "91.2", "category_to_follow": 3, "produits": [265, 266, 267, 256, 257, 258, 253, 254, 255, 259, 260, 261, 262, 263, 264], "following": [], "couverts": 13, "restant_a_payer": "0", "table": 20, "saved_in_stats": false, "date_creation": "2014-01-03T01:59:48.017", "surcharge": true}}, {"pk": 1, "model": "base.monthlystat", "fields": {"month": 1, "value": "100", "key": "total_ttc", "year": 2013}}, {"pk": 2, "model": "base.monthlystat", "fields": {"month": 1, "value": "40", "key": "bar_total_ttc", "year": 2013}}, {"pk": 3, "model": "base.monthlystat", "fields": {"month": 1, "value": "60", "key": "guests_total_ttc", "year": 2013}}, {"pk": 4, "model": "base.monthlystat", "fields": {"month": 1, "value": "183", "key": "nb_bills", "year": 2013}}, {"pk": 5, "model": "base.monthlystat", "fields": {"month": 1, "value": "164", "key": "guests_nb", "year": 2013}}, {"pk": 6, "model": "base.monthlystat", "fields": {"month": 1, "value": "450", "key": "guests_average", "year": 2013}}, {"pk": 7, "model": "base.monthlystat", "fields": {"month": 1, "value": "94", "key": "bar_nb", "year": 2013}}, {"pk": 8, "model": "base.monthlystat", "fields": {"month": 1, "value": "192", "key": "bar_average", "year": 2013}}, {"pk": 9, "model": "base.monthlystat", "fields": {"month": 2, "value": "200", "key": "total_ttc", "year": 2013}}, {"pk": 10, "model": "base.monthlystat", "fields": {"month": 2, "value": "80", "key": "bar_total_ttc", "year": 2013}}, {"pk": 11, "model": "base.monthlystat", "fields": {"month": 2, "value": "120", "key": "guests_total_ttc", "year": 2013}}, {"pk": 12, "model": "base.monthlystat", "fields": {"month": 2, "value": "60", "key": "nb_bills", "year": 2013}}, {"pk": 13, "model": "base.monthlystat", "fields": {"month": 2, "value": "115", "key": "guests_nb", "year": 2013}}, {"pk": 14, "model": "base.monthlystat", "fields": {"month": 2, "value": "379", "key": "guests_average", "year": 2013}}, {"pk": 15, "model": "base.monthlystat", "fields": {"month": 2, "value": "246", "key": "bar_nb", "year": 2013}}, {"pk": 16, "model": "base.monthlystat", "fields": {"month": 2, "value": "467", "key": "bar_average", "year": 2013}}, {"pk": 17, "model": "base.monthlystat", "fields": {"month": 3, "value": "300", "key": "total_ttc", "year": 2013}}, {"pk": 18, "model": "base.monthlystat", "fields": {"month": 3, "value": "120", "key": "bar_total_ttc", "year": 2013}}, {"pk": 19, "model": "base.monthlystat", "fields": {"month": 3, "value": "180", "key": "guests_total_ttc", "year": 2013}}, {"pk": 20, "model": "base.monthlystat", "fields": {"month": 3, "value": "234", "key": "nb_bills", "year": 2013}}, {"pk": 21, "model": "base.monthlystat", "fields": {"month": 3, "value": "232", "key": "guests_nb", "year": 2013}}, {"pk": 22, "model": "base.monthlystat", "fields": {"month": 3, "value": "355", "key": "guests_average", "year": 2013}}, {"pk": 23, "model": "base.monthlystat", "fields": {"month": 3, "value": "78", "key": "bar_nb", "year": 2013}}, {"pk": 24, "model": "base.monthlystat", "fields": {"month": 3, "value": "419", "key": "bar_average", "year": 2013}}, {"pk": 25, "model": "base.monthlystat", "fields": {"month": 4, "value": "400", "key": "total_ttc", "year": 2013}}, {"pk": 26, "model": "base.monthlystat", "fields": {"month": 4, "value": "160", "key": "bar_total_ttc", "year": 2013}}, {"pk": 27, "model": "base.monthlystat", "fields": {"month": 4, "value": "240", "key": "guests_total_ttc", "year": 2013}}, {"pk": 28, "model": "base.monthlystat", "fields": {"month": 4, "value": "343", "key": "nb_bills", "year": 2013}}, {"pk": 29, "model": "base.monthlystat", "fields": {"month": 4, "value": "249", "key": "guests_nb", "year": 2013}}, {"pk": 30, "model": "base.monthlystat", "fields": {"month": 4, "value": "328", "key": "guests_average", "year": 2013}}, {"pk": 31, "model": "base.monthlystat", "fields": {"month": 4, "value": "283", "key": "bar_nb", "year": 2013}}, {"pk": 32, "model": "base.monthlystat", "fields": {"month": 4, "value": "170", "key": "bar_average", "year": 2013}}, {"pk": 33, "model": "base.monthlystat", "fields": {"month": 5, "value": "500", "key": "total_ttc", "year": 2013}}, {"pk": 34, "model": "base.monthlystat", "fields": {"month": 5, "value": "200", "key": "bar_total_ttc", "year": 2013}}, {"pk": 35, "model": "base.monthlystat", "fields": {"month": 5, "value": "300", "key": "guests_total_ttc", "year": 2013}}, {"pk": 36, "model": "base.monthlystat", "fields": {"month": 5, "value": "117", "key": "nb_bills", "year": 2013}}, {"pk": 37, "model": "base.monthlystat", "fields": {"month": 5, "value": "200", "key": "guests_nb", "year": 2013}}, {"pk": 38, "model": "base.monthlystat", "fields": {"month": 5, "value": "368", "key": "guests_average", "year": 2013}}, {"pk": 39, "model": "base.monthlystat", "fields": {"month": 5, "value": "188", "key": "bar_nb", "year": 2013}}, {"pk": 40, "model": "base.monthlystat", "fields": {"month": 5, "value": "121", "key": "bar_average", "year": 2013}}, {"pk": 41, "model": "base.monthlystat", "fields": {"month": 6, "value": "600", "key": "total_ttc", "year": 2013}}, {"pk": 42, "model": "base.monthlystat", "fields": {"month": 6, "value": "240", "key": "bar_total_ttc", "year": 2013}}, {"pk": 43, "model": "base.monthlystat", "fields": {"month": 6, "value": "360", "key": "guests_total_ttc", "year": 2013}}, {"pk": 44, "model": "base.monthlystat", "fields": {"month": 6, "value": "298", "key": "nb_bills", "year": 2013}}, {"pk": 45, "model": "base.monthlystat", "fields": {"month": 6, "value": "340", "key": "guests_nb", "year": 2013}}, {"pk": 46, "model": "base.monthlystat", "fields": {"month": 6, "value": "243", "key": "guests_average", "year": 2013}}, {"pk": 47, "model": "base.monthlystat", "fields": {"month": 6, "value": "490", "key": "bar_nb", "year": 2013}}, {"pk": 48, "model": "base.monthlystat", "fields": {"month": 6, "value": "368", "key": "bar_average", "year": 2013}}, {"pk": 49, "model": "base.monthlystat", "fields": {"month": 7, "value": "700", "key": "total_ttc", "year": 2013}}, {"pk": 50, "model": "base.monthlystat", "fields": {"month": 7, "value": "280", "key": "bar_total_ttc", "year": 2013}}, {"pk": 51, "model": "base.monthlystat", "fields": {"month": 7, "value": "420", "key": "guests_total_ttc", "year": 2013}}, {"pk": 52, "model": "base.monthlystat", "fields": {"month": 7, "value": "154", "key": "nb_bills", "year": 2013}}, {"pk": 53, "model": "base.monthlystat", "fields": {"month": 7, "value": "174", "key": "guests_nb", "year": 2013}}, {"pk": 54, "model": "base.monthlystat", "fields": {"month": 7, "value": "471", "key": "guests_average", "year": 2013}}, {"pk": 55, "model": "base.monthlystat", "fields": {"month": 7, "value": "471", "key": "bar_nb", "year": 2013}}, {"pk": 56, "model": "base.monthlystat", "fields": {"month": 7, "value": "66", "key": "bar_average", "year": 2013}}, {"pk": 57, "model": "base.monthlystat", "fields": {"month": 8, "value": "800", "key": "total_ttc", "year": 2013}}, {"pk": 58, "model": "base.monthlystat", "fields": {"month": 8, "value": "320", "key": "bar_total_ttc", "year": 2013}}, {"pk": 59, "model": "base.monthlystat", "fields": {"month": 8, "value": "480", "key": "guests_total_ttc", "year": 2013}}, {"pk": 60, "model": "base.monthlystat", "fields": {"month": 8, "value": "67", "key": "nb_bills", "year": 2013}}, {"pk": 61, "model": "base.monthlystat", "fields": {"month": 8, "value": "55", "key": "guests_nb", "year": 2013}}, {"pk": 62, "model": "base.monthlystat", "fields": {"month": 8, "value": "349", "key": "guests_average", "year": 2013}}, {"pk": 63, "model": "base.monthlystat", "fields": {"month": 8, "value": "171", "key": "bar_nb", "year": 2013}}, {"pk": 64, "model": "base.monthlystat", "fields": {"month": 8, "value": "486", "key": "bar_average", "year": 2013}}, {"pk": 65, "model": "base.monthlystat", "fields": {"month": 9, "value": "900", "key": "total_ttc", "year": 2013}}, {"pk": 66, "model": "base.monthlystat", "fields": {"month": 9, "value": "360", "key": "bar_total_ttc", "year": 2013}}, {"pk": 67, "model": "base.monthlystat", "fields": {"month": 9, "value": "540", "key": "guests_total_ttc", "year": 2013}}, {"pk": 68, "model": "base.monthlystat", "fields": {"month": 9, "value": "419", "key": "nb_bills", "year": 2013}}, {"pk": 69, "model": "base.monthlystat", "fields": {"month": 9, "value": "422", "key": "guests_nb", "year": 2013}}, {"pk": 70, "model": "base.monthlystat", "fields": {"month": 9, "value": "264", "key": "guests_average", "year": 2013}}, {"pk": 71, "model": "base.monthlystat", "fields": {"month": 9, "value": "456", "key": "bar_nb", "year": 2013}}, {"pk": 72, "model": "base.monthlystat", "fields": {"month": 9, "value": "479", "key": "bar_average", "year": 2013}}, {"pk": 73, "model": "base.monthlystat", "fields": {"month": 10, "value": "1000", "key": "total_ttc", "year": 2013}}, {"pk": 74, "model": "base.monthlystat", "fields": {"month": 10, "value": "400", "key": "bar_total_ttc", "year": 2013}}, {"pk": 75, "model": "base.monthlystat", "fields": {"month": 10, "value": "600", "key": "guests_total_ttc", "year": 2013}}, {"pk": 76, "model": "base.monthlystat", "fields": {"month": 10, "value": "201", "key": "nb_bills", "year": 2013}}, {"pk": 77, "model": "base.monthlystat", "fields": {"month": 10, "value": "481", "key": "guests_nb", "year": 2013}}, {"pk": 78, "model": "base.monthlystat", "fields": {"month": 10, "value": "194", "key": "guests_average", "year": 2013}}, {"pk": 79, "model": "base.monthlystat", "fields": {"month": 10, "value": "225", "key": "bar_nb", "year": 2013}}, {"pk": 80, "model": "base.monthlystat", "fields": {"month": 10, "value": "480", "key": "bar_average", "year": 2013}}, {"pk": 81, "model": "base.monthlystat", "fields": {"month": 11, "value": "1100", "key": "total_ttc", "year": 2013}}, {"pk": 82, "model": "base.monthlystat", "fields": {"month": 11, "value": "440", "key": "bar_total_ttc", "year": 2013}}, {"pk": 83, "model": "base.monthlystat", "fields": {"month": 11, "value": "660", "key": "guests_total_ttc", "year": 2013}}, {"pk": 84, "model": "base.monthlystat", "fields": {"month": 11, "value": "466", "key": "nb_bills", "year": 2013}}, {"pk": 85, "model": "base.monthlystat", "fields": {"month": 11, "value": "163", "key": "guests_nb", "year": 2013}}, {"pk": 86, "model": "base.monthlystat", "fields": {"month": 11, "value": "346", "key": "guests_average", "year": 2013}}, {"pk": 87, "model": "base.monthlystat", "fields": {"month": 11, "value": "344", "key": "bar_nb", "year": 2013}}, {"pk": 88, "model": "base.monthlystat", "fields": {"month": 11, "value": "421", "key": "bar_average", "year": 2013}}, {"pk": 89, "model": "base.monthlystat", "fields": {"month": 12, "value": "1200", "key": "total_ttc", "year": 2013}}, {"pk": 90, "model": "base.monthlystat", "fields": {"month": 12, "value": "480", "key": "bar_total_ttc", "year": 2013}}, {"pk": 91, "model": "base.monthlystat", "fields": {"month": 12, "value": "720", "key": "guests_total_ttc", "year": 2013}}, {"pk": 92, "model": "base.monthlystat", "fields": {"month": 12, "value": "64", "key": "nb_bills", "year": 2013}}, {"pk": 93, "model": "base.monthlystat", "fields": {"month": 12, "value": "101", "key": "guests_nb", "year": 2013}}, {"pk": 94, "model": "base.monthlystat", "fields": {"month": 12, "value": "304", "key": "guests_average", "year": 2013}}, {"pk": 95, "model": "base.monthlystat", "fields": {"month": 12, "value": "349", "key": "bar_nb", "year": 2013}}, {"pk": 96, "model": "base.monthlystat", "fields": {"month": 12, "value": "427", "key": "bar_average", "year": 2013}}, {"pk": 1, "model": "base.dailystat", "fields": {"date": "2013-10-01", "value": "234", "key": "total_ttc"}}, {"pk": 1, "model": "base.zone", "fields": {"nom": "Bar", "surtaxe": false}}, {"pk": 2, "model": "base.zone", "fields": {"nom": "Rez de chaussee", "surtaxe": false}}, {"pk": 3, "model": "base.zone", "fields": {"nom": "Terrasse", "surtaxe": true}}, {"pk": 1, "model": "base.table", "fields": {"nom": "T--", "zone": 1}}, {"pk": 2, "model": "base.table", "fields": {"nom": "T01", "zone": 2}}, {"pk": 3, "model": "base.table", "fields": {"nom": "T02", "zone": 2}}, {"pk": 4, "model": "base.table", "fields": {"nom": "T03", "zone": 2}}, {"pk": 5, "model": "base.table", "fields": {"nom": "T04", "zone": 2}}, {"pk": 6, "model": "base.table", "fields": {"nom": "T05", "zone": 2}}, {"pk": 7, "model": "base.table", "fields": {"nom": "T06", "zone": 2}}, {"pk": 8, "model": "base.table", "fields": {"nom": "T07", "zone": 2}}, {"pk": 9, "model": "base.table", "fields": {"nom": "T08", "zone": 2}}, {"pk": 10, "model": "base.table", "fields": {"nom": "T09", "zone": 2}}, {"pk": 11, "model": "base.table", "fields": {"nom": "T10", "zone": 2}}, {"pk": 12, "model": "base.table", "fields": {"nom": "T11", "zone": 2}}, {"pk": 13, "model": "base.table", "fields": {"nom": "T12", "zone": 2}}, {"pk": 14, "model": "base.table", "fields": {"nom": "T13", "zone": 2}}, {"pk": 15, "model": "base.table", "fields": {"nom": "T14", "zone": 2}}, {"pk": 16, "model": "base.table", "fields": {"nom": "T15", "zone": 3}}, {"pk": 17, "model": "base.table", "fields": {"nom": "T16", "zone": 3}}, {"pk": 18, "model": "base.table", "fields": {"nom": "T17", "zone": 3}}, {"pk": 19, "model": "base.table", "fields": {"nom": "T18", "zone": 3}}, {"pk": 20, "model": "base.table", "fields": {"nom": "T19", "zone": 3}}, {"pk": 21, "model": "base.table", "fields": {"nom": "T20", "zone": 3}}, {"pk": 22, "model": "base.table", "fields": {"nom": "T21", "zone": 3}}, {"pk": 23, "model": "base.table", "fields": {"nom": "T22", "zone": 3}}, {"pk": 24, "model": "base.table", "fields": {"nom": "T23", "zone": 3}}, {"pk": 25, "model": "base.table", "fields": {"nom": "T24", "zone": 3}}, {"pk": 26, "model": "base.table", "fields": {"nom": "T25", "zone": 3}}, {"pk": 1, "model": "base.vatonbill", "fields": {"total": "0", "vat": 2}}, {"pk": 2, "model": "base.vatonbill", "fields": {"total": "0", "vat": 1}}, {"pk": 3, "model": "base.vatonbill", "fields": {"total": "5.4", "vat": 2}}, {"pk": 4, "model": "base.vatonbill", "fields": {"total": "1.38", "vat": 1}}, {"pk": 5, "model": "base.vatonbill", "fields": {"total": "5.4", "vat": 2}}, {"pk": 6, "model": "base.vatonbill", "fields": {"total": "1.38", "vat": 1}}, {"pk": 7, "model": "base.vatonbill", "fields": {"total": "5.4", "vat": 2}}, {"pk": 8, "model": "base.vatonbill", "fields": {"total": "1.38", "vat": 1}}, {"pk": 9, "model": "base.vatonbill", "fields": {"total": "5.4", "vat": 2}}, {"pk": 10, "model": "base.vatonbill", "fields": {"total": "1.38", "vat": 1}}, {"pk": 11, "model": "base.vatonbill", "fields": {"total": "5.4", "vat": 2}}, {"pk": 12, "model": "base.vatonbill", "fields": {"total": "1.38", "vat": 1}}, {"pk": 13, "model": "base.vatonbill", "fields": {"total": "5.4", "vat": 2}}, {"pk": 14, "model": "base.vatonbill", "fields": {"total": "1.38", "vat": 1}}, {"pk": 15, "model": "base.vatonbill", "fields": {"total": "5.4", "vat": 2}}, {"pk": 16, "model": "base.vatonbill", "fields": {"total": "1.38", "vat": 1}}, {"pk": 17, "model": "base.vatonbill", "fields": {"total": "5.4", "vat": 2}}, {"pk": 18, "model": "base.vatonbill", "fields": {"total": "1.38", "vat": 1}}, {"pk": 19, "model": "base.vatonbill", "fields": {"total": "5.4", "vat": 2}}, {"pk": 20, "model": "base.vatonbill", "fields": {"total": "1.38", "vat": 1}}, {"pk": 21, "model": "base.vatonbill", "fields": {"total": "5.4", "vat": 2}}, {"pk": 22, "model": "base.vatonbill", "fields": {"total": "1.38", "vat": 1}}, {"pk": 23, "model": "base.vatonbill", "fields": {"total": "5.4", "vat": 2}}, {"pk": 24, "model": "base.vatonbill", "fields": {"total": "1.38", "vat": 1}}, {"pk": 25, "model": "base.vatonbill", "fields": {"total": "5.4", "vat": 2}}, {"pk": 26, "model": "base.vatonbill", "fields": {"total": "1.38", "vat": 1}}, {"pk": 27, "model": "base.vatonbill", "fields": {"total": "5.4", "vat": 2}}, {"pk": 28, "model": "base.vatonbill", "fields": {"total": "1.38", "vat": 1}}, {"pk": 29, "model": "base.vatonbill", "fields": {"total": "5.4", "vat": 2}}, {"pk": 30, "model": "base.vatonbill", "fields": {"total": "1.38", "vat": 1}}]