[{"pk": 1, "model": "south.migrationhistory", "fields": {"applied": "2014-01-07T13:11:29.417", "app_name": "base", "migration": "0001_initial"}}, {"pk": 2, "model": "south.migrationhistory", "fields": {"applied": "2014-01-07T13:11:29.646", "app_name": "base", "migration": "0002_auto__add_vat__add_field_categorie_vat_onsite__add_field_categorie_vat"}}, {"pk": 3, "model": "south.migrationhistory", "fields": {"applied": "2014-01-07T13:11:29.759", "app_name": "base", "migration": "0003_auto__del_field_categorie_alcool"}}, {"pk": 4, "model": "south.migrationhistory", "fields": {"applied": "2014-01-07T13:11:29.884", "app_name": "base", "migration": "0004_auto__add_field_vat_value"}}, {"pk": 5, "model": "south.migrationhistory", "fields": {"applied": "2014-01-07T13:11:30.026", "app_name": "base", "migration": "0005_auto__chg_field_vat_value"}}, {"pk": 6, "model": "south.migrationhistory", "fields": {"applied": "2014-01-07T13:11:30.139", "app_name": "base", "migration": "0006_auto__chg_field_vat_value"}}, {"pk": 7, "model": "south.migrationhistory", "fields": {"applied": "2014-01-07T13:11:30.245", "app_name": "base", "migration": "0007_auto__add_field_facture_onsite"}}, {"pk": 8, "model": "south.migrationhistory", "fields": {"applied": "2014-01-07T13:11:30.425", "app_name": "base", "migration": "0008_auto__del_field_paiementtype_priorite__del_field_paiementtype_nom_fact"}}, {"pk": 9, "model": "south.migrationhistory", "fields": {"applied": "2014-01-07T13:11:30.671", "app_name": "base", "migration": "0009_auto__add_vatonbill__add_field_facture_total_ttc"}}, {"pk": 10, "model": "south.migrationhistory", "fields": {"applied": "2014-01-07T13:11:30.730", "app_name": "base", "migration": "0010_facture_total_ttc"}}, {"pk": 11, "model": "south.migrationhistory", "fields": {"applied": "2014-01-07T13:11:30.921", "app_name": "base", "migration": "0011_auto__del_field_facture_montant_alcool__del_field_facture_montant_norm"}}, {"pk": 12, "model": "south.migrationhistory", "fields": {"applied": "2014-01-07T13:11:31.021", "app_name": "base", "migration": "0012_auto__add_field_cuisson_nom_facture"}}, {"pk": 13, "model": "south.migrationhistory", "fields": {"applied": "2014-01-07T13:11:31.102", "app_name": "base", "migration": "0013_auto__add_printer"}}, {"pk": 14, "model": "south.migrationhistory", "fields": {"applied": "2014-01-07T13:11:31.230", "app_name": "base", "migration": "0014_auto__add_field_printer_width"}}, {"pk": 15, "model": "south.migrationhistory", "fields": {"applied": "2014-01-07T13:11:31.386", "app_name": "base", "migration": "0015_auto__add_field_categorie_made_in_kitchen"}}, {"pk": 16, "model": "south.migrationhistory", "fields": {"applied": "2014-01-07T13:11:31.580", "app_name": "base", "migration": "0016_auto__add_field_produitvendu_made_with__add_field_produitvendu_sent"}}, {"pk": 17, "model": "south.migrationhistory", "fields": {"applied": "2014-01-07T13:11:31.697", "app_name": "base", "migration": "0017_auto__chg_field_produitvendu_made_with"}}, {"pk": 18, "model": "south.migrationhistory", "fields": {"applied": "2014-01-07T13:11:31.957", "app_name": "base", "migration": "0018_auto__del_field_suivi_etat__add_field_suivi_category"}}, {"pk": 19, "model": "south.migrationhistory", "fields": {"applied": "2014-01-07T13:11:32.111", "app_name": "base", "migration": "0019_auto__add_field_produit_vat_onsite__add_field_produit_vat_takeaway"}}, {"pk": 20, "model": "south.migrationhistory", "fields": {"applied": "2014-01-07T13:11:32.180", "app_name": "base", "migration": "0020_auto"}}, {"pk": 21, "model": "south.migrationhistory", "fields": {"applied": "2014-01-07T13:11:32.806", "app_name": "base", "migration": "0021_auto__del_etat__del_couleur__del_field_categorie_couleur__add_field_ca"}}, {"pk": 22, "model": "south.migrationhistory", "fields": {"applied": "2014-01-07T13:11:32.944", "app_name": "base", "migration": "0022_auto__add_field_facture_overcharge"}}, {"pk": 23, "model": "south.migrationhistory", "fields": {"applied": "2014-01-07T13:11:33.308", "app_name": "base", "migration": "0023_auto__del_suivi__add_follow__add_field_facture_following__add_field_fa"}}, {"pk": 24, "model": "south.migrationhistory", "fields": {"applied": "2014-01-07T13:11:33.557", "app_name": "base", "migration": "0024_auto__del_field_facture_following"}}, {"pk": 25, "model": "south.migrationhistory", "fields": {"applied": "2014-01-07T13:11:33.719", "app_name": "base", "migration": "0025_auto__chg_field_facture_category_to_follow"}}, {"pk": 26, "model": "south.migrationhistory", "fields": {"applied": "2014-01-07T13:11:33.799", "app_name": "base", "migration": "0026_auto__add_config"}}, {"pk": 27, "model": "south.migrationhistory", "fields": {"applied": "2014-01-07T13:11:33.982", "app_name": "base", "migration": "0027_auto__del_statsjourcategorie__del_statsjourgeneral__del_statsjourprodu"}}, {"pk": 28, "model": "south.migrationhistory", "fields": {"applied": "2014-01-07T13:11:34.089", "app_name": "base", "migration": "0028_auto__del_logtype__del_log"}}, {"pk": 29, "model": "south.migrationhistory", "fields": {"applied": "2014-01-07T13:11:34.345", "app_name": "base", "migration": "0029_auto__add_field_produit_price_surcharged__add_field_produit_vat_surcha"}}, {"pk": 30, "model": "south.migrationhistory", "fields": {"applied": "2014-01-07T13:11:34.475", "app_name": "base", "migration": "0030_auto__del_field_facture_overcharge__add_field_facture_surcharge"}}, {"pk": 31, "model": "south.migrationhistory", "fields": {"applied": "2014-01-07T13:11:34.633", "app_name": "base", "migration": "0031_auto__del_field_produit_nom_facture"}}, {"pk": 32, "model": "south.migrationhistory", "fields": {"applied": "2014-01-07T13:11:35.344", "app_name": "base", "migration": "0032_auto__del_accompagnement__add_dish__add_field_sauce_nom_facture__del_f"}}, {"pk": 33, "model": "south.migrationhistory", "fields": {"applied": "2014-01-07T13:11:35.527", "app_name": "base", "migration": "0033_auto__add_note"}}, {"pk": 34, "model": "south.migrationhistory", "fields": {"applied": "2014-01-07T13:11:35.974", "app_name": "base", "migration": "0034_auto__add_option__del_field_produit_choix_dish__del_field_produit_choi"}}, {"pk": 35, "model": "south.migrationhistory", "fields": {"applied": "2014-01-07T13:11:36.228", "app_name": "base", "migration": "0035_auto__del_dish__del_sauce__del_field_option_nom__add_field_option_name"}}, {"pk": 36, "model": "south.migrationhistory", "fields": {"applied": "2014-01-07T13:11:36.744", "app_name": "django_extensions", "migration": "0001_empty"}}, {"pk": 1, "model": "auth.user", "fields": {"username": "demo", "first_name": "first name", "last_name": "last name", "is_active": true, "is_superuser": false, "is_staff": false, "last_login": "2014-01-07T13:11:37.176", "groups": [], "user_permissions": [58, 59, 60, 61, 62, 63, 64, 65, 66], "password": "pbkdf2_sha256$10000$PC1HEFR2khol$o9kxxtlxd7P+jK7nr7ZH3M49IB/w+WWpIYkAtUzVYIo=", "email": "demo@possum-software.org", "date_joined": "2014-01-07T13:11:37.176"}}, {"pk": 1, "model": "base.vat", "fields": {"tax": "19.6", "name": "alcool", "value": "0.196"}}, {"pk": 2, "model": "base.vat", "fields": {"tax": "7", "name": "sur place", "value": "0.07"}}, {"pk": 3, "model": "base.vat", "fields": {"tax": "5", "name": "\u00e0 emporter", "value": "0.05"}}, {"pk": 1, "model": "base.categorie", "fields": {"nom": "Jus", "disable_surtaxe": false, "color": "#44b3dc", "vat_takeaway": 3, "priorite": 25, "vat_onsite": 2, "made_in_kitchen": false, "surtaxable": false}}, {"pk": 2, "model": "base.categorie", "fields": {"nom": "Bieres", "disable_surtaxe": false, "color": "#ea97b5", "vat_takeaway": 1, "priorite": 2, "vat_onsite": 1, "made_in_kitchen": false, "surtaxable": false}}, {"pk": 3, "model": "base.categorie", "fields": {"nom": "Entrees", "disable_surtaxe": false, "color": "#ff9f00", "vat_takeaway": 3, "priorite": 5, "vat_onsite": 2, "made_in_kitchen": true, "surtaxable": false}}, {"pk": 4, "model": "base.categorie", "fields": {"nom": "Plat", "disable_surtaxe": false, "color": "#c9a100", "vat_takeaway": 3, "priorite": 10, "vat_onsite": 2, "made_in_kitchen": true, "surtaxable": false}}, {"pk": 5, "model": "base.categorie", "fields": {"nom": "Menu", "disable_surtaxe": false, "color": "#88f027", "vat_takeaway": 3, "priorite": 22, "vat_onsite": 2, "made_in_kitchen": false, "surtaxable": false}}, {"pk": 1, "model": "base.config", "fields": {"value": "5", "key": "payment_for_refunds"}}, {"pk": 2, "model": "base.config", "fields": {"value": "0.20", "key": "price_surcharge"}}, {"pk": 1, "model": "base.cuisson", "fields": {"nom_facture": "B", "nom": "bleu", "priorite": 10, "color": "#8CC6D7"}}, {"pk": 2, "model": "base.cuisson", "fields": {"nom_facture": "S", "nom": "saignant", "priorite": 15, "color": "#DB0B32"}}, {"pk": 3, "model": "base.cuisson", "fields": {"nom_facture": "AP", "nom": "\u00e0 point", "priorite": 20, "color": "#C44C51"}}, {"pk": 4, "model": "base.cuisson", "fields": {"nom_facture": "BC", "nom": "bien cuit", "priorite": 25, "color": "#B78178"}}, {"pk": 1, "model": "base.produit", "fields": {"nom": "jus abricot", "categories_ok": [], "price_surcharged": "2.8", "choix_cuisson": false, "vat_takeaway": "0.13", "vat_surcharged": "0.18", "prix": "2.8", "vat_onsite": "0.18", "options_ok": [], "produits_ok": [], "categorie": 1, "actif": true}}, {"pk": 2, "model": "base.produit", "fields": {"nom": "jus pomme", "categories_ok": [], "price_surcharged": "2.8", "choix_cuisson": false, "vat_takeaway": "0.13", "vat_surcharged": "0.18", "prix": "2.8", "vat_onsite": "0.18", "options_ok": [], "produits_ok": [], "categorie": 1, "actif": true}}, {"pk": 3, "model": "base.produit", "fields": {"nom": "biere 50cl", "categories_ok": [], "price_surcharged": "2.8", "choix_cuisson": false, "vat_takeaway": "0.46", "vat_surcharged": "0.46", "prix": "2.8", "vat_onsite": "0.46", "options_ok": [], "produits_ok": [], "categorie": 2, "actif": true}}, {"pk": 4, "model": "base.produit", "fields": {"nom": "salade normande", "categories_ok": [], "price_surcharged": "3.4", "choix_cuisson": false, "vat_takeaway": "0.16", "vat_surcharged": "0.22", "prix": "3.4", "vat_onsite": "0.22", "options_ok": [], "produits_ok": [8], "categorie": 3, "actif": true}}, {"pk": 5, "model": "base.produit", "fields": {"nom": "buffet", "categories_ok": [], "price_surcharged": "6.4", "choix_cuisson": false, "vat_takeaway": "0.3", "vat_surcharged": "0.42", "prix": "6.4", "vat_onsite": "0.42", "options_ok": [], "produits_ok": [], "categorie": 3, "actif": true}}, {"pk": 6, "model": "base.produit", "fields": {"nom": "entrecote", "categories_ok": [], "price_surcharged": "8.4", "choix_cuisson": true, "vat_takeaway": "0.4", "vat_surcharged": "0.55", "prix": "8.4", "vat_onsite": "0.55", "options_ok": [], "produits_ok": [8], "categorie": 4, "actif": true}}, {"pk": 7, "model": "base.produit", "fields": {"nom": "pave de saumon", "categories_ok": [], "price_surcharged": "9.4", "choix_cuisson": false, "vat_takeaway": "0.45", "vat_surcharged": "0.61", "prix": "9.4", "vat_onsite": "0.61", "options_ok": [], "produits_ok": [8], "categorie": 4, "actif": true}}, {"pk": 8, "model": "base.produit", "fields": {"nom": "Menu Entree/Plat", "categories_ok": [3, 4], "price_surcharged": "13.4", "choix_cuisson": false, "vat_takeaway": "0.64", "vat_surcharged": "0.88", "prix": "13.4", "vat_onsite": "0.88", "options_ok": [], "produits_ok": [4, 6, 7], "categorie": 5, "actif": true}}, {"pk": 1, "model": "base.produitvendu", "fields": {"produit": 4, "contient": [], "made_with": 3, "notes": [], "prix": "3.4", "date": "2014-01-07T13:11:41.143", "options": [], "sent": false, "cuisson": null}}, {"pk": 2, "model": "base.produitvendu", "fields": {"produit": 4, "contient": [], "made_with": 3, "notes": [], "prix": "3.4", "date": "2014-01-07T13:11:41.324", "options": [], "sent": false, "cuisson": null}}, {"pk": 3, "model": "base.produitvendu", "fields": {"produit": 4, "contient": [], "made_with": 3, "notes": [], "prix": "3.4", "date": "2014-01-07T13:11:41.525", "options": [], "sent": false, "cuisson": null}}, {"pk": 4, "model": "base.produitvendu", "fields": {"produit": 5, "contient": [], "made_with": 3, "notes": [], "prix": "6.4", "date": "2014-01-07T13:11:41.741", "options": [], "sent": false, "cuisson": null}}, {"pk": 5, "model": "base.produitvendu", "fields": {"produit": 5, "contient": [], "made_with": 3, "notes": [], "prix": "6.4", "date": "2014-01-07T13:11:41.869", "options": [], "sent": false, "cuisson": null}}, {"pk": 6, "model": "base.produitvendu", "fields": {"produit": 5, "contient": [], "made_with": 3, "notes": [], "prix": "6.4", "date": "2014-01-07T13:11:42.102", "options": [], "sent": false, "cuisson": null}}, {"pk": 7, "model": "base.produitvendu", "fields": {"produit": 6, "contient": [], "made_with": 4, "notes": [], "prix": "8.4", "date": "2014-01-07T13:11:42.303", "options": [], "sent": false, "cuisson": null}}, {"pk": 8, "model": "base.produitvendu", "fields": {"produit": 6, "contient": [], "made_with": 4, "notes": [], "prix": "8.4", "date": "2014-01-07T13:11:42.470", "options": [], "sent": false, "cuisson": null}}, {"pk": 9, "model": "base.produitvendu", "fields": {"produit": 6, "contient": [], "made_with": 4, "notes": [], "prix": "8.4", "date": "2014-01-07T13:11:42.686", "options": [], "sent": false, "cuisson": null}}, {"pk": 10, "model": "base.produitvendu", "fields": {"produit": 7, "contient": [], "made_with": 4, "notes": [], "prix": "9.4", "date": "2014-01-07T13:11:42.883", "options": [], "sent": false, "cuisson": null}}, {"pk": 11, "model": "base.produitvendu", "fields": {"produit": 7, "contient": [], "made_with": 4, "notes": [], "prix": "9.4", "date": "2014-01-07T13:11:43.093", "options": [], "sent": false, "cuisson": null}}, {"pk": 12, "model": "base.produitvendu", "fields": {"produit": 7, "contient": [], "made_with": 4, "notes": [], "prix": "9.4", "date": "2014-01-07T13:11:43.296", "options": [], "sent": false, "cuisson": null}}, {"pk": 13, "model": "base.produitvendu", "fields": {"produit": 3, "contient": [], "made_with": 2, "notes": [], "prix": "2.8", "date": "2014-01-07T13:11:43.488", "options": [], "sent": false, "cuisson": null}}, {"pk": 14, "model": "base.produitvendu", "fields": {"produit": 3, "contient": [], "made_with": 2, "notes": [], "prix": "2.8", "date": "2014-01-07T13:11:43.763", "options": [], "sent": false, "cuisson": null}}, {"pk": 15, "model": "base.produitvendu", "fields": {"produit": 3, "contient": [], "made_with": 2, "notes": [], "prix": "2.8", "date": "2014-01-07T13:11:43.978", "options": [], "sent": false, "cuisson": null}}, {"pk": 16, "model": "base.produitvendu", "fields": {"produit": 8, "contient": [17, 18], "made_with": null, "notes": [], "prix": "0", "date": "2014-01-07T13:11:44.228", "options": [], "sent": false, "cuisson": null}}, {"pk": 17, "model": "base.produitvendu", "fields": {"produit": 4, "contient": [16], "made_with": null, "notes": [], "prix": "0", "date": "2014-01-07T13:11:44.245", "options": [], "sent": false, "cuisson": null}}, {"pk": 18, "model": "base.produitvendu", "fields": {"produit": 7, "contient": [16], "made_with": null, "notes": [], "prix": "0", "date": "2014-01-07T13:11:44.299", "options": [], "sent": false, "cuisson": null}}, {"pk": 19, "model": "base.produitvendu", "fields": {"produit": 4, "contient": [], "made_with": 3, "notes": [], "prix": "3.4", "date": "2014-01-07T13:11:44.370", "options": [], "sent": true, "cuisson": null}}, {"pk": 20, "model": "base.produitvendu", "fields": {"produit": 4, "contient": [], "made_with": 3, "notes": [], "prix": "3.4", "date": "2014-01-07T13:11:44.690", "options": [], "sent": true, "cuisson": null}}, {"pk": 21, "model": "base.produitvendu", "fields": {"produit": 4, "contient": [], "made_with": 3, "notes": [], "prix": "3.4", "date": "2014-01-07T13:11:44.853", "options": [], "sent": true, "cuisson": null}}, {"pk": 22, "model": "base.produitvendu", "fields": {"produit": 5, "contient": [], "made_with": 3, "notes": [], "prix": "6.4", "date": "2014-01-07T13:11:45.087", "options": [], "sent": true, "cuisson": null}}, {"pk": 23, "model": "base.produitvendu", "fields": {"produit": 5, "contient": [], "made_with": 3, "notes": [], "prix": "6.4", "date": "2014-01-07T13:11:45.269", "options": [], "sent": true, "cuisson": null}}, {"pk": 24, "model": "base.produitvendu", "fields": {"produit": 5, "contient": [], "made_with": 3, "notes": [], "prix": "6.4", "date": "2014-01-07T13:11:45.469", "options": [], "sent": true, "cuisson": null}}, {"pk": 25, "model": "base.produitvendu", "fields": {"produit": 6, "contient": [], "made_with": 4, "notes": [], "prix": "8.4", "date": "2014-01-07T13:11:45.707", "options": [], "sent": false, "cuisson": null}}, {"pk": 26, "model": "base.produitvendu", "fields": {"produit": 6, "contient": [], "made_with": 4, "notes": [], "prix": "8.4", "date": "2014-01-07T13:11:45.907", "options": [], "sent": false, "cuisson": null}}, {"pk": 27, "model": "base.produitvendu", "fields": {"produit": 6, "contient": [], "made_with": 4, "notes": [], "prix": "8.4", "date": "2014-01-07T13:11:46.124", "options": [], "sent": false, "cuisson": null}}, {"pk": 28, "model": "base.produitvendu", "fields": {"produit": 7, "contient": [], "made_with": 4, "notes": [], "prix": "9.4", "date": "2014-01-07T13:11:46.342", "options": [], "sent": false, "cuisson": null}}, {"pk": 29, "model": "base.produitvendu", "fields": {"produit": 7, "contient": [], "made_with": 4, "notes": [], "prix": "9.4", "date": "2014-01-07T13:11:46.577", "options": [], "sent": false, "cuisson": null}}, {"pk": 30, "model": "base.produitvendu", "fields": {"produit": 7, "contient": [], "made_with": 4, "notes": [], "prix": "9.4", "date": "2014-01-07T13:11:46.790", "options": [], "sent": false, "cuisson": null}}, {"pk": 31, "model": "base.produitvendu", "fields": {"produit": 3, "contient": [], "made_with": 2, "notes": [], "prix": "2.8", "date": "2014-01-07T13:11:47.020", "options": [], "sent": false, "cuisson": null}}, {"pk": 32, "model": "base.produitvendu", "fields": {"produit": 3, "contient": [], "made_with": 2, "notes": [], "prix": "2.8", "date": "2014-01-07T13:11:47.330", "options": [], "sent": false, "cuisson": null}}, {"pk": 33, "model": "base.produitvendu", "fields": {"produit": 3, "contient": [], "made_with": 2, "notes": [], "prix": "2.8", "date": "2014-01-07T13:11:47.543", "options": [], "sent": false, "cuisson": null}}, {"pk": 34, "model": "base.produitvendu", "fields": {"produit": 8, "contient": [35, 36], "made_with": null, "notes": [], "prix": "0", "date": "2014-01-07T13:11:47.781", "options": [], "sent": false, "cuisson": null}}, {"pk": 35, "model": "base.produitvendu", "fields": {"produit": 4, "contient": [34], "made_with": null, "notes": [], "prix": "0", "date": "2014-01-07T13:11:47.801", "options": [], "sent": false, "cuisson": null}}, {"pk": 36, "model": "base.produitvendu", "fields": {"produit": 7, "contient": [34], "made_with": null, "notes": [], "prix": "0", "date": "2014-01-07T13:11:47.865", "options": [], "sent": false, "cuisson": null}}, {"pk": 37, "model": "base.produitvendu", "fields": {"produit": 4, "contient": [], "made_with": 3, "notes": [], "prix": "3.4", "date": "2014-01-07T13:11:48.439", "options": [], "sent": false, "cuisson": null}}, {"pk": 38, "model": "base.produitvendu", "fields": {"produit": 4, "contient": [], "made_with": 3, "notes": [], "prix": "3.4", "date": "2014-01-07T13:11:48.697", "options": [], "sent": false, "cuisson": null}}, {"pk": 39, "model": "base.produitvendu", "fields": {"produit": 4, "contient": [], "made_with": 3, "notes": [], "prix": "3.4", "date": "2014-01-07T13:11:48.902", "options": [], "sent": false, "cuisson": null}}, {"pk": 40, "model": "base.produitvendu", "fields": {"produit": 5, "contient": [], "made_with": 3, "notes": [], "prix": "6.4", "date": "2014-01-07T13:11:49.006", "options": [], "sent": false, "cuisson": null}}, {"pk": 41, "model": "base.produitvendu", "fields": {"produit": 5, "contient": [], "made_with": 3, "notes": [], "prix": "6.4", "date": "2014-01-07T13:11:49.220", "options": [], "sent": false, "cuisson": null}}, {"pk": 42, "model": "base.produitvendu", "fields": {"produit": 5, "contient": [], "made_with": 3, "notes": [], "prix": "6.4", "date": "2014-01-07T13:11:49.434", "options": [], "sent": false, "cuisson": null}}, {"pk": 43, "model": "base.produitvendu", "fields": {"produit": 6, "contient": [], "made_with": 4, "notes": [], "prix": "8.4", "date": "2014-01-07T13:11:49.577", "options": [], "sent": false, "cuisson": null}}, {"pk": 44, "model": "base.produitvendu", "fields": {"produit": 6, "contient": [], "made_with": 4, "notes": [], "prix": "8.4", "date": "2014-01-07T13:11:49.794", "options": [], "sent": false, "cuisson": null}}, {"pk": 45, "model": "base.produitvendu", "fields": {"produit": 6, "contient": [], "made_with": 4, "notes": [], "prix": "8.4", "date": "2014-01-07T13:11:49.983", "options": [], "sent": false, "cuisson": null}}, {"pk": 46, "model": "base.produitvendu", "fields": {"produit": 7, "contient": [], "made_with": 4, "notes": [], "prix": "9.4", "date": "2014-01-07T13:11:50.173", "options": [], "sent": false, "cuisson": null}}, {"pk": 47, "model": "base.produitvendu", "fields": {"produit": 7, "contient": [], "made_with": 4, "notes": [], "prix": "9.4", "date": "2014-01-07T13:11:50.399", "options": [], "sent": false, "cuisson": null}}, {"pk": 48, "model": "base.produitvendu", "fields": {"produit": 7, "contient": [], "made_with": 4, "notes": [], "prix": "9.4", "date": "2014-01-07T13:11:50.605", "options": [], "sent": false, "cuisson": null}}, {"pk": 49, "model": "base.produitvendu", "fields": {"produit": 3, "contient": [], "made_with": 2, "notes": [], "prix": "2.8", "date": "2014-01-07T13:11:50.828", "options": [], "sent": false, "cuisson": null}}, {"pk": 50, "model": "base.produitvendu", "fields": {"produit": 3, "contient": [], "made_with": 2, "notes": [], "prix": "2.8", "date": "2014-01-07T13:11:51.090", "options": [], "sent": false, "cuisson": null}}, {"pk": 51, "model": "base.produitvendu", "fields": {"produit": 3, "contient": [], "made_with": 2, "notes": [], "prix": "2.8", "date": "2014-01-07T13:11:51.318", "options": [], "sent": false, "cuisson": null}}, {"pk": 52, "model": "base.produitvendu", "fields": {"produit": 8, "contient": [53, 54], "made_with": null, "notes": [], "prix": "0", "date": "2014-01-07T13:11:51.520", "options": [], "sent": false, "cuisson": null}}, {"pk": 53, "model": "base.produitvendu", "fields": {"produit": 4, "contient": [52], "made_with": null, "notes": [], "prix": "0", "date": "2014-01-07T13:11:51.530", "options": [], "sent": false, "cuisson": null}}, {"pk": 54, "model": "base.produitvendu", "fields": {"produit": 7, "contient": [52], "made_with": null, "notes": [], "prix": "0", "date": "2014-01-07T13:11:51.590", "options": [], "sent": false, "cuisson": null}}, {"pk": 55, "model": "base.produitvendu", "fields": {"produit": 4, "contient": [], "made_with": 3, "notes": [], "prix": "3.4", "date": "2014-01-07T13:11:51.740", "options": [], "sent": true, "cuisson": null}}, {"pk": 56, "model": "base.produitvendu", "fields": {"produit": 4, "contient": [], "made_with": 3, "notes": [], "prix": "3.4", "date": "2014-01-07T13:11:52.002", "options": [], "sent": true, "cuisson": null}}, {"pk": 57, "model": "base.produitvendu", "fields": {"produit": 4, "contient": [], "made_with": 3, "notes": [], "prix": "3.4", "date": "2014-01-07T13:11:52.154", "options": [], "sent": true, "cuisson": null}}, {"pk": 58, "model": "base.produitvendu", "fields": {"produit": 5, "contient": [], "made_with": 3, "notes": [], "prix": "6.4", "date": "2014-01-07T13:11:52.337", "options": [], "sent": true, "cuisson": null}}, {"pk": 59, "model": "base.produitvendu", "fields": {"produit": 5, "contient": [], "made_with": 3, "notes": [], "prix": "6.4", "date": "2014-01-07T13:11:52.433", "options": [], "sent": true, "cuisson": null}}, {"pk": 60, "model": "base.produitvendu", "fields": {"produit": 5, "contient": [], "made_with": 3, "notes": [], "prix": "6.4", "date": "2014-01-07T13:11:52.597", "options": [], "sent": true, "cuisson": null}}, {"pk": 61, "model": "base.produitvendu", "fields": {"produit": 6, "contient": [], "made_with": 4, "notes": [], "prix": "8.4", "date": "2014-01-07T13:11:52.780", "options": [], "sent": false, "cuisson": null}}, {"pk": 62, "model": "base.produitvendu", "fields": {"produit": 6, "contient": [], "made_with": 4, "notes": [], "prix": "8.4", "date": "2014-01-07T13:11:52.893", "options": [], "sent": false, "cuisson": null}}, {"pk": 63, "model": "base.produitvendu", "fields": {"produit": 6, "contient": [], "made_with": 4, "notes": [], "prix": "8.4", "date": "2014-01-07T13:11:53.126", "options": [], "sent": false, "cuisson": null}}, {"pk": 64, "model": "base.produitvendu", "fields": {"produit": 7, "contient": [], "made_with": 4, "notes": [], "prix": "9.4", "date": "2014-01-07T13:11:53.336", "options": [], "sent": false, "cuisson": null}}, {"pk": 65, "model": "base.produitvendu", "fields": {"produit": 7, "contient": [], "made_with": 4, "notes": [], "prix": "9.4", "date": "2014-01-07T13:11:53.561", "options": [], "sent": false, "cuisson": null}}, {"pk": 66, "model": "base.produitvendu", "fields": {"produit": 7, "contient": [], "made_with": 4, "notes": [], "prix": "9.4", "date": "2014-01-07T13:11:53.804", "options": [], "sent": false, "cuisson": null}}, {"pk": 67, "model": "base.produitvendu", "fields": {"produit": 3, "contient": [], "made_with": 2, "notes": [], "prix": "2.8", "date": "2014-01-07T13:11:54.011", "options": [], "sent": false, "cuisson": null}}, {"pk": 68, "model": "base.produitvendu", "fields": {"produit": 3, "contient": [], "made_with": 2, "notes": [], "prix": "2.8", "date": "2014-01-07T13:11:54.270", "options": [], "sent": false, "cuisson": null}}, {"pk": 69, "model": "base.produitvendu", "fields": {"produit": 3, "contient": [], "made_with": 2, "notes": [], "prix": "2.8", "date": "2014-01-07T13:11:54.498", "options": [], "sent": false, "cuisson": null}}, {"pk": 70, "model": "base.produitvendu", "fields": {"produit": 8, "contient": [71, 72], "made_with": null, "notes": [], "prix": "0", "date": "2014-01-07T13:11:54.754", "options": [], "sent": false, "cuisson": null}}, {"pk": 71, "model": "base.produitvendu", "fields": {"produit": 4, "contient": [70], "made_with": null, "notes": [], "prix": "0", "date": "2014-01-07T13:11:54.772", "options": [], "sent": false, "cuisson": null}}, {"pk": 72, "model": "base.produitvendu", "fields": {"produit": 7, "contient": [70], "made_with": null, "notes": [], "prix": "0", "date": "2014-01-07T13:11:54.816", "options": [], "sent": false, "cuisson": null}}, {"pk": 73, "model": "base.produitvendu", "fields": {"produit": 4, "contient": [], "made_with": 3, "notes": [], "prix": "3.4", "date": "2014-01-07T13:11:55.289", "options": [], "sent": false, "cuisson": null}}, {"pk": 74, "model": "base.produitvendu", "fields": {"produit": 4, "contient": [], "made_with": 3, "notes": [], "prix": "3.4", "date": "2014-01-07T13:11:55.573", "options": [], "sent": false, "cuisson": null}}, {"pk": 75, "model": "base.produitvendu", "fields": {"produit": 4, "contient": [], "made_with": 3, "notes": [], "prix": "3.4", "date": "2014-01-07T13:11:55.713", "options": [], "sent": false, "cuisson": null}}, {"pk": 76, "model": "base.produitvendu", "fields": {"produit": 5, "contient": [], "made_with": 3, "notes": [], "prix": "6.4", "date": "2014-01-07T13:11:55.909", "options": [], "sent": false, "cuisson": null}}, {"pk": 77, "model": "base.produitvendu", "fields": {"produit": 5, "contient": [], "made_with": 3, "notes": [], "prix": "6.4", "date": "2014-01-07T13:11:56.122", "options": [], "sent": false, "cuisson": null}}, {"pk": 78, "model": "base.produitvendu", "fields": {"produit": 5, "contient": [], "made_with": 3, "notes": [], "prix": "6.4", "date": "2014-01-07T13:11:56.327", "options": [], "sent": false, "cuisson": null}}, {"pk": 79, "model": "base.produitvendu", "fields": {"produit": 6, "contient": [], "made_with": 4, "notes": [], "prix": "8.4", "date": "2014-01-07T13:11:56.562", "options": [], "sent": false, "cuisson": null}}, {"pk": 80, "model": "base.produitvendu", "fields": {"produit": 6, "contient": [], "made_with": 4, "notes": [], "prix": "8.4", "date": "2014-01-07T13:11:56.720", "options": [], "sent": false, "cuisson": null}}, {"pk": 81, "model": "base.produitvendu", "fields": {"produit": 6, "contient": [], "made_with": 4, "notes": [], "prix": "8.4", "date": "2014-01-07T13:11:56.911", "options": [], "sent": false, "cuisson": null}}, {"pk": 82, "model": "base.produitvendu", "fields": {"produit": 7, "contient": [], "made_with": 4, "notes": [], "prix": "9.4", "date": "2014-01-07T13:11:57.096", "options": [], "sent": false, "cuisson": null}}, {"pk": 83, "model": "base.produitvendu", "fields": {"produit": 7, "contient": [], "made_with": 4, "notes": [], "prix": "9.4", "date": "2014-01-07T13:11:57.312", "options": [], "sent": false, "cuisson": null}}, {"pk": 84, "model": "base.produitvendu", "fields": {"produit": 7, "contient": [], "made_with": 4, "notes": [], "prix": "9.4", "date": "2014-01-07T13:11:57.545", "options": [], "sent": false, "cuisson": null}}, {"pk": 85, "model": "base.produitvendu", "fields": {"produit": 3, "contient": [], "made_with": 2, "notes": [], "prix": "2.8", "date": "2014-01-07T13:11:57.733", "options": [], "sent": false, "cuisson": null}}, {"pk": 86, "model": "base.produitvendu", "fields": {"produit": 3, "contient": [], "made_with": 2, "notes": [], "prix": "2.8", "date": "2014-01-07T13:11:58.033", "options": [], "sent": false, "cuisson": null}}, {"pk": 87, "model": "base.produitvendu", "fields": {"produit": 3, "contient": [], "made_with": 2, "notes": [], "prix": "2.8", "date": "2014-01-07T13:11:58.251", "options": [], "sent": false, "cuisson": null}}, {"pk": 88, "model": "base.produitvendu", "fields": {"produit": 8, "contient": [89, 90], "made_with": null, "notes": [], "prix": "0", "date": "2014-01-07T13:11:58.444", "options": [], "sent": false, "cuisson": null}}, {"pk": 89, "model": "base.produitvendu", "fields": {"produit": 4, "contient": [88], "made_with": null, "notes": [], "prix": "0", "date": "2014-01-07T13:11:58.473", "options": [], "sent": false, "cuisson": null}}, {"pk": 90, "model": "base.produitvendu", "fields": {"produit": 7, "contient": [88], "made_with": null, "notes": [], "prix": "0", "date": "2014-01-07T13:11:58.569", "options": [], "sent": false, "cuisson": null}}, {"pk": 91, "model": "base.produitvendu", "fields": {"produit": 4, "contient": [], "made_with": 3, "notes": [], "prix": "3.4", "date": "2014-01-07T13:11:58.697", "options": [], "sent": true, "cuisson": null}}, {"pk": 92, "model": "base.produitvendu", "fields": {"produit": 4, "contient": [], "made_with": 3, "notes": [], "prix": "3.4", "date": "2014-01-07T13:11:58.922", "options": [], "sent": true, "cuisson": null}}, {"pk": 93, "model": "base.produitvendu", "fields": {"produit": 4, "contient": [], "made_with": 3, "notes": [], "prix": "3.4", "date": "2014-01-07T13:11:59.161", "options": [], "sent": true, "cuisson": null}}, {"pk": 94, "model": "base.produitvendu", "fields": {"produit": 5, "contient": [], "made_with": 3, "notes": [], "prix": "6.4", "date": "2014-01-07T13:11:59.317", "options": [], "sent": true, "cuisson": null}}, {"pk": 95, "model": "base.produitvendu", "fields": {"produit": 5, "contient": [], "made_with": 3, "notes": [], "prix": "6.4", "date": "2014-01-07T13:11:59.503", "options": [], "sent": true, "cuisson": null}}, {"pk": 96, "model": "base.produitvendu", "fields": {"produit": 5, "contient": [], "made_with": 3, "notes": [], "prix": "6.4", "date": "2014-01-07T13:11:59.727", "options": [], "sent": true, "cuisson": null}}, {"pk": 97, "model": "base.produitvendu", "fields": {"produit": 6, "contient": [], "made_with": 4, "notes": [], "prix": "8.4", "date": "2014-01-07T13:11:59.868", "options": [], "sent": false, "cuisson": null}}, {"pk": 98, "model": "base.produitvendu", "fields": {"produit": 6, "contient": [], "made_with": 4, "notes": [], "prix": "8.4", "date": "2014-01-07T13:12:00.074", "options": [], "sent": false, "cuisson": null}}, {"pk": 99, "model": "base.produitvendu", "fields": {"produit": 6, "contient": [], "made_with": 4, "notes": [], "prix": "8.4", "date": "2014-01-07T13:12:00.316", "options": [], "sent": false, "cuisson": null}}, {"pk": 100, "model": "base.produitvendu", "fields": {"produit": 7, "contient": [], "made_with": 4, "notes": [], "prix": "9.4", "date": "2014-01-07T13:12:00.515", "options": [], "sent": false, "cuisson": null}}, {"pk": 101, "model": "base.produitvendu", "fields": {"produit": 7, "contient": [], "made_with": 4, "notes": [], "prix": "9.4", "date": "2014-01-07T13:12:00.722", "options": [], "sent": false, "cuisson": null}}, {"pk": 102, "model": "base.produitvendu", "fields": {"produit": 7, "contient": [], "made_with": 4, "notes": [], "prix": "9.4", "date": "2014-01-07T13:12:00.949", "options": [], "sent": false, "cuisson": null}}, {"pk": 103, "model": "base.produitvendu", "fields": {"produit": 3, "contient": [], "made_with": 2, "notes": [], "prix": "2.8", "date": "2014-01-07T13:12:01.183", "options": [], "sent": false, "cuisson": null}}, {"pk": 104, "model": "base.produitvendu", "fields": {"produit": 3, "contient": [], "made_with": 2, "notes": [], "prix": "2.8", "date": "2014-01-07T13:12:01.425", "options": [], "sent": false, "cuisson": null}}, {"pk": 105, "model": "base.produitvendu", "fields": {"produit": 3, "contient": [], "made_with": 2, "notes": [], "prix": "2.8", "date": "2014-01-07T13:12:01.660", "options": [], "sent": false, "cuisson": null}}, {"pk": 106, "model": "base.produitvendu", "fields": {"produit": 8, "contient": [107, 108], "made_with": null, "notes": [], "prix": "0", "date": "2014-01-07T13:12:01.905", "options": [], "sent": false, "cuisson": null}}, {"pk": 107, "model": "base.produitvendu", "fields": {"produit": 4, "contient": [106], "made_with": null, "notes": [], "prix": "0", "date": "2014-01-07T13:12:01.925", "options": [], "sent": false, "cuisson": null}}, {"pk": 108, "model": "base.produitvendu", "fields": {"produit": 7, "contient": [106], "made_with": null, "notes": [], "prix": "0", "date": "2014-01-07T13:12:01.973", "options": [], "sent": false, "cuisson": null}}, {"pk": 109, "model": "base.produitvendu", "fields": {"produit": 4, "contient": [], "made_with": 3, "notes": [], "prix": "3.4", "date": "2014-01-07T13:12:02.560", "options": [], "sent": false, "cuisson": null}}, {"pk": 110, "model": "base.produitvendu", "fields": {"produit": 4, "contient": [], "made_with": 3, "notes": [], "prix": "3.4", "date": "2014-01-07T13:12:02.854", "options": [], "sent": false, "cuisson": null}}, {"pk": 111, "model": "base.produitvendu", "fields": {"produit": 4, "contient": [], "made_with": 3, "notes": [], "prix": "3.4", "date": "2014-01-07T13:12:03.041", "options": [], "sent": false, "cuisson": null}}, {"pk": 112, "model": "base.produitvendu", "fields": {"produit": 5, "contient": [], "made_with": 3, "notes": [], "prix": "6.4", "date": "2014-01-07T13:12:03.170", "options": [], "sent": false, "cuisson": null}}, {"pk": 113, "model": "base.produitvendu", "fields": {"produit": 5, "contient": [], "made_with": 3, "notes": [], "prix": "6.4", "date": "2014-01-07T13:12:03.412", "options": [], "sent": false, "cuisson": null}}, {"pk": 114, "model": "base.produitvendu", "fields": {"produit": 5, "contient": [], "made_with": 3, "notes": [], "prix": "6.4", "date": "2014-01-07T13:12:03.603", "options": [], "sent": false, "cuisson": null}}, {"pk": 115, "model": "base.produitvendu", "fields": {"produit": 6, "contient": [], "made_with": 4, "notes": [], "prix": "8.4", "date": "2014-01-07T13:12:03.773", "options": [], "sent": false, "cuisson": null}}, {"pk": 116, "model": "base.produitvendu", "fields": {"produit": 6, "contient": [], "made_with": 4, "notes": [], "prix": "8.4", "date": "2014-01-07T13:12:04.021", "options": [], "sent": false, "cuisson": null}}, {"pk": 117, "model": "base.produitvendu", "fields": {"produit": 6, "contient": [], "made_with": 4, "notes": [], "prix": "8.4", "date": "2014-01-07T13:12:04.213", "options": [], "sent": false, "cuisson": null}}, {"pk": 118, "model": "base.produitvendu", "fields": {"produit": 7, "contient": [], "made_with": 4, "notes": [], "prix": "9.4", "date": "2014-01-07T13:12:04.412", "options": [], "sent": false, "cuisson": null}}, {"pk": 119, "model": "base.produitvendu", "fields": {"produit": 7, "contient": [], "made_with": 4, "notes": [], "prix": "9.4", "date": "2014-01-07T13:12:04.659", "options": [], "sent": false, "cuisson": null}}, {"pk": 120, "model": "base.produitvendu", "fields": {"produit": 7, "contient": [], "made_with": 4, "notes": [], "prix": "9.4", "date": "2014-01-07T13:12:04.855", "options": [], "sent": false, "cuisson": null}}, {"pk": 121, "model": "base.produitvendu", "fields": {"produit": 3, "contient": [], "made_with": 2, "notes": [], "prix": "2.8", "date": "2014-01-07T13:12:05.091", "options": [], "sent": false, "cuisson": null}}, {"pk": 122, "model": "base.produitvendu", "fields": {"produit": 3, "contient": [], "made_with": 2, "notes": [], "prix": "2.8", "date": "2014-01-07T13:12:05.372", "options": [], "sent": false, "cuisson": null}}, {"pk": 123, "model": "base.produitvendu", "fields": {"produit": 3, "contient": [], "made_with": 2, "notes": [], "prix": "2.8", "date": "2014-01-07T13:12:05.603", "options": [], "sent": false, "cuisson": null}}, {"pk": 124, "model": "base.produitvendu", "fields": {"produit": 8, "contient": [125, 126], "made_with": null, "notes": [], "prix": "0", "date": "2014-01-07T13:12:05.828", "options": [], "sent": false, "cuisson": null}}, {"pk": 125, "model": "base.produitvendu", "fields": {"produit": 4, "contient": [124], "made_with": null, "notes": [], "prix": "0", "date": "2014-01-07T13:12:05.849", "options": [], "sent": false, "cuisson": null}}, {"pk": 126, "model": "base.produitvendu", "fields": {"produit": 7, "contient": [124], "made_with": null, "notes": [], "prix": "0", "date": "2014-01-07T13:12:05.920", "options": [], "sent": false, "cuisson": null}}, {"pk": 127, "model": "base.produitvendu", "fields": {"produit": 4, "contient": [], "made_with": 3, "notes": [], "prix": "3.4", "date": "2014-01-07T13:12:06.041", "options": [], "sent": true, "cuisson": null}}, {"pk": 128, "model": "base.produitvendu", "fields": {"produit": 4, "contient": [], "made_with": 3, "notes": [], "prix": "3.4", "date": "2014-01-07T13:12:06.309", "options": [], "sent": true, "cuisson": null}}, {"pk": 129, "model": "base.produitvendu", "fields": {"produit": 4, "contient": [], "made_with": 3, "notes": [], "prix": "3.4", "date": "2014-01-07T13:12:06.496", "options": [], "sent": true, "cuisson": null}}, {"pk": 130, "model": "base.produitvendu", "fields": {"produit": 5, "contient": [], "made_with": 3, "notes": [], "prix": "6.4", "date": "2014-01-07T13:12:06.714", "options": [], "sent": true, "cuisson": null}}, {"pk": 131, "model": "base.produitvendu", "fields": {"produit": 5, "contient": [], "made_with": 3, "notes": [], "prix": "6.4", "date": "2014-01-07T13:12:06.867", "options": [], "sent": true, "cuisson": null}}, {"pk": 132, "model": "base.produitvendu", "fields": {"produit": 5, "contient": [], "made_with": 3, "notes": [], "prix": "6.4", "date": "2014-01-07T13:12:07.082", "options": [], "sent": true, "cuisson": null}}, {"pk": 133, "model": "base.produitvendu", "fields": {"produit": 6, "contient": [], "made_with": 4, "notes": [], "prix": "8.4", "date": "2014-01-07T13:12:07.314", "options": [], "sent": false, "cuisson": null}}, {"pk": 134, "model": "base.produitvendu", "fields": {"produit": 6, "contient": [], "made_with": 4, "notes": [], "prix": "8.4", "date": "2014-01-07T13:12:07.449", "options": [], "sent": false, "cuisson": null}}, {"pk": 135, "model": "base.produitvendu", "fields": {"produit": 6, "contient": [], "made_with": 4, "notes": [], "prix": "8.4", "date": "2014-01-07T13:12:07.696", "options": [], "sent": false, "cuisson": null}}, {"pk": 136, "model": "base.produitvendu", "fields": {"produit": 7, "contient": [], "made_with": 4, "notes": [], "prix": "9.4", "date": "2014-01-07T13:12:07.900", "options": [], "sent": false, "cuisson": null}}, {"pk": 137, "model": "base.produitvendu", "fields": {"produit": 7, "contient": [], "made_with": 4, "notes": [], "prix": "9.4", "date": "2014-01-07T13:12:08.075", "options": [], "sent": false, "cuisson": null}}, {"pk": 138, "model": "base.produitvendu", "fields": {"produit": 7, "contient": [], "made_with": 4, "notes": [], "prix": "9.4", "date": "2014-01-07T13:12:08.339", "options": [], "sent": false, "cuisson": null}}, {"pk": 139, "model": "base.produitvendu", "fields": {"produit": 3, "contient": [], "made_with": 2, "notes": [], "prix": "2.8", "date": "2014-01-07T13:12:08.554", "options": [], "sent": false, "cuisson": null}}, {"pk": 140, "model": "base.produitvendu", "fields": {"produit": 3, "contient": [], "made_with": 2, "notes": [], "prix": "2.8", "date": "2014-01-07T13:12:08.801", "options": [], "sent": false, "cuisson": null}}, {"pk": 141, "model": "base.produitvendu", "fields": {"produit": 3, "contient": [], "made_with": 2, "notes": [], "prix": "2.8", "date": "2014-01-07T13:12:09.038", "options": [], "sent": false, "cuisson": null}}, {"pk": 142, "model": "base.produitvendu", "fields": {"produit": 8, "contient": [143, 144], "made_with": null, "notes": [], "prix": "0", "date": "2014-01-07T13:12:09.249", "options": [], "sent": false, "cuisson": null}}, {"pk": 143, "model": "base.produitvendu", "fields": {"produit": 4, "contient": [142], "made_with": null, "notes": [], "prix": "0", "date": "2014-01-07T13:12:09.273", "options": [], "sent": false, "cuisson": null}}, {"pk": 144, "model": "base.produitvendu", "fields": {"produit": 7, "contient": [142], "made_with": null, "notes": [], "prix": "0", "date": "2014-01-07T13:12:09.345", "options": [], "sent": false, "cuisson": null}}, {"pk": 145, "model": "base.produitvendu", "fields": {"produit": 4, "contient": [], "made_with": 3, "notes": [], "prix": "3.4", "date": "2014-01-07T13:12:09.950", "options": [], "sent": false, "cuisson": null}}, {"pk": 146, "model": "base.produitvendu", "fields": {"produit": 4, "contient": [], "made_with": 3, "notes": [], "prix": "3.4", "date": "2014-01-07T13:12:10.222", "options": [], "sent": false, "cuisson": null}}, {"pk": 147, "model": "base.produitvendu", "fields": {"produit": 4, "contient": [], "made_with": 3, "notes": [], "prix": "3.4", "date": "2014-01-07T13:12:10.433", "options": [], "sent": false, "cuisson": null}}, {"pk": 148, "model": "base.produitvendu", "fields": {"produit": 5, "contient": [], "made_with": 3, "notes": [], "prix": "6.4", "date": "2014-01-07T13:12:10.583", "options": [], "sent": false, "cuisson": null}}, {"pk": 149, "model": "base.produitvendu", "fields": {"produit": 5, "contient": [], "made_with": 3, "notes": [], "prix": "6.4", "date": "2014-01-07T13:12:10.804", "options": [], "sent": false, "cuisson": null}}, {"pk": 150, "model": "base.produitvendu", "fields": {"produit": 5, "contient": [], "made_with": 3, "notes": [], "prix": "6.4", "date": "2014-01-07T13:12:11.006", "options": [], "sent": false, "cuisson": null}}, {"pk": 151, "model": "base.produitvendu", "fields": {"produit": 6, "contient": [], "made_with": 4, "notes": [], "prix": "8.4", "date": "2014-01-07T13:12:11.163", "options": [], "sent": false, "cuisson": null}}, {"pk": 152, "model": "base.produitvendu", "fields": {"produit": 6, "contient": [], "made_with": 4, "notes": [], "prix": "8.4", "date": "2014-01-07T13:12:11.412", "options": [], "sent": false, "cuisson": null}}, {"pk": 153, "model": "base.produitvendu", "fields": {"produit": 6, "contient": [], "made_with": 4, "notes": [], "prix": "8.4", "date": "2014-01-07T13:12:11.578", "options": [], "sent": false, "cuisson": null}}, {"pk": 154, "model": "base.produitvendu", "fields": {"produit": 7, "contient": [], "made_with": 4, "notes": [], "prix": "9.4", "date": "2014-01-07T13:12:11.759", "options": [], "sent": false, "cuisson": null}}, {"pk": 155, "model": "base.produitvendu", "fields": {"produit": 7, "contient": [], "made_with": 4, "notes": [], "prix": "9.4", "date": "2014-01-07T13:12:11.977", "options": [], "sent": false, "cuisson": null}}, {"pk": 156, "model": "base.produitvendu", "fields": {"produit": 7, "contient": [], "made_with": 4, "notes": [], "prix": "9.4", "date": "2014-01-07T13:12:12.149", "options": [], "sent": false, "cuisson": null}}, {"pk": 157, "model": "base.produitvendu", "fields": {"produit": 3, "contient": [], "made_with": 2, "notes": [], "prix": "2.8", "date": "2014-01-07T13:12:12.359", "options": [], "sent": false, "cuisson": null}}, {"pk": 158, "model": "base.produitvendu", "fields": {"produit": 3, "contient": [], "made_with": 2, "notes": [], "prix": "2.8", "date": "2014-01-07T13:12:12.617", "options": [], "sent": false, "cuisson": null}}, {"pk": 159, "model": "base.produitvendu", "fields": {"produit": 3, "contient": [], "made_with": 2, "notes": [], "prix": "2.8", "date": "2014-01-07T13:12:12.831", "options": [], "sent": false, "cuisson": null}}, {"pk": 160, "model": "base.produitvendu", "fields": {"produit": 8, "contient": [161, 162], "made_with": null, "notes": [], "prix": "0", "date": "2014-01-07T13:12:13.043", "options": [], "sent": false, "cuisson": null}}, {"pk": 161, "model": "base.produitvendu", "fields": {"produit": 4, "contient": [160], "made_with": null, "notes": [], "prix": "0", "date": "2014-01-07T13:12:13.065", "options": [], "sent": false, "cuisson": null}}, {"pk": 162, "model": "base.produitvendu", "fields": {"produit": 7, "contient": [160], "made_with": null, "notes": [], "prix": "0", "date": "2014-01-07T13:12:13.135", "options": [], "sent": false, "cuisson": null}}, {"pk": 163, "model": "base.produitvendu", "fields": {"produit": 4, "contient": [], "made_with": 3, "notes": [], "prix": "3.4", "date": "2014-01-07T13:12:13.275", "options": [], "sent": true, "cuisson": null}}, {"pk": 164, "model": "base.produitvendu", "fields": {"produit": 4, "contient": [], "made_with": 3, "notes": [], "prix": "3.4", "date": "2014-01-07T13:12:13.509", "options": [], "sent": true, "cuisson": null}}, {"pk": 165, "model": "base.produitvendu", "fields": {"produit": 4, "contient": [], "made_with": 3, "notes": [], "prix": "3.4", "date": "2014-01-07T13:12:13.713", "options": [], "sent": true, "cuisson": null}}, {"pk": 166, "model": "base.produitvendu", "fields": {"produit": 5, "contient": [], "made_with": 3, "notes": [], "prix": "6.4", "date": "2014-01-07T13:12:13.913", "options": [], "sent": true, "cuisson": null}}, {"pk": 167, "model": "base.produitvendu", "fields": {"produit": 5, "contient": [], "made_with": 3, "notes": [], "prix": "6.4", "date": "2014-01-07T13:12:14.046", "options": [], "sent": true, "cuisson": null}}, {"pk": 168, "model": "base.produitvendu", "fields": {"produit": 5, "contient": [], "made_with": 3, "notes": [], "prix": "6.4", "date": "2014-01-07T13:12:14.276", "options": [], "sent": true, "cuisson": null}}, {"pk": 169, "model": "base.produitvendu", "fields": {"produit": 6, "contient": [], "made_with": 4, "notes": [], "prix": "8.4", "date": "2014-01-07T13:12:14.466", "options": [], "sent": false, "cuisson": null}}, {"pk": 170, "model": "base.produitvendu", "fields": {"produit": 6, "contient": [], "made_with": 4, "notes": [], "prix": "8.4", "date": "2014-01-07T13:12:14.612", "options": [], "sent": false, "cuisson": null}}, {"pk": 171, "model": "base.produitvendu", "fields": {"produit": 6, "contient": [], "made_with": 4, "notes": [], "prix": "8.4", "date": "2014-01-07T13:12:14.866", "options": [], "sent": false, "cuisson": null}}, {"pk": 172, "model": "base.produitvendu", "fields": {"produit": 7, "contient": [], "made_with": 4, "notes": [], "prix": "9.4", "date": "2014-01-07T13:12:15.060", "options": [], "sent": false, "cuisson": null}}, {"pk": 173, "model": "base.produitvendu", "fields": {"produit": 7, "contient": [], "made_with": 4, "notes": [], "prix": "9.4", "date": "2014-01-07T13:12:15.251", "options": [], "sent": false, "cuisson": null}}, {"pk": 174, "model": "base.produitvendu", "fields": {"produit": 7, "contient": [], "made_with": 4, "notes": [], "prix": "9.4", "date": "2014-01-07T13:12:15.502", "options": [], "sent": false, "cuisson": null}}, {"pk": 175, "model": "base.produitvendu", "fields": {"produit": 3, "contient": [], "made_with": 2, "notes": [], "prix": "2.8", "date": "2014-01-07T13:12:15.703", "options": [], "sent": false, "cuisson": null}}, {"pk": 176, "model": "base.produitvendu", "fields": {"produit": 3, "contient": [], "made_with": 2, "notes": [], "prix": "2.8", "date": "2014-01-07T13:12:15.972", "options": [], "sent": false, "cuisson": null}}, {"pk": 177, "model": "base.produitvendu", "fields": {"produit": 3, "contient": [], "made_with": 2, "notes": [], "prix": "2.8", "date": "2014-01-07T13:12:16.207", "options": [], "sent": false, "cuisson": null}}, {"pk": 178, "model": "base.produitvendu", "fields": {"produit": 8, "contient": [179, 180], "made_with": null, "notes": [], "prix": "0", "date": "2014-01-07T13:12:16.427", "options": [], "sent": false, "cuisson": null}}, {"pk": 179, "model": "base.produitvendu", "fields": {"produit": 4, "contient": [178], "made_with": null, "notes": [], "prix": "0", "date": "2014-01-07T13:12:16.448", "options": [], "sent": false, "cuisson": null}}, {"pk": 180, "model": "base.produitvendu", "fields": {"produit": 7, "contient": [178], "made_with": null, "notes": [], "prix": "0", "date": "2014-01-07T13:12:16.510", "options": [], "sent": false, "cuisson": null}}, {"pk": 181, "model": "base.produitvendu", "fields": {"produit": 4, "contient": [], "made_with": 3, "notes": [], "prix": "3.4", "date": "2014-01-07T13:12:17.124", "options": [], "sent": false, "cuisson": null}}, {"pk": 182, "model": "base.produitvendu", "fields": {"produit": 4, "contient": [], "made_with": 3, "notes": [], "prix": "3.4", "date": "2014-01-07T13:12:17.350", "options": [], "sent": false, "cuisson": null}}, {"pk": 183, "model": "base.produitvendu", "fields": {"produit": 4, "contient": [], "made_with": 3, "notes": [], "prix": "3.4", "date": "2014-01-07T13:12:17.515", "options": [], "sent": false, "cuisson": null}}, {"pk": 184, "model": "base.produitvendu", "fields": {"produit": 5, "contient": [], "made_with": 3, "notes": [], "prix": "6.4", "date": "2014-01-07T13:12:17.626", "options": [], "sent": false, "cuisson": null}}, {"pk": 185, "model": "base.produitvendu", "fields": {"produit": 5, "contient": [], "made_with": 3, "notes": [], "prix": "6.4", "date": "2014-01-07T13:12:17.872", "options": [], "sent": false, "cuisson": null}}, {"pk": 186, "model": "base.produitvendu", "fields": {"produit": 5, "contient": [], "made_with": 3, "notes": [], "prix": "6.4", "date": "2014-01-07T13:12:18.053", "options": [], "sent": false, "cuisson": null}}, {"pk": 187, "model": "base.produitvendu", "fields": {"produit": 6, "contient": [], "made_with": 4, "notes": [], "prix": "8.4", "date": "2014-01-07T13:12:18.198", "options": [], "sent": false, "cuisson": null}}, {"pk": 188, "model": "base.produitvendu", "fields": {"produit": 6, "contient": [], "made_with": 4, "notes": [], "prix": "8.4", "date": "2014-01-07T13:12:18.442", "options": [], "sent": false, "cuisson": null}}, {"pk": 189, "model": "base.produitvendu", "fields": {"produit": 6, "contient": [], "made_with": 4, "notes": [], "prix": "8.4", "date": "2014-01-07T13:12:18.644", "options": [], "sent": false, "cuisson": null}}, {"pk": 190, "model": "base.produitvendu", "fields": {"produit": 7, "contient": [], "made_with": 4, "notes": [], "prix": "9.4", "date": "2014-01-07T13:12:18.827", "options": [], "sent": false, "cuisson": null}}, {"pk": 191, "model": "base.produitvendu", "fields": {"produit": 7, "contient": [], "made_with": 4, "notes": [], "prix": "9.4", "date": "2014-01-07T13:12:19.069", "options": [], "sent": false, "cuisson": null}}, {"pk": 192, "model": "base.produitvendu", "fields": {"produit": 7, "contient": [], "made_with": 4, "notes": [], "prix": "9.4", "date": "2014-01-07T13:12:19.250", "options": [], "sent": false, "cuisson": null}}, {"pk": 193, "model": "base.produitvendu", "fields": {"produit": 3, "contient": [], "made_with": 2, "notes": [], "prix": "2.8", "date": "2014-01-07T13:12:19.480", "options": [], "sent": false, "cuisson": null}}, {"pk": 194, "model": "base.produitvendu", "fields": {"produit": 3, "contient": [], "made_with": 2, "notes": [], "prix": "2.8", "date": "2014-01-07T13:12:19.757", "options": [], "sent": false, "cuisson": null}}, {"pk": 195, "model": "base.produitvendu", "fields": {"produit": 3, "contient": [], "made_with": 2, "notes": [], "prix": "2.8", "date": "2014-01-07T13:12:19.990", "options": [], "sent": false, "cuisson": null}}, {"pk": 196, "model": "base.produitvendu", "fields": {"produit": 8, "contient": [197, 198], "made_with": null, "notes": [], "prix": "0", "date": "2014-01-07T13:12:20.205", "options": [], "sent": false, "cuisson": null}}, {"pk": 197, "model": "base.produitvendu", "fields": {"produit": 4, "contient": [196], "made_with": null, "notes": [], "prix": "0", "date": "2014-01-07T13:12:20.225", "options": [], "sent": false, "cuisson": null}}, {"pk": 198, "model": "base.produitvendu", "fields": {"produit": 7, "contient": [196], "made_with": null, "notes": [], "prix": "0", "date": "2014-01-07T13:12:20.294", "options": [], "sent": false, "cuisson": null}}, {"pk": 199, "model": "base.produitvendu", "fields": {"produit": 4, "contient": [], "made_with": 3, "notes": [], "prix": "3.4", "date": "2014-01-07T13:12:20.426", "options": [], "sent": true, "cuisson": null}}, {"pk": 200, "model": "base.produitvendu", "fields": {"produit": 4, "contient": [], "made_with": 3, "notes": [], "prix": "3.4", "date": "2014-01-07T13:12:20.673", "options": [], "sent": true, "cuisson": null}}, {"pk": 201, "model": "base.produitvendu", "fields": {"produit": 4, "contient": [], "made_with": 3, "notes": [], "prix": "3.4", "date": "2014-01-07T13:12:20.881", "options": [], "sent": true, "cuisson": null}}, {"pk": 202, "model": "base.produitvendu", "fields": {"produit": 5, "contient": [], "made_with": 3, "notes": [], "prix": "6.4", "date": "2014-01-07T13:12:21.091", "options": [], "sent": true, "cuisson": null}}, {"pk": 203, "model": "base.produitvendu", "fields": {"produit": 5, "contient": [], "made_with": 3, "notes": [], "prix": "6.4", "date": "2014-01-07T13:12:21.232", "options": [], "sent": true, "cuisson": null}}, {"pk": 204, "model": "base.produitvendu", "fields": {"produit": 5, "contient": [], "made_with": 3, "notes": [], "prix": "6.4", "date": "2014-01-07T13:12:21.466", "options": [], "sent": true, "cuisson": null}}, {"pk": 205, "model": "base.produitvendu", "fields": {"produit": 6, "contient": [], "made_with": 4, "notes": [], "prix": "8.4", "date": "2014-01-07T13:12:21.657", "options": [], "sent": false, "cuisson": null}}, {"pk": 206, "model": "base.produitvendu", "fields": {"produit": 6, "contient": [], "made_with": 4, "notes": [], "prix": "8.4", "date": "2014-01-07T13:12:21.818", "options": [], "sent": false, "cuisson": null}}, {"pk": 207, "model": "base.produitvendu", "fields": {"produit": 6, "contient": [], "made_with": 4, "notes": [], "prix": "8.4", "date": "2014-01-07T13:12:22.080", "options": [], "sent": false, "cuisson": null}}, {"pk": 208, "model": "base.produitvendu", "fields": {"produit": 7, "contient": [], "made_with": 4, "notes": [], "prix": "9.4", "date": "2014-01-07T13:12:22.275", "options": [], "sent": false, "cuisson": null}}, {"pk": 209, "model": "base.produitvendu", "fields": {"produit": 7, "contient": [], "made_with": 4, "notes": [], "prix": "9.4", "date": "2014-01-07T13:12:22.463", "options": [], "sent": false, "cuisson": null}}, {"pk": 210, "model": "base.produitvendu", "fields": {"produit": 7, "contient": [], "made_with": 4, "notes": [], "prix": "9.4", "date": "2014-01-07T13:12:22.722", "options": [], "sent": false, "cuisson": null}}, {"pk": 211, "model": "base.produitvendu", "fields": {"produit": 3, "contient": [], "made_with": 2, "notes": [], "prix": "2.8", "date": "2014-01-07T13:12:22.906", "options": [], "sent": false, "cuisson": null}}, {"pk": 212, "model": "base.produitvendu", "fields": {"produit": 3, "contient": [], "made_with": 2, "notes": [], "prix": "2.8", "date": "2014-01-07T13:12:23.143", "options": [], "sent": false, "cuisson": null}}, {"pk": 213, "model": "base.produitvendu", "fields": {"produit": 3, "contient": [], "made_with": 2, "notes": [], "prix": "2.8", "date": "2014-01-07T13:12:23.382", "options": [], "sent": false, "cuisson": null}}, {"pk": 214, "model": "base.produitvendu", "fields": {"produit": 8, "contient": [215, 216], "made_with": null, "notes": [], "prix": "0", "date": "2014-01-07T13:12:23.627", "options": [], "sent": false, "cuisson": null}}, {"pk": 215, "model": "base.produitvendu", "fields": {"produit": 4, "contient": [214], "made_with": null, "notes": [], "prix": "0", "date": "2014-01-07T13:12:23.646", "options": [], "sent": false, "cuisson": null}}, {"pk": 216, "model": "base.produitvendu", "fields": {"produit": 7, "contient": [214], "made_with": null, "notes": [], "prix": "0", "date": "2014-01-07T13:12:23.688", "options": [], "sent": false, "cuisson": null}}, {"pk": 217, "model": "base.produitvendu", "fields": {"produit": 4, "contient": [], "made_with": 3, "notes": [], "prix": "3.4", "date": "2014-01-07T13:12:24.270", "options": [], "sent": false, "cuisson": null}}, {"pk": 218, "model": "base.produitvendu", "fields": {"produit": 4, "contient": [], "made_with": 3, "notes": [], "prix": "3.4", "date": "2014-01-07T13:12:24.589", "options": [], "sent": false, "cuisson": null}}, {"pk": 219, "model": "base.produitvendu", "fields": {"produit": 4, "contient": [], "made_with": 3, "notes": [], "prix": "3.4", "date": "2014-01-07T13:12:24.734", "options": [], "sent": false, "cuisson": null}}, {"pk": 220, "model": "base.produitvendu", "fields": {"produit": 5, "contient": [], "made_with": 3, "notes": [], "prix": "6.4", "date": "2014-01-07T13:12:24.897", "options": [], "sent": false, "cuisson": null}}, {"pk": 221, "model": "base.produitvendu", "fields": {"produit": 5, "contient": [], "made_with": 3, "notes": [], "prix": "6.4", "date": "2014-01-07T13:12:25.126", "options": [], "sent": false, "cuisson": null}}, {"pk": 222, "model": "base.produitvendu", "fields": {"produit": 5, "contient": [], "made_with": 3, "notes": [], "prix": "6.4", "date": "2014-01-07T13:12:25.265", "options": [], "sent": false, "cuisson": null}}, {"pk": 223, "model": "base.produitvendu", "fields": {"produit": 6, "contient": [], "made_with": 4, "notes": [], "prix": "8.4", "date": "2014-01-07T13:12:25.457", "options": [], "sent": false, "cuisson": null}}, {"pk": 224, "model": "base.produitvendu", "fields": {"produit": 6, "contient": [], "made_with": 4, "notes": [], "prix": "8.4", "date": "2014-01-07T13:12:25.694", "options": [], "sent": false, "cuisson": null}}, {"pk": 225, "model": "base.produitvendu", "fields": {"produit": 6, "contient": [], "made_with": 4, "notes": [], "prix": "8.4", "date": "2014-01-07T13:12:25.877", "options": [], "sent": false, "cuisson": null}}, {"pk": 226, "model": "base.produitvendu", "fields": {"produit": 7, "contient": [], "made_with": 4, "notes": [], "prix": "9.4", "date": "2014-01-07T13:12:26.096", "options": [], "sent": false, "cuisson": null}}, {"pk": 227, "model": "base.produitvendu", "fields": {"produit": 7, "contient": [], "made_with": 4, "notes": [], "prix": "9.4", "date": "2014-01-07T13:12:26.371", "options": [], "sent": false, "cuisson": null}}, {"pk": 228, "model": "base.produitvendu", "fields": {"produit": 7, "contient": [], "made_with": 4, "notes": [], "prix": "9.4", "date": "2014-01-07T13:12:26.539", "options": [], "sent": false, "cuisson": null}}, {"pk": 229, "model": "base.produitvendu", "fields": {"produit": 3, "contient": [], "made_with": 2, "notes": [], "prix": "2.8", "date": "2014-01-07T13:12:26.706", "options": [], "sent": false, "cuisson": null}}, {"pk": 230, "model": "base.produitvendu", "fields": {"produit": 3, "contient": [], "made_with": 2, "notes": [], "prix": "2.8", "date": "2014-01-07T13:12:27.023", "options": [], "sent": false, "cuisson": null}}, {"pk": 231, "model": "base.produitvendu", "fields": {"produit": 3, "contient": [], "made_with": 2, "notes": [], "prix": "2.8", "date": "2014-01-07T13:12:27.215", "options": [], "sent": false, "cuisson": null}}, {"pk": 232, "model": "base.produitvendu", "fields": {"produit": 8, "contient": [233, 234], "made_with": null, "notes": [], "prix": "0", "date": "2014-01-07T13:12:27.442", "options": [], "sent": false, "cuisson": null}}, {"pk": 233, "model": "base.produitvendu", "fields": {"produit": 4, "contient": [232], "made_with": null, "notes": [], "prix": "0", "date": "2014-01-07T13:12:27.472", "options": [], "sent": false, "cuisson": null}}, {"pk": 234, "model": "base.produitvendu", "fields": {"produit": 7, "contient": [232], "made_with": null, "notes": [], "prix": "0", "date": "2014-01-07T13:12:27.559", "options": [], "sent": false, "cuisson": null}}, {"pk": 235, "model": "base.produitvendu", "fields": {"produit": 4, "contient": [], "made_with": 3, "notes": [], "prix": "3.4", "date": "2014-01-07T13:12:27.666", "options": [], "sent": true, "cuisson": null}}, {"pk": 236, "model": "base.produitvendu", "fields": {"produit": 4, "contient": [], "made_with": 3, "notes": [], "prix": "3.4", "date": "2014-01-07T13:12:27.916", "options": [], "sent": true, "cuisson": null}}, {"pk": 237, "model": "base.produitvendu", "fields": {"produit": 4, "contient": [], "made_with": 3, "notes": [], "prix": "3.4", "date": "2014-01-07T13:12:28.126", "options": [], "sent": true, "cuisson": null}}, {"pk": 238, "model": "base.produitvendu", "fields": {"produit": 5, "contient": [], "made_with": 3, "notes": [], "prix": "6.4", "date": "2014-01-07T13:12:28.315", "options": [], "sent": true, "cuisson": null}}, {"pk": 239, "model": "base.produitvendu", "fields": {"produit": 5, "contient": [], "made_with": 3, "notes": [], "prix": "6.4", "date": "2014-01-07T13:12:28.477", "options": [], "sent": true, "cuisson": null}}, {"pk": 240, "model": "base.produitvendu", "fields": {"produit": 5, "contient": [], "made_with": 3, "notes": [], "prix": "6.4", "date": "2014-01-07T13:12:28.709", "options": [], "sent": true, "cuisson": null}}, {"pk": 241, "model": "base.produitvendu", "fields": {"produit": 6, "contient": [], "made_with": 4, "notes": [], "prix": "8.4", "date": "2014-01-07T13:12:28.903", "options": [], "sent": false, "cuisson": null}}, {"pk": 242, "model": "base.produitvendu", "fields": {"produit": 6, "contient": [], "made_with": 4, "notes": [], "prix": "8.4", "date": "2014-01-07T13:12:29.068", "options": [], "sent": false, "cuisson": null}}, {"pk": 243, "model": "base.produitvendu", "fields": {"produit": 6, "contient": [], "made_with": 4, "notes": [], "prix": "8.4", "date": "2014-01-07T13:12:29.329", "options": [], "sent": false, "cuisson": null}}, {"pk": 244, "model": "base.produitvendu", "fields": {"produit": 7, "contient": [], "made_with": 4, "notes": [], "prix": "9.4", "date": "2014-01-07T13:12:29.523", "options": [], "sent": false, "cuisson": null}}, {"pk": 245, "model": "base.produitvendu", "fields": {"produit": 7, "contient": [], "made_with": 4, "notes": [], "prix": "9.4", "date": "2014-01-07T13:12:29.697", "options": [], "sent": false, "cuisson": null}}, {"pk": 246, "model": "base.produitvendu", "fields": {"produit": 7, "contient": [], "made_with": 4, "notes": [], "prix": "9.4", "date": "2014-01-07T13:12:29.971", "options": [], "sent": false, "cuisson": null}}, {"pk": 247, "model": "base.produitvendu", "fields": {"produit": 3, "contient": [], "made_with": 2, "notes": [], "prix": "2.8", "date": "2014-01-07T13:12:30.156", "options": [], "sent": false, "cuisson": null}}, {"pk": 248, "model": "base.produitvendu", "fields": {"produit": 3, "contient": [], "made_with": 2, "notes": [], "prix": "2.8", "date": "2014-01-07T13:12:30.425", "options": [], "sent": false, "cuisson": null}}, {"pk": 249, "model": "base.produitvendu", "fields": {"produit": 3, "contient": [], "made_with": 2, "notes": [], "prix": "2.8", "date": "2014-01-07T13:12:30.676", "options": [], "sent": false, "cuisson": null}}, {"pk": 250, "model": "base.produitvendu", "fields": {"produit": 8, "contient": [251, 252], "made_with": null, "notes": [], "prix": "0", "date": "2014-01-07T13:12:30.863", "options": [], "sent": false, "cuisson": null}}, {"pk": 251, "model": "base.produitvendu", "fields": {"produit": 4, "contient": [250], "made_with": null, "notes": [], "prix": "0", "date": "2014-01-07T13:12:30.885", "options": [], "sent": false, "cuisson": null}}, {"pk": 252, "model": "base.produitvendu", "fields": {"produit": 7, "contient": [250], "made_with": null, "notes": [], "prix": "0", "date": "2014-01-07T13:12:30.959", "options": [], "sent": false, "cuisson": null}}, {"pk": 253, "model": "base.produitvendu", "fields": {"produit": 4, "contient": [], "made_with": 3, "notes": [], "prix": "3.4", "date": "2014-01-07T13:12:31.568", "options": [], "sent": false, "cuisson": null}}, {"pk": 254, "model": "base.produitvendu", "fields": {"produit": 4, "contient": [], "made_with": 3, "notes": [], "prix": "3.4", "date": "2014-01-07T13:12:31.803", "options": [], "sent": false, "cuisson": null}}, {"pk": 255, "model": "base.produitvendu", "fields": {"produit": 4, "contient": [], "made_with": 3, "notes": [], "prix": "3.4", "date": "2014-01-07T13:12:31.997", "options": [], "sent": false, "cuisson": null}}, {"pk": 256, "model": "base.produitvendu", "fields": {"produit": 5, "contient": [], "made_with": 3, "notes": [], "prix": "6.4", "date": "2014-01-07T13:12:32.161", "options": [], "sent": false, "cuisson": null}}, {"pk": 257, "model": "base.produitvendu", "fields": {"produit": 5, "contient": [], "made_with": 3, "notes": [], "prix": "6.4", "date": "2014-01-07T13:12:32.366", "options": [], "sent": false, "cuisson": null}}, {"pk": 258, "model": "base.produitvendu", "fields": {"produit": 5, "contient": [], "made_with": 3, "notes": [], "prix": "6.4", "date": "2014-01-07T13:12:32.579", "options": [], "sent": false, "cuisson": null}}, {"pk": 259, "model": "base.produitvendu", "fields": {"produit": 6, "contient": [], "made_with": 4, "notes": [], "prix": "8.4", "date": "2014-01-07T13:12:32.747", "options": [], "sent": false, "cuisson": null}}, {"pk": 260, "model": "base.produitvendu", "fields": {"produit": 6, "contient": [], "made_with": 4, "notes": [], "prix": "8.4", "date": "2014-01-07T13:12:32.977", "options": [], "sent": false, "cuisson": null}}, {"pk": 261, "model": "base.produitvendu", "fields": {"produit": 6, "contient": [], "made_with": 4, "notes": [], "prix": "8.4", "date": "2014-01-07T13:12:33.181", "options": [], "sent": false, "cuisson": null}}, {"pk": 262, "model": "base.produitvendu", "fields": {"produit": 7, "contient": [], "made_with": 4, "notes": [], "prix": "9.4", "date": "2014-01-07T13:12:33.333", "options": [], "sent": false, "cuisson": null}}, {"pk": 263, "model": "base.produitvendu", "fields": {"produit": 7, "contient": [], "made_with": 4, "notes": [], "prix": "9.4", "date": "2014-01-07T13:12:33.593", "options": [], "sent": false, "cuisson": null}}, {"pk": 264, "model": "base.produitvendu", "fields": {"produit": 7, "contient": [], "made_with": 4, "notes": [], "prix": "9.4", "date": "2014-01-07T13:12:33.798", "options": [], "sent": false, "cuisson": null}}, {"pk": 265, "model": "base.produitvendu", "fields": {"produit": 3, "contient": [], "made_with": 2, "notes": [], "prix": "2.8", "date": "2014-01-07T13:12:33.979", "options": [], "sent": false, "cuisson": null}}, {"pk": 266, "model": "base.produitvendu", "fields": {"produit": 3, "contient": [], "made_with": 2, "notes": [], "prix": "2.8", "date": "2014-01-07T13:12:34.299", "options": [], "sent": false, "cuisson": null}}, {"pk": 267, "model": "base.produitvendu", "fields": {"produit": 3, "contient": [], "made_with": 2, "notes": [], "prix": "2.8", "date": "2014-01-07T13:12:34.487", "options": [], "sent": false, "cuisson": null}}, {"pk": 268, "model": "base.produitvendu", "fields": {"produit": 8, "contient": [269, 270], "made_with": null, "notes": [], "prix": "0", "date": "2014-01-07T13:12:34.721", "options": [], "sent": false, "cuisson": null}}, {"pk": 269, "model": "base.produitvendu", "fields": {"produit": 4, "contient": [268], "made_with": null, "notes": [], "prix": "0", "date": "2014-01-07T13:12:34.749", "options": [], "sent": false, "cuisson": null}}, {"pk": 270, "model": "base.produitvendu", "fields": {"produit": 7, "contient": [268], "made_with": null, "notes": [], "prix": "0", "date": "2014-01-07T13:12:34.833", "options": [], "sent": false, "cuisson": null}}, {"pk": 1, "model": "base.follow", "fields": {"category": 3, "date": "2014-01-07T13:11:47.936", "produits": [22, 23, 24, 19, 20, 21]}}, {"pk": 2, "model": "base.follow", "fields": {"category": 3, "date": "2014-01-07T13:11:54.877", "produits": [58, 59, 60, 55, 56, 57]}}, {"pk": 3, "model": "base.follow", "fields": {"category": 3, "date": "2014-01-07T13:12:02.054", "produits": [94, 95, 96, 91, 92, 93]}}, {"pk": 4, "model": "base.follow", "fields": {"category": 3, "date": "2014-01-07T13:12:09.434", "produits": [130, 131, 132, 127, 128, 129]}}, {"pk": 5, "model": "base.follow", "fields": {"category": 3, "date": "2014-01-07T13:12:16.600", "produits": [166, 167, 168, 163, 164, 165]}}, {"pk": 6, "model": "base.follow", "fields": {"category": 3, "date": "2014-01-07T13:12:23.763", "produits": [202, 203, 204, 199, 200, 201]}}, {"pk": 7, "model": "base.follow", "fields": {"category": 3, "date": "2014-01-07T13:12:31.076", "produits": [238, 239, 240, 235, 236, 237]}}, {"pk": 1, "model": "base.paiementtype", "fields": {"nom": "AMEX", "fixed_value": false}}, {"pk": 2, "model": "base.paiementtype", "fields": {"nom": "ANCV", "fixed_value": true}}, {"pk": 3, "model": "base.paiementtype", "fields": {"nom": "CB", "fixed_value": false}}, {"pk": 4, "model": "base.paiementtype", "fields": {"nom": "Cheque", "fixed_value": false}}, {"pk": 5, "model": "base.paiementtype", "fields": {"nom": "Espece", "fixed_value": false}}, {"pk": 6, "model": "base.paiementtype", "fields": {"nom": "Tic. Resto.", "fixed_value": true}}, {"pk": 1, "model": "base.paiement", "fields": {"date": "2014-01-07T13:12:34.919", "nb_tickets": 0, "valeur_unitaire": "1", "type": 3, "montant": "91.2"}}, {"pk": 1, "model": "base.facture", "fields": {"onsite": true, "vats": [1, 2], "paiements": [], "total_ttc": "91.2", "category_to_follow": 3, "produits": [13, 14, 15, 4, 5, 6, 1, 2, 3, 7, 8, 9, 10, 11, 12], "following": [], "couverts": 5, "restant_a_payer": "91.2", "table": 14, "saved_in_stats": false, "date_creation": "2014-01-07T13:11:41.172", "surcharge": false}}, {"pk": 2, "model": "base.facture", "fields": {"onsite": true, "vats": [3, 4], "paiements": [], "total_ttc": "91.2", "category_to_follow": 4, "produits": [31, 32, 33, 22, 23, 24, 19, 20, 21, 25, 26, 27, 28, 29, 30], "following": [1], "couverts": 12, "restant_a_payer": "91.2", "table": 20, "saved_in_stats": false, "date_creation": "2014-01-07T13:11:44.388", "surcharge": true}}, {"pk": 3, "model": "base.facture", "fields": {"onsite": true, "vats": [5, 6], "paiements": [], "total_ttc": "91.2", "category_to_follow": 3, "produits": [49, 50, 51, 40, 41, 42, 37, 38, 39, 43, 44, 45, 46, 47, 48], "following": [], "couverts": 11, "restant_a_payer": "91.2", "table": 19, "saved_in_stats": false, "date_creation": "2014-01-07T13:11:48.453", "surcharge": true}}, {"pk": 4, "model": "base.facture", "fields": {"onsite": true, "vats": [7, 8], "paiements": [], "total_ttc": "91.2", "category_to_follow": 4, "produits": [67, 68, 69, 58, 59, 60, 55, 56, 57, 61, 62, 63, 64, 65, 66], "following": [2], "couverts": 12, "restant_a_payer": "91.2", "table": 17, "saved_in_stats": false, "date_creation": "2014-01-07T13:11:51.771", "surcharge": true}}, {"pk": 5, "model": "base.facture", "fields": {"onsite": true, "vats": [9, 10], "paiements": [], "total_ttc": "91.2", "category_to_follow": 3, "produits": [85, 86, 87, 76, 77, 78, 73, 74, 75, 79, 80, 81, 82, 83, 84], "following": [], "couverts": 2, "restant_a_payer": "91.2", "table": 17, "saved_in_stats": false, "date_creation": "2014-01-07T13:11:55.300", "surcharge": true}}, {"pk": 6, "model": "base.facture", "fields": {"onsite": true, "vats": [11, 12], "paiements": [], "total_ttc": "91.2", "category_to_follow": 4, "produits": [103, 104, 105, 94, 95, 96, 91, 92, 93, 97, 98, 99, 100, 101, 102], "following": [3], "couverts": 6, "restant_a_payer": "91.2", "table": 17, "saved_in_stats": false, "date_creation": "2014-01-07T13:11:58.712", "surcharge": true}}, {"pk": 7, "model": "base.facture", "fields": {"onsite": true, "vats": [13, 14], "paiements": [], "total_ttc": "91.2", "category_to_follow": 3, "produits": [121, 122, 123, 112, 113, 114, 109, 110, 111, 115, 116, 117, 118, 119, 120], "following": [], "couverts": 6, "restant_a_payer": "91.2", "table": 13, "saved_in_stats": false, "date_creation": "2014-01-07T13:12:02.573", "surcharge": false}}, {"pk": 8, "model": "base.facture", "fields": {"onsite": true, "vats": [15, 16], "paiements": [], "total_ttc": "91.2", "category_to_follow": 4, "produits": [139, 140, 141, 130, 131, 132, 127, 128, 129, 133, 134, 135, 136, 137, 138], "following": [4], "couverts": 9, "restant_a_payer": "91.2", "table": 25, "saved_in_stats": false, "date_creation": "2014-01-07T13:12:06.070", "surcharge": true}}, {"pk": 9, "model": "base.facture", "fields": {"onsite": true, "vats": [17, 18], "paiements": [], "total_ttc": "91.2", "category_to_follow": 3, "produits": [157, 158, 159, 148, 149, 150, 145, 146, 147, 151, 152, 153, 154, 155, 156], "following": [], "couverts": 6, "restant_a_payer": "91.2", "table": 21, "saved_in_stats": false, "date_creation": "2014-01-07T13:12:09.971", "surcharge": true}}, {"pk": 10, "model": "base.facture", "fields": {"onsite": true, "vats": [19, 20], "paiements": [], "total_ttc": "91.2", "category_to_follow": 4, "produits": [175, 176, 177, 166, 167, 168, 163, 164, 165, 169, 170, 171, 172, 173, 174], "following": [5], "couverts": 4, "restant_a_payer": "91.2", "table": 18, "saved_in_stats": false, "date_creation": "2014-01-07T13:12:13.298", "surcharge": true}}, {"pk": 11, "model": "base.facture", "fields": {"onsite": true, "vats": [21, 22], "paiements": [], "total_ttc": "91.2", "category_to_follow": 3, "produits": [193, 194, 195, 184, 185, 186, 181, 182, 183, 187, 188, 189, 190, 191, 192], "following": [], "couverts": 4, "restant_a_payer": "91.2", "table": 12, "saved_in_stats": false, "date_creation": "2014-01-07T13:12:17.137", "surcharge": false}}, {"pk": 12, "model": "base.facture", "fields": {"onsite": true, "vats": [23, 24], "paiements": [], "total_ttc": "91.2", "category_to_follow": 4, "produits": [211, 212, 213, 202, 203, 204, 199, 200, 201, 205, 206, 207, 208, 209, 210], "following": [6], "couverts": 9, "restant_a_payer": "91.2", "table": 22, "saved_in_stats": false, "date_creation": "2014-01-07T13:12:20.453", "surcharge": true}}, {"pk": 13, "model": "base.facture", "fields": {"onsite": true, "vats": [25, 26], "paiements": [], "total_ttc": "91.2", "category_to_follow": 3, "produits": [229, 230, 231, 220, 221, 222, 217, 218, 219, 223, 224, 225, 226, 227, 228], "following": [], "couverts": 12, "restant_a_payer": "91.2", "table": 16, "saved_in_stats": false, "date_creation": "2014-01-07T13:12:24.284", "surcharge": true}}, {"pk": 14, "model": "base.facture", "fields": {"onsite": true, "vats": [27, 28], "paiements": [], "total_ttc": "91.2", "category_to_follow": 4, "produits": [247, 248, 249, 238, 239, 240, 235, 236, 237, 241, 242, 243, 244, 245, 246], "following": [7], "couverts": 15, "restant_a_payer": "91.2", "table": 21, "saved_in_stats": false, "date_creation": "2014-01-07T13:12:27.682", "surcharge": true}}, {"pk": 15, "model": "base.facture", "fields": {"onsite": true, "vats": [29, 30], "paiements": [1], "total_ttc": "91.2", "category_to_follow": 3, "produits": [265, 266, 267, 256, 257, 258, 253, 254, 255, 259, 260, 261, 262, 263, 264], "following": [], "couverts": 8, "restant_a_payer": "0", "table": 15, "saved_in_stats": false, "date_creation": "2014-01-07T13:12:31.593", "surcharge": false}}, {"pk": 1, "model": "base.monthlystat", "fields": {"month": 1, "value": "100", "key": "total_ttc", "year": 2013}}, {"pk": 2, "model": "base.monthlystat", "fields": {"month": 1, "value": "40", "key": "bar_total_ttc", "year": 2013}}, {"pk": 3, "model": "base.monthlystat", "fields": {"month": 1, "value": "60", "key": "guests_total_ttc", "year": 2013}}, {"pk": 4, "model": "base.monthlystat", "fields": {"month": 1, "value": "472", "key": "nb_bills", "year": 2013}}, {"pk": 5, "model": "base.monthlystat", "fields": {"month": 1, "value": "440", "key": "guests_nb", "year": 2013}}, {"pk": 6, "model": "base.monthlystat", "fields": {"month": 1, "value": "65", "key": "guests_average", "year": 2013}}, {"pk": 7, "model": "base.monthlystat", "fields": {"month": 1, "value": "53", "key": "bar_nb", "year": 2013}}, {"pk": 8, "model": "base.monthlystat", "fields": {"month": 1, "value": "167", "key": "bar_average", "year": 2013}}, {"pk": 9, "model": "base.monthlystat", "fields": {"month": 2, "value": "200", "key": "total_ttc", "year": 2013}}, {"pk": 10, "model": "base.monthlystat", "fields": {"month": 2, "value": "80", "key": "bar_total_ttc", "year": 2013}}, {"pk": 11, "model": "base.monthlystat", "fields": {"month": 2, "value": "120", "key": "guests_total_ttc", "year": 2013}}, {"pk": 12, "model": "base.monthlystat", "fields": {"month": 2, "value": "261", "key": "nb_bills", "year": 2013}}, {"pk": 13, "model": "base.monthlystat", "fields": {"month": 2, "value": "262", "key": "guests_nb", "year": 2013}}, {"pk": 14, "model": "base.monthlystat", "fields": {"month": 2, "value": "359", "key": "guests_average", "year": 2013}}, {"pk": 15, "model": "base.monthlystat", "fields": {"month": 2, "value": "58", "key": "bar_nb", "year": 2013}}, {"pk": 16, "model": "base.monthlystat", "fields": {"month": 2, "value": "84", "key": "bar_average", "year": 2013}}, {"pk": 17, "model": "base.monthlystat", "fields": {"month": 3, "value": "300", "key": "total_ttc", "year": 2013}}, {"pk": 18, "model": "base.monthlystat", "fields": {"month": 3, "value": "120", "key": "bar_total_ttc", "year": 2013}}, {"pk": 19, "model": "base.monthlystat", "fields": {"month": 3, "value": "180", "key": "guests_total_ttc", "year": 2013}}, {"pk": 20, "model": "base.monthlystat", "fields": {"month": 3, "value": "108", "key": "nb_bills", "year": 2013}}, {"pk": 21, "model": "base.monthlystat", "fields": {"month": 3, "value": "361", "key": "guests_nb", "year": 2013}}, {"pk": 22, "model": "base.monthlystat", "fields": {"month": 3, "value": "213", "key": "guests_average", "year": 2013}}, {"pk": 23, "model": "base.monthlystat", "fields": {"month": 3, "value": "490", "key": "bar_nb", "year": 2013}}, {"pk": 24, "model": "base.monthlystat", "fields": {"month": 3, "value": "241", "key": "bar_average", "year": 2013}}, {"pk": 25, "model": "base.monthlystat", "fields": {"month": 4, "value": "400", "key": "total_ttc", "year": 2013}}, {"pk": 26, "model": "base.monthlystat", "fields": {"month": 4, "value": "160", "key": "bar_total_ttc", "year": 2013}}, {"pk": 27, "model": "base.monthlystat", "fields": {"month": 4, "value": "240", "key": "guests_total_ttc", "year": 2013}}, {"pk": 28, "model": "base.monthlystat", "fields": {"month": 4, "value": "449", "key": "nb_bills", "year": 2013}}, {"pk": 29, "model": "base.monthlystat", "fields": {"month": 4, "value": "124", "key": "guests_nb", "year": 2013}}, {"pk": 30, "model": "base.monthlystat", "fields": {"month": 4, "value": "244", "key": "guests_average", "year": 2013}}, {"pk": 31, "model": "base.monthlystat", "fields": {"month": 4, "value": "359", "key": "bar_nb", "year": 2013}}, {"pk": 32, "model": "base.monthlystat", "fields": {"month": 4, "value": "53", "key": "bar_average", "year": 2013}}, {"pk": 33, "model": "base.monthlystat", "fields": {"month": 5, "value": "500", "key": "total_ttc", "year": 2013}}, {"pk": 34, "model": "base.monthlystat", "fields": {"month": 5, "value": "200", "key": "bar_total_ttc", "year": 2013}}, {"pk": 35, "model": "base.monthlystat", "fields": {"month": 5, "value": "300", "key": "guests_total_ttc", "year": 2013}}, {"pk": 36, "model": "base.monthlystat", "fields": {"month": 5, "value": "249", "key": "nb_bills", "year": 2013}}, {"pk": 37, "model": "base.monthlystat", "fields": {"month": 5, "value": "204", "key": "guests_nb", "year": 2013}}, {"pk": 38, "model": "base.monthlystat", "fields": {"month": 5, "value": "315", "key": "guests_average", "year": 2013}}, {"pk": 39, "model": "base.monthlystat", "fields": {"month": 5, "value": "197", "key": "bar_nb", "year": 2013}}, {"pk": 40, "model": "base.monthlystat", "fields": {"month": 5, "value": "197", "key": "bar_average", "year": 2013}}, {"pk": 41, "model": "base.monthlystat", "fields": {"month": 6, "value": "600", "key": "total_ttc", "year": 2013}}, {"pk": 42, "model": "base.monthlystat", "fields": {"month": 6, "value": "240", "key": "bar_total_ttc", "year": 2013}}, {"pk": 43, "model": "base.monthlystat", "fields": {"month": 6, "value": "360", "key": "guests_total_ttc", "year": 2013}}, {"pk": 44, "model": "base.monthlystat", "fields": {"month": 6, "value": "281", "key": "nb_bills", "year": 2013}}, {"pk": 45, "model": "base.monthlystat", "fields": {"month": 6, "value": "161", "key": "guests_nb", "year": 2013}}, {"pk": 46, "model": "base.monthlystat", "fields": {"month": 6, "value": "490", "key": "guests_average", "year": 2013}}, {"pk": 47, "model": "base.monthlystat", "fields": {"month": 6, "value": "71", "key": "bar_nb", "year": 2013}}, {"pk": 48, "model": "base.monthlystat", "fields": {"month": 6, "value": "473", "key": "bar_average", "year": 2013}}, {"pk": 49, "model": "base.monthlystat", "fields": {"month": 7, "value": "700", "key": "total_ttc", "year": 2013}}, {"pk": 50, "model": "base.monthlystat", "fields": {"month": 7, "value": "280", "key": "bar_total_ttc", "year": 2013}}, {"pk": 51, "model": "base.monthlystat", "fields": {"month": 7, "value": "420", "key": "guests_total_ttc", "year": 2013}}, {"pk": 52, "model": "base.monthlystat", "fields": {"month": 7, "value": "264", "key": "nb_bills", "year": 2013}}, {"pk": 53, "model": "base.monthlystat", "fields": {"month": 7, "value": "183", "key": "guests_nb", "year": 2013}}, {"pk": 54, "model": "base.monthlystat", "fields": {"month": 7, "value": "255", "key": "guests_average", "year": 2013}}, {"pk": 55, "model": "base.monthlystat", "fields": {"month": 7, "value": "365", "key": "bar_nb", "year": 2013}}, {"pk": 56, "model": "base.monthlystat", "fields": {"month": 7, "value": "123", "key": "bar_average", "year": 2013}}, {"pk": 57, "model": "base.monthlystat", "fields": {"month": 8, "value": "800", "key": "total_ttc", "year": 2013}}, {"pk": 58, "model": "base.monthlystat", "fields": {"month": 8, "value": "320", "key": "bar_total_ttc", "year": 2013}}, {"pk": 59, "model": "base.monthlystat", "fields": {"month": 8, "value": "480", "key": "guests_total_ttc", "year": 2013}}, {"pk": 60, "model": "base.monthlystat", "fields": {"month": 8, "value": "228", "key": "nb_bills", "year": 2013}}, {"pk": 61, "model": "base.monthlystat", "fields": {"month": 8, "value": "355", "key": "guests_nb", "year": 2013}}, {"pk": 62, "model": "base.monthlystat", "fields": {"month": 8, "value": "475", "key": "guests_average", "year": 2013}}, {"pk": 63, "model": "base.monthlystat", "fields": {"month": 8, "value": "288", "key": "bar_nb", "year": 2013}}, {"pk": 64, "model": "base.monthlystat", "fields": {"month": 8, "value": "82", "key": "bar_average", "year": 2013}}, {"pk": 65, "model": "base.monthlystat", "fields": {"month": 9, "value": "900", "key": "total_ttc", "year": 2013}}, {"pk": 66, "model": "base.monthlystat", "fields": {"month": 9, "value": "360", "key": "bar_total_ttc", "year": 2013}}, {"pk": 67, "model": "base.monthlystat", "fields": {"month": 9, "value": "540", "key": "guests_total_ttc", "year": 2013}}, {"pk": 68, "model": "base.monthlystat", "fields": {"month": 9, "value": "425", "key": "nb_bills", "year": 2013}}, {"pk": 69, "model": "base.monthlystat", "fields": {"month": 9, "value": "93", "key": "guests_nb", "year": 2013}}, {"pk": 70, "model": "base.monthlystat", "fields": {"month": 9, "value": "171", "key": "guests_average", "year": 2013}}, {"pk": 71, "model": "base.monthlystat", "fields": {"month": 9, "value": "313", "key": "bar_nb", "year": 2013}}, {"pk": 72, "model": "base.monthlystat", "fields": {"month": 9, "value": "191", "key": "bar_average", "year": 2013}}, {"pk": 73, "model": "base.monthlystat", "fields": {"month": 10, "value": "1000", "key": "total_ttc", "year": 2013}}, {"pk": 74, "model": "base.monthlystat", "fields": {"month": 10, "value": "400", "key": "bar_total_ttc", "year": 2013}}, {"pk": 75, "model": "base.monthlystat", "fields": {"month": 10, "value": "600", "key": "guests_total_ttc", "year": 2013}}, {"pk": 76, "model": "base.monthlystat", "fields": {"month": 10, "value": "493", "key": "nb_bills", "year": 2013}}, {"pk": 77, "model": "base.monthlystat", "fields": {"month": 10, "value": "492", "key": "guests_nb", "year": 2013}}, {"pk": 78, "model": "base.monthlystat", "fields": {"month": 10, "value": "490", "key": "guests_average", "year": 2013}}, {"pk": 79, "model": "base.monthlystat", "fields": {"month": 10, "value": "193", "key": "bar_nb", "year": 2013}}, {"pk": 80, "model": "base.monthlystat", "fields": {"month": 10, "value": "287", "key": "bar_average", "year": 2013}}, {"pk": 81, "model": "base.monthlystat", "fields": {"month": 11, "value": "1100", "key": "total_ttc", "year": 2013}}, {"pk": 82, "model": "base.monthlystat", "fields": {"month": 11, "value": "440", "key": "bar_total_ttc", "year": 2013}}, {"pk": 83, "model": "base.monthlystat", "fields": {"month": 11, "value": "660", "key": "guests_total_ttc", "year": 2013}}, {"pk": 84, "model": "base.monthlystat", "fields": {"month": 11, "value": "486", "key": "nb_bills", "year": 2013}}, {"pk": 85, "model": "base.monthlystat", "fields": {"month": 11, "value": "481", "key": "guests_nb", "year": 2013}}, {"pk": 86, "model": "base.monthlystat", "fields": {"month": 11, "value": "337", "key": "guests_average", "year": 2013}}, {"pk": 87, "model": "base.monthlystat", "fields": {"month": 11, "value": "87", "key": "bar_nb", "year": 2013}}, {"pk": 88, "model": "base.monthlystat", "fields": {"month": 11, "value": "220", "key": "bar_average", "year": 2013}}, {"pk": 89, "model": "base.monthlystat", "fields": {"month": 12, "value": "1200", "key": "total_ttc", "year": 2013}}, {"pk": 90, "model": "base.monthlystat", "fields": {"month": 12, "value": "480", "key": "bar_total_ttc", "year": 2013}}, {"pk": 91, "model": "base.monthlystat", "fields": {"month": 12, "value": "720", "key": "guests_total_ttc", "year": 2013}}, {"pk": 92, "model": "base.monthlystat", "fields": {"month": 12, "value": "69", "key": "nb_bills", "year": 2013}}, {"pk": 93, "model": "base.monthlystat", "fields": {"month": 12, "value": "209", "key": "guests_nb", "year": 2013}}, {"pk": 94, "model": "base.monthlystat", "fields": {"month": 12, "value": "488", "key": "guests_average", "year": 2013}}, {"pk": 95, "model": "base.monthlystat", "fields": {"month": 12, "value": "471", "key": "bar_nb", "year": 2013}}, {"pk": 96, "model": "base.monthlystat", "fields": {"month": 12, "value": "112", "key": "bar_average", "year": 2013}}, {"pk": 1, "model": "base.dailystat", "fields": {"date": "2013-10-01", "value": "234", "key": "total_ttc"}}, {"pk": 1, "model": "base.zone", "fields": {"nom": "Bar", "surtaxe": false}}, {"pk": 2, "model": "base.zone", "fields": {"nom": "Rez de chaussee", "surtaxe": false}}, {"pk": 3, "model": "base.zone", "fields": {"nom": "Terrasse", "surtaxe": true}}, {"pk": 1, "model": "base.table", "fields": {"nom": "T--", "zone": 1}}, {"pk": 2, "model": "base.table", "fields": {"nom": "T01", "zone": 2}}, {"pk": 3, "model": "base.table", "fields": {"nom": "T02", "zone": 2}}, {"pk": 4, "model": "base.table", "fields": {"nom": "T03", "zone": 2}}, {"pk": 5, "model": "base.table", "fields": {"nom": "T04", "zone": 2}}, {"pk": 6, "model": "base.table", "fields": {"nom": "T05", "zone": 2}}, {"pk": 7, "model": "base.table", "fields": {"nom": "T06", "zone": 2}}, {"pk": 8, "model": "base.table", "fields": {"nom": "T07", "zone": 2}}, {"pk": 9, "model": "base.table", "fields": {"nom": "T08", "zone": 2}}, {"pk": 10, "model": "base.table", "fields": {"nom": "T09", "zone": 2}}, {"pk": 11, "model": "base.table", "fields": {"nom": "T10", "zone": 2}}, {"pk": 12, "model": "base.table", "fields": {"nom": "T11", "zone": 2}}, {"pk": 13, "model": "base.table", "fields": {"nom": "T12", "zone": 2}}, {"pk": 14, "model": "base.table", "fields": {"nom": "T13", "zone": 2}}, {"pk": 15, "model": "base.table", "fields": {"nom": "T14", "zone": 2}}, {"pk": 16, "model": "base.table", "fields": {"nom": "T15", "zone": 3}}, {"pk": 17, "model": "base.table", "fields": {"nom": "T16", "zone": 3}}, {"pk": 18, "model": "base.table", "fields": {"nom": "T17", "zone": 3}}, {"pk": 19, "model": "base.table", "fields": {"nom": "T18", "zone": 3}}, {"pk": 20, "model": "base.table", "fields": {"nom": "T19", "zone": 3}}, {"pk": 21, "model": "base.table", "fields": {"nom": "T20", "zone": 3}}, {"pk": 22, "model": "base.table", "fields": {"nom": "T21", "zone": 3}}, {"pk": 23, "model": "base.table", "fields": {"nom": "T22", "zone": 3}}, {"pk": 24, "model": "base.table", "fields": {"nom": "T23", "zone": 3}}, {"pk": 25, "model": "base.table", "fields": {"nom": "T24", "zone": 3}}, {"pk": 26, "model": "base.table", "fields": {"nom": "T25", "zone": 3}}, {"pk": 1, "model": "base.vatonbill", "fields": {"total": "0", "vat": 2}}, {"pk": 2, "model": "base.vatonbill", "fields": {"total": "0", "vat": 1}}, {"pk": 3, "model": "base.vatonbill", "fields": {"total": "5.4", "vat": 2}}, {"pk": 4, "model": "base.vatonbill", "fields": {"total": "1.38", "vat": 1}}, {"pk": 5, "model": "base.vatonbill", "fields": {"total": "5.4", "vat": 2}}, {"pk": 6, "model": "base.vatonbill", "fields": {"total": "1.38", "vat": 1}}, {"pk": 7, "model": "base.vatonbill", "fields": {"total": "5.4", "vat": 2}}, {"pk": 8, "model": "base.vatonbill", "fields": {"total": "1.38", "vat": 1}}, {"pk": 9, "model": "base.vatonbill", "fields": {"total": "5.4", "vat": 2}}, {"pk": 10, "model": "base.vatonbill", "fields": {"total": "1.38", "vat": 1}}, {"pk": 11, "model": "base.vatonbill", "fields": {"total": "5.4", "vat": 2}}, {"pk": 12, "model": "base.vatonbill", "fields": {"total": "1.38", "vat": 1}}, {"pk": 13, "model": "base.vatonbill", "fields": {"total": "5.4", "vat": 2}}, {"pk": 14, "model": "base.vatonbill", "fields": {"total": "1.38", "vat": 1}}, {"pk": 15, "model": "base.vatonbill", "fields": {"total": "5.4", "vat": 2}}, {"pk": 16, "model": "base.vatonbill", "fields": {"total": "1.38", "vat": 1}}, {"pk": 17, "model": "base.vatonbill", "fields": {"total": "5.4", "vat": 2}}, {"pk": 18, "model": "base.vatonbill", "fields": {"total": "1.38", "vat": 1}}, {"pk": 19, "model": "base.vatonbill", "fields": {"total": "5.4", "vat": 2}}, {"pk": 20, "model": "base.vatonbill", "fields": {"total": "1.38", "vat": 1}}, {"pk": 21, "model": "base.vatonbill", "fields": {"total": "5.4", "vat": 2}}, {"pk": 22, "model": "base.vatonbill", "fields": {"total": "1.38", "vat": 1}}, {"pk": 23, "model": "base.vatonbill", "fields": {"total": "5.4", "vat": 2}}, {"pk": 24, "model": "base.vatonbill", "fields": {"total": "1.38", "vat": 1}}, {"pk": 25, "model": "base.vatonbill", "fields": {"total": "5.4", "vat": 2}}, {"pk": 26, "model": "base.vatonbill", "fields": {"total": "1.38", "vat": 1}}, {"pk": 27, "model": "base.vatonbill", "fields": {"total": "5.4", "vat": 2}}, {"pk": 28, "model": "base.vatonbill", "fields": {"total": "1.38", "vat": 1}}, {"pk": 29, "model": "base.vatonbill", "fields": {"total": "5.4", "vat": 2}}, {"pk": 30, "model": "base.vatonbill", "fields": {"total": "1.38", "vat": 1}}]