[
{
    "pk": 1, 
    "model": "south.migrationhistory", 
    "fields": {
        "applied": "2014-02-06T15:00:37.778", 
        "app_name": "base", 
        "migration": "0001_initial"
    }
},
{
    "pk": 2, 
    "model": "south.migrationhistory", 
    "fields": {
        "applied": "2014-02-06T15:00:37.976", 
        "app_name": "base", 
        "migration": "0002_auto__add_vat__add_field_categorie_vat_onsite__add_field_categorie_vat"
    }
},
{
    "pk": 3, 
    "model": "south.migrationhistory", 
    "fields": {
        "applied": "2014-02-06T15:00:38.118", 
        "app_name": "base", 
        "migration": "0003_auto__del_field_categorie_alcool"
    }
},
{
    "pk": 4, 
    "model": "south.migrationhistory", 
    "fields": {
        "applied": "2014-02-06T15:00:38.253", 
        "app_name": "base", 
        "migration": "0004_auto__add_field_vat_value"
    }
},
{
    "pk": 5, 
    "model": "south.migrationhistory", 
    "fields": {
        "applied": "2014-02-06T15:00:38.364", 
        "app_name": "base", 
        "migration": "0005_auto__chg_field_vat_value"
    }
},
{
    "pk": 6, 
    "model": "south.migrationhistory", 
    "fields": {
        "applied": "2014-02-06T15:00:38.459", 
        "app_name": "base", 
        "migration": "0006_auto__chg_field_vat_value"
    }
},
{
    "pk": 7, 
    "model": "south.migrationhistory", 
    "fields": {
        "applied": "2014-02-06T15:00:38.604", 
        "app_name": "base", 
        "migration": "0007_auto__add_field_facture_onsite"
    }
},
{
    "pk": 8, 
    "model": "south.migrationhistory", 
    "fields": {
        "applied": "2014-02-06T15:00:38.801", 
        "app_name": "base", 
        "migration": "0008_auto__del_field_paiementtype_priorite__del_field_paiementtype_nom_fact"
    }
},
{
    "pk": 9, 
    "model": "south.migrationhistory", 
    "fields": {
        "applied": "2014-02-06T15:00:39.054", 
        "app_name": "base", 
        "migration": "0009_auto__add_vatonbill__add_field_facture_total_ttc"
    }
},
{
    "pk": 10, 
    "model": "south.migrationhistory", 
    "fields": {
        "applied": "2014-02-06T15:00:39.111", 
        "app_name": "base", 
        "migration": "0010_facture_total_ttc"
    }
},
{
    "pk": 11, 
    "model": "south.migrationhistory", 
    "fields": {
        "applied": "2014-02-06T15:00:39.285", 
        "app_name": "base", 
        "migration": "0011_auto__del_field_facture_montant_alcool__del_field_facture_montant_norm"
    }
},
{
    "pk": 12, 
    "model": "south.migrationhistory", 
    "fields": {
        "applied": "2014-02-06T15:00:39.407", 
        "app_name": "base", 
        "migration": "0012_auto__add_field_cuisson_nom_facture"
    }
},
{
    "pk": 13, 
    "model": "south.migrationhistory", 
    "fields": {
        "applied": "2014-02-06T15:00:39.485", 
        "app_name": "base", 
        "migration": "0013_auto__add_printer"
    }
},
{
    "pk": 14, 
    "model": "south.migrationhistory", 
    "fields": {
        "applied": "2014-02-06T15:00:39.636", 
        "app_name": "base", 
        "migration": "0014_auto__add_field_printer_width"
    }
},
{
    "pk": 15, 
    "model": "south.migrationhistory", 
    "fields": {
        "applied": "2014-02-06T15:00:39.755", 
        "app_name": "base", 
        "migration": "0015_auto__add_field_categorie_made_in_kitchen"
    }
},
{
    "pk": 16, 
    "model": "south.migrationhistory", 
    "fields": {
        "applied": "2014-02-06T15:00:39.933", 
        "app_name": "base", 
        "migration": "0016_auto__add_field_produitvendu_made_with__add_field_produitvendu_sent"
    }
},
{
    "pk": 17, 
    "model": "south.migrationhistory", 
    "fields": {
        "applied": "2014-02-06T15:00:40.115", 
        "app_name": "base", 
        "migration": "0017_auto__chg_field_produitvendu_made_with"
    }
},
{
    "pk": 18, 
    "model": "south.migrationhistory", 
    "fields": {
        "applied": "2014-02-06T15:00:40.309", 
        "app_name": "base", 
        "migration": "0018_auto__del_field_suivi_etat__add_field_suivi_category"
    }
},
{
    "pk": 19, 
    "model": "south.migrationhistory", 
    "fields": {
        "applied": "2014-02-06T15:00:40.473", 
        "app_name": "base", 
        "migration": "0019_auto__add_field_produit_vat_onsite__add_field_produit_vat_takeaway"
    }
},
{
    "pk": 20, 
    "model": "south.migrationhistory", 
    "fields": {
        "applied": "2014-02-06T15:00:40.574", 
        "app_name": "base", 
        "migration": "0020_auto"
    }
},
{
    "pk": 21, 
    "model": "south.migrationhistory", 
    "fields": {
        "applied": "2014-02-06T15:00:41.198", 
        "app_name": "base", 
        "migration": "0021_auto__del_etat__del_couleur__del_field_categorie_couleur__add_field_ca"
    }
},
{
    "pk": 22, 
    "model": "south.migrationhistory", 
    "fields": {
        "applied": "2014-02-06T15:00:41.294", 
        "app_name": "base", 
        "migration": "0022_auto__add_field_facture_overcharge"
    }
},
{
    "pk": 23, 
    "model": "south.migrationhistory", 
    "fields": {
        "applied": "2014-02-06T15:00:41.744", 
        "app_name": "base", 
        "migration": "0023_auto__del_suivi__add_follow__add_field_facture_following__add_field_fa"
    }
},
{
    "pk": 24, 
    "model": "south.migrationhistory", 
    "fields": {
        "applied": "2014-02-06T15:00:41.950", 
        "app_name": "base", 
        "migration": "0024_auto__del_field_facture_following"
    }
},
{
    "pk": 25, 
    "model": "south.migrationhistory", 
    "fields": {
        "applied": "2014-02-06T15:00:42.089", 
        "app_name": "base", 
        "migration": "0025_auto__chg_field_facture_category_to_follow"
    }
},
{
    "pk": 26, 
    "model": "south.migrationhistory", 
    "fields": {
        "applied": "2014-02-06T15:00:42.173", 
        "app_name": "base", 
        "migration": "0026_auto__add_config"
    }
},
{
    "pk": 27, 
    "model": "south.migrationhistory", 
    "fields": {
        "applied": "2014-02-06T15:00:42.402", 
        "app_name": "base", 
        "migration": "0027_auto__del_statsjourcategorie__del_statsjourgeneral__del_statsjourprodu"
    }
},
{
    "pk": 28, 
    "model": "south.migrationhistory", 
    "fields": {
        "applied": "2014-02-06T15:00:42.504", 
        "app_name": "base", 
        "migration": "0028_auto__del_logtype__del_log"
    }
},
{
    "pk": 29, 
    "model": "south.migrationhistory", 
    "fields": {
        "applied": "2014-02-06T15:00:42.737", 
        "app_name": "base", 
        "migration": "0029_auto__add_field_produit_price_surcharged__add_field_produit_vat_surcha"
    }
},
{
    "pk": 30, 
    "model": "south.migrationhistory", 
    "fields": {
        "applied": "2014-02-06T15:00:42.962", 
        "app_name": "base", 
        "migration": "0030_auto__del_field_facture_overcharge__add_field_facture_surcharge"
    }
},
{
    "pk": 31, 
    "model": "south.migrationhistory", 
    "fields": {
        "applied": "2014-02-06T15:00:43.085", 
        "app_name": "base", 
        "migration": "0031_auto__del_field_produit_nom_facture"
    }
},
{
    "pk": 32, 
    "model": "south.migrationhistory", 
    "fields": {
        "applied": "2014-02-06T15:00:43.838", 
        "app_name": "base", 
        "migration": "0032_auto__del_accompagnement__add_dish__add_field_sauce_nom_facture__del_f"
    }
},
{
    "pk": 33, 
    "model": "south.migrationhistory", 
    "fields": {
        "applied": "2014-02-06T15:00:43.983", 
        "app_name": "base", 
        "migration": "0033_auto__add_note"
    }
},
{
    "pk": 34, 
    "model": "south.migrationhistory", 
    "fields": {
        "applied": "2014-02-06T15:00:44.499", 
        "app_name": "base", 
        "migration": "0034_auto__add_option__del_field_produit_choix_dish__del_field_produit_choi"
    }
},
{
    "pk": 35, 
    "model": "south.migrationhistory", 
    "fields": {
        "applied": "2014-02-06T15:00:44.663", 
        "app_name": "base", 
        "migration": "0035_auto__del_dish__del_sauce__del_field_option_nom__add_field_option_name"
    }
},
{
    "pk": 36, 
    "model": "south.migrationhistory", 
    "fields": {
        "applied": "2014-02-06T15:00:44.775", 
        "app_name": "base", 
        "migration": "0036_auto__add_field_follow_done"
    }
},
{
    "pk": 37, 
    "model": "south.migrationhistory", 
    "fields": {
        "applied": "2014-02-06T15:00:44.926", 
        "app_name": "base", 
        "migration": "0037_auto__add_field_facture_in_use_by"
    }
},
{
    "pk": 38, 
    "model": "south.migrationhistory", 
    "fields": {
        "applied": "2014-02-06T15:00:45.438", 
        "app_name": "django_extensions", 
        "migration": "0001_empty"
    }
},
{
    "pk": 1, 
    "model": "auth.user", 
    "fields": {
        "username": "demo", 
        "first_name": "first name", 
        "last_name": "last name", 
        "is_active": true, 
        "is_superuser": false, 
        "is_staff": false, 
        "last_login": "2014-02-06T15:10:34.743", 
        "groups": [], 
        "user_permissions": [
            58, 
            59, 
            60, 
            61, 
            62, 
            63, 
            64, 
            65, 
            66
        ], 
        "password": "pbkdf2_sha256$10000$YK8iWGxjdtbU$7k//+fODY3MZpbAqqlO3S67ROid4rND1rhPM+xO70sQ=", 
        "email": "demo@possum-software.org", 
        "date_joined": "2014-02-06T15:00:45.899"
    }
},
{
    "pk": 2, 
    "model": "auth.user", 
    "fields": {
        "username": "demo1", 
        "first_name": "un", 
        "last_name": "demo", 
        "is_active": true, 
        "is_superuser": false, 
        "is_staff": false, 
        "last_login": "2014-02-06T15:18:08.291", 
        "groups": [], 
        "user_permissions": [
            58, 
            59, 
            60
        ], 
        "password": "pbkdf2_sha256$10000$MfzhYbb81I1y$wcKF6rDtRAMtpUPtSQe0xhk9WMdWE9tn0OkHG62ZU9U=", 
        "email": "", 
        "date_joined": "2014-02-06T15:18:08.291"
    }
},
{
    "pk": 3, 
    "model": "auth.user", 
    "fields": {
        "username": "demo2", 
        "first_name": "deux", 
        "last_name": "demo", 
        "is_active": true, 
        "is_superuser": false, 
        "is_staff": false, 
        "last_login": "2014-02-06T15:18:18.596", 
        "groups": [], 
        "user_permissions": [
            60
        ], 
        "password": "pbkdf2_sha256$10000$SmBiN0IA9uc8$Y3Mb+GU7Km9TG1A/U04dldMwtcQRn87+gMHRXw4P1oI=", 
        "email": "", 
        "date_joined": "2014-02-06T15:18:18.596"
    }
},
{
    "pk": "kq21y270d39czrmxue4ac7uh1jhq7inj", 
    "model": "sessions.session", 
    "fields": {
        "expire_date": "2014-02-20T15:10:34.779", 
        "session_data": "ZmI4MmNjNGEyZTQwN2E1ODBlYjAwMTViMjI0N2ZmMWRlN2UyNGY4ZTqAAn1xAShVEl9hdXRoX3VzZXJfYmFja2VuZHECVSlkamFuZ28uY29udHJpYi5hdXRoLmJhY2tlbmRzLk1vZGVsQmFja2VuZHEDVQ1fYXV0aF91c2VyX2lkcQRLAXUu"
    }
},
{
    "pk": 1, 
    "model": "base.note", 
    "fields": {
        "message": "Note example 1"
    }
},
{
    "pk": 1, 
    "model": "base.vat", 
    "fields": {
        "tax": "20", 
        "name": "alcool", 
        "value": "0.2"
    }
},
{
    "pk": 2, 
    "model": "base.vat", 
    "fields": {
        "tax": "10", 
        "name": "sur place", 
        "value": "0.1"
    }
},
{
    "pk": 3, 
    "model": "base.vat", 
    "fields": {
        "tax": "7", 
        "name": "\u00e0 emporter", 
        "value": "0.07"
    }
},
{
    "pk": 1, 
    "model": "base.categorie", 
    "fields": {
        "nom": "Jus", 
        "disable_surtaxe": false, 
        "color": "#44b3dc", 
        "vat_takeaway": 3, 
        "priorite": 25, 
        "vat_onsite": 2, 
        "made_in_kitchen": false, 
        "surtaxable": false
    }
},
{
    "pk": 2, 
    "model": "base.categorie", 
    "fields": {
        "nom": "Bieres", 
        "disable_surtaxe": false, 
        "color": "#ea97b5", 
        "vat_takeaway": 1, 
        "priorite": 2, 
        "vat_onsite": 1, 
        "made_in_kitchen": false, 
        "surtaxable": false
    }
},
{
    "pk": 3, 
    "model": "base.categorie", 
    "fields": {
        "nom": "Entrees", 
        "disable_surtaxe": false, 
        "color": "#ff9f00", 
        "vat_takeaway": 3, 
        "priorite": 5, 
        "vat_onsite": 2, 
        "made_in_kitchen": true, 
        "surtaxable": false
    }
},
{
    "pk": 4, 
    "model": "base.categorie", 
    "fields": {
        "nom": "Plat", 
        "disable_surtaxe": false, 
        "color": "#c9a100", 
        "vat_takeaway": 3, 
        "priorite": 10, 
        "vat_onsite": 2, 
        "made_in_kitchen": true, 
        "surtaxable": false
    }
},
{
    "pk": 5, 
    "model": "base.categorie", 
    "fields": {
        "nom": "Menu", 
        "disable_surtaxe": false, 
        "color": "#88f027", 
        "vat_takeaway": 3, 
        "priorite": 22, 
        "vat_onsite": 2, 
        "made_in_kitchen": false, 
        "surtaxable": false
    }
},
{
    "pk": 1, 
    "model": "base.config", 
    "fields": {
        "value": "5", 
        "key": "payment_for_refunds"
    }
},
{
    "pk": 2, 
    "model": "base.config", 
    "fields": {
        "value": "5", 
        "key": "default_type_payment"
    }
},
{
    "pk": 3, 
    "model": "base.config", 
    "fields": {
        "value": "0.20", 
        "key": "price_surcharge"
    }
},
{
    "pk": 1, 
    "model": "base.cuisson", 
    "fields": {
        "nom_facture": "B", 
        "nom": "bleu", 
        "priorite": 10, 
        "color": "#8CC6D7"
    }
},
{
    "pk": 2, 
    "model": "base.cuisson", 
    "fields": {
        "nom_facture": "S", 
        "nom": "saignant", 
        "priorite": 15, 
        "color": "#DB0B32"
    }
},
{
    "pk": 3, 
    "model": "base.cuisson", 
    "fields": {
        "nom_facture": "AP", 
        "nom": "\u00e0 point", 
        "priorite": 20, 
        "color": "#C44C51"
    }
},
{
    "pk": 4, 
    "model": "base.cuisson", 
    "fields": {
        "nom_facture": "BC", 
        "nom": "bien cuit", 
        "priorite": 25, 
        "color": "#B78178"
    }
},
{
    "pk": 1, 
    "model": "base.option", 
    "fields": {
        "name": "A_Frites"
    }
},
{
    "pk": 2, 
    "model": "base.option", 
    "fields": {
        "name": "A_Salade"
    }
},
{
    "pk": 3, 
    "model": "base.option", 
    "fields": {
        "name": "A_Beans"
    }
},
{
    "pk": 4, 
    "model": "base.option", 
    "fields": {
        "name": "S_Poivre"
    }
},
{
    "pk": 5, 
    "model": "base.option", 
    "fields": {
        "name": "S_Bearnaise"
    }
},
{
    "pk": 1, 
    "model": "base.produit", 
    "fields": {
        "nom": "jus abricot", 
        "categories_ok": [], 
        "price_surcharged": "2.8", 
        "choix_cuisson": false, 
        "vat_takeaway": "0.18", 
        "vat_surcharged": "0.25", 
        "prix": "2.8", 
        "vat_onsite": "0.25", 
        "options_ok": [], 
        "produits_ok": [], 
        "categorie": 1, 
        "actif": true
    }
},
{
    "pk": 2, 
    "model": "base.produit", 
    "fields": {
        "nom": "jus pomme", 
        "categories_ok": [], 
        "price_surcharged": "2.8", 
        "choix_cuisson": false, 
        "vat_takeaway": "0.18", 
        "vat_surcharged": "0.25", 
        "prix": "2.8", 
        "vat_onsite": "0.25", 
        "options_ok": [], 
        "produits_ok": [], 
        "categorie": 1, 
        "actif": true
    }
},
{
    "pk": 3, 
    "model": "base.produit", 
    "fields": {
        "nom": "biere 50cl", 
        "categories_ok": [], 
        "price_surcharged": "2.8", 
        "choix_cuisson": false, 
        "vat_takeaway": "0.47", 
        "vat_surcharged": "0.47", 
        "prix": "2.8", 
        "vat_onsite": "0.47", 
        "options_ok": [], 
        "produits_ok": [], 
        "categorie": 2, 
        "actif": true
    }
},
{
    "pk": 4, 
    "model": "base.produit", 
    "fields": {
        "nom": "salade normande", 
        "categories_ok": [], 
        "price_surcharged": "3.4", 
        "choix_cuisson": false, 
        "vat_takeaway": "0.22", 
        "vat_surcharged": "0.31", 
        "prix": "3.4", 
        "vat_onsite": "0.31", 
        "options_ok": [], 
        "produits_ok": [
            8
        ], 
        "categorie": 3, 
        "actif": true
    }
},
{
    "pk": 5, 
    "model": "base.produit", 
    "fields": {
        "nom": "buffet", 
        "categories_ok": [], 
        "price_surcharged": "6.4", 
        "choix_cuisson": false, 
        "vat_takeaway": "0.42", 
        "vat_surcharged": "0.58", 
        "prix": "6.4", 
        "vat_onsite": "0.58", 
        "options_ok": [], 
        "produits_ok": [], 
        "categorie": 3, 
        "actif": true
    }
},
{
    "pk": 6, 
    "model": "base.produit", 
    "fields": {
        "nom": "entrecote", 
        "categories_ok": [], 
        "price_surcharged": "8.4", 
        "choix_cuisson": true, 
        "vat_takeaway": "0.55", 
        "vat_surcharged": "0.76", 
        "prix": "8.4", 
        "vat_onsite": "0.76", 
        "options_ok": [
            3, 
            1, 
            2, 
            5, 
            4
        ], 
        "produits_ok": [
            8
        ], 
        "categorie": 4, 
        "actif": true
    }
},
{
    "pk": 7, 
    "model": "base.produit", 
    "fields": {
        "nom": "pave de saumon", 
        "categories_ok": [], 
        "price_surcharged": "9.4", 
        "choix_cuisson": false, 
        "vat_takeaway": "0.61", 
        "vat_surcharged": "0.85", 
        "prix": "9.4", 
        "vat_onsite": "0.85", 
        "options_ok": [
            3, 
            1, 
            2
        ], 
        "produits_ok": [
            8
        ], 
        "categorie": 4, 
        "actif": true
    }
},
{
    "pk": 8, 
    "model": "base.produit", 
    "fields": {
        "nom": "Menu Entree/Plat", 
        "categories_ok": [
            3, 
            4
        ], 
        "price_surcharged": "13.4", 
        "choix_cuisson": false, 
        "vat_takeaway": "0.88", 
        "vat_surcharged": "1.22", 
        "prix": "13.4", 
        "vat_onsite": "1.22", 
        "options_ok": [], 
        "produits_ok": [
            4, 
            6, 
            7
        ], 
        "categorie": 5, 
        "actif": true
    }
},
{
    "pk": 1, 
    "model": "base.produitvendu", 
    "fields": {
        "produit": 4, 
        "contient": [], 
        "made_with": 3, 
        "notes": [], 
        "prix": "3.4", 
        "date": "2014-02-06T15:00:50.020", 
        "options": [], 
        "sent": false, 
        "cuisson": null
    }
},
{
    "pk": 2, 
    "model": "base.produitvendu", 
    "fields": {
        "produit": 4, 
        "contient": [], 
        "made_with": 3, 
        "notes": [], 
        "prix": "3.4", 
        "date": "2014-02-06T15:00:50.261", 
        "options": [], 
        "sent": false, 
        "cuisson": null
    }
},
{
    "pk": 3, 
    "model": "base.produitvendu", 
    "fields": {
        "produit": 4, 
        "contient": [], 
        "made_with": 3, 
        "notes": [], 
        "prix": "3.4", 
        "date": "2014-02-06T15:00:50.511", 
        "options": [], 
        "sent": false, 
        "cuisson": null
    }
},
{
    "pk": 4, 
    "model": "base.produitvendu", 
    "fields": {
        "produit": 5, 
        "contient": [], 
        "made_with": 3, 
        "notes": [], 
        "prix": "6.4", 
        "date": "2014-02-06T15:00:50.687", 
        "options": [], 
        "sent": false, 
        "cuisson": null
    }
},
{
    "pk": 5, 
    "model": "base.produitvendu", 
    "fields": {
        "produit": 5, 
        "contient": [], 
        "made_with": 3, 
        "notes": [], 
        "prix": "6.4", 
        "date": "2014-02-06T15:00:50.876", 
        "options": [], 
        "sent": false, 
        "cuisson": null
    }
},
{
    "pk": 6, 
    "model": "base.produitvendu", 
    "fields": {
        "produit": 5, 
        "contient": [], 
        "made_with": 3, 
        "notes": [], 
        "prix": "6.4", 
        "date": "2014-02-06T15:00:51.122", 
        "options": [], 
        "sent": false, 
        "cuisson": null
    }
},
{
    "pk": 7, 
    "model": "base.produitvendu", 
    "fields": {
        "produit": 6, 
        "contient": [], 
        "made_with": 4, 
        "notes": [], 
        "prix": "8.4", 
        "date": "2014-02-06T15:00:51.269", 
        "options": [], 
        "sent": false, 
        "cuisson": null
    }
},
{
    "pk": 8, 
    "model": "base.produitvendu", 
    "fields": {
        "produit": 6, 
        "contient": [], 
        "made_with": 4, 
        "notes": [], 
        "prix": "8.4", 
        "date": "2014-02-06T15:00:51.515", 
        "options": [], 
        "sent": false, 
        "cuisson": null
    }
},
{
    "pk": 9, 
    "model": "base.produitvendu", 
    "fields": {
        "produit": 6, 
        "contient": [], 
        "made_with": 4, 
        "notes": [], 
        "prix": "8.4", 
        "date": "2014-02-06T15:00:51.737", 
        "options": [], 
        "sent": false, 
        "cuisson": null
    }
},
{
    "pk": 10, 
    "model": "base.produitvendu", 
    "fields": {
        "produit": 7, 
        "contient": [], 
        "made_with": 4, 
        "notes": [], 
        "prix": "9.4", 
        "date": "2014-02-06T15:00:51.964", 
        "options": [], 
        "sent": false, 
        "cuisson": null
    }
},
{
    "pk": 11, 
    "model": "base.produitvendu", 
    "fields": {
        "produit": 7, 
        "contient": [], 
        "made_with": 4, 
        "notes": [], 
        "prix": "9.4", 
        "date": "2014-02-06T15:00:52.203", 
        "options": [], 
        "sent": false, 
        "cuisson": null
    }
},
{
    "pk": 12, 
    "model": "base.produitvendu", 
    "fields": {
        "produit": 7, 
        "contient": [], 
        "made_with": 4, 
        "notes": [], 
        "prix": "9.4", 
        "date": "2014-02-06T15:00:52.369", 
        "options": [], 
        "sent": false, 
        "cuisson": null
    }
},
{
    "pk": 13, 
    "model": "base.produitvendu", 
    "fields": {
        "produit": 3, 
        "contient": [], 
        "made_with": 2, 
        "notes": [], 
        "prix": "2.8", 
        "date": "2014-02-06T15:00:52.586", 
        "options": [], 
        "sent": false, 
        "cuisson": null
    }
},
{
    "pk": 14, 
    "model": "base.produitvendu", 
    "fields": {
        "produit": 3, 
        "contient": [], 
        "made_with": 2, 
        "notes": [], 
        "prix": "2.8", 
        "date": "2014-02-06T15:00:52.886", 
        "options": [], 
        "sent": false, 
        "cuisson": null
    }
},
{
    "pk": 15, 
    "model": "base.produitvendu", 
    "fields": {
        "produit": 3, 
        "contient": [], 
        "made_with": 2, 
        "notes": [], 
        "prix": "2.8", 
        "date": "2014-02-06T15:00:53.138", 
        "options": [], 
        "sent": false, 
        "cuisson": null
    }
},
{
    "pk": 16, 
    "model": "base.produitvendu", 
    "fields": {
        "produit": 8, 
        "contient": [
            17, 
            18
        ], 
        "made_with": null, 
        "notes": [], 
        "prix": "0", 
        "date": "2014-02-06T15:00:53.347", 
        "options": [], 
        "sent": false, 
        "cuisson": null
    }
},
{
    "pk": 17, 
    "model": "base.produitvendu", 
    "fields": {
        "produit": 4, 
        "contient": [
            16
        ], 
        "made_with": null, 
        "notes": [], 
        "prix": "0", 
        "date": "2014-02-06T15:00:53.368", 
        "options": [], 
        "sent": false, 
        "cuisson": null
    }
},
{
    "pk": 18, 
    "model": "base.produitvendu", 
    "fields": {
        "produit": 7, 
        "contient": [
            16
        ], 
        "made_with": null, 
        "notes": [], 
        "prix": "0", 
        "date": "2014-02-06T15:00:53.439", 
        "options": [], 
        "sent": false, 
        "cuisson": null
    }
},
{
    "pk": 19, 
    "model": "base.produitvendu", 
    "fields": {
        "produit": 4, 
        "contient": [], 
        "made_with": 3, 
        "notes": [], 
        "prix": "3.4", 
        "date": "2014-02-06T15:00:53.593", 
        "options": [], 
        "sent": true, 
        "cuisson": null
    }
},
{
    "pk": 20, 
    "model": "base.produitvendu", 
    "fields": {
        "produit": 4, 
        "contient": [], 
        "made_with": 3, 
        "notes": [], 
        "prix": "3.4", 
        "date": "2014-02-06T15:00:53.834", 
        "options": [], 
        "sent": true, 
        "cuisson": null
    }
},
{
    "pk": 21, 
    "model": "base.produitvendu", 
    "fields": {
        "produit": 4, 
        "contient": [], 
        "made_with": 3, 
        "notes": [], 
        "prix": "3.4", 
        "date": "2014-02-06T15:00:54.070", 
        "options": [], 
        "sent": true, 
        "cuisson": null
    }
},
{
    "pk": 22, 
    "model": "base.produitvendu", 
    "fields": {
        "produit": 5, 
        "contient": [], 
        "made_with": 3, 
        "notes": [], 
        "prix": "6.4", 
        "date": "2014-02-06T15:00:54.239", 
        "options": [], 
        "sent": true, 
        "cuisson": null
    }
},
{
    "pk": 23, 
    "model": "base.produitvendu", 
    "fields": {
        "produit": 5, 
        "contient": [], 
        "made_with": 3, 
        "notes": [], 
        "prix": "6.4", 
        "date": "2014-02-06T15:00:54.399", 
        "options": [], 
        "sent": true, 
        "cuisson": null
    }
},
{
    "pk": 24, 
    "model": "base.produitvendu", 
    "fields": {
        "produit": 5, 
        "contient": [], 
        "made_with": 3, 
        "notes": [], 
        "prix": "6.4", 
        "date": "2014-02-06T15:00:54.644", 
        "options": [], 
        "sent": true, 
        "cuisson": null
    }
},
{
    "pk": 25, 
    "model": "base.produitvendu", 
    "fields": {
        "produit": 6, 
        "contient": [], 
        "made_with": 4, 
        "notes": [], 
        "prix": "8.4", 
        "date": "2014-02-06T15:00:54.806", 
        "options": [], 
        "sent": false, 
        "cuisson": null
    }
},
{
    "pk": 26, 
    "model": "base.produitvendu", 
    "fields": {
        "produit": 6, 
        "contient": [], 
        "made_with": 4, 
        "notes": [], 
        "prix": "8.4", 
        "date": "2014-02-06T15:00:55.030", 
        "options": [], 
        "sent": false, 
        "cuisson": null
    }
},
{
    "pk": 27, 
    "model": "base.produitvendu", 
    "fields": {
        "produit": 6, 
        "contient": [], 
        "made_with": 4, 
        "notes": [], 
        "prix": "8.4", 
        "date": "2014-02-06T15:00:55.253", 
        "options": [], 
        "sent": false, 
        "cuisson": null
    }
},
{
    "pk": 28, 
    "model": "base.produitvendu", 
    "fields": {
        "produit": 7, 
        "contient": [], 
        "made_with": 4, 
        "notes": [], 
        "prix": "9.4", 
        "date": "2014-02-06T15:00:55.462", 
        "options": [], 
        "sent": false, 
        "cuisson": null
    }
},
{
    "pk": 29, 
    "model": "base.produitvendu", 
    "fields": {
        "produit": 7, 
        "contient": [], 
        "made_with": 4, 
        "notes": [], 
        "prix": "9.4", 
        "date": "2014-02-06T15:00:55.678", 
        "options": [], 
        "sent": false, 
        "cuisson": null
    }
},
{
    "pk": 30, 
    "model": "base.produitvendu", 
    "fields": {
        "produit": 7, 
        "contient": [], 
        "made_with": 4, 
        "notes": [], 
        "prix": "9.4", 
        "date": "2014-02-06T15:00:55.894", 
        "options": [], 
        "sent": false, 
        "cuisson": null
    }
},
{
    "pk": 31, 
    "model": "base.produitvendu", 
    "fields": {
        "produit": 3, 
        "contient": [], 
        "made_with": 2, 
        "notes": [], 
        "prix": "2.8", 
        "date": "2014-02-06T15:00:56.147", 
        "options": [], 
        "sent": false, 
        "cuisson": null
    }
},
{
    "pk": 32, 
    "model": "base.produitvendu", 
    "fields": {
        "produit": 3, 
        "contient": [], 
        "made_with": 2, 
        "notes": [], 
        "prix": "2.8", 
        "date": "2014-02-06T15:00:56.379", 
        "options": [], 
        "sent": false, 
        "cuisson": null
    }
},
{
    "pk": 33, 
    "model": "base.produitvendu", 
    "fields": {
        "produit": 3, 
        "contient": [], 
        "made_with": 2, 
        "notes": [], 
        "prix": "2.8", 
        "date": "2014-02-06T15:00:56.647", 
        "options": [], 
        "sent": false, 
        "cuisson": null
    }
},
{
    "pk": 34, 
    "model": "base.produitvendu", 
    "fields": {
        "produit": 8, 
        "contient": [
            35, 
            36
        ], 
        "made_with": null, 
        "notes": [], 
        "prix": "0", 
        "date": "2014-02-06T15:00:56.842", 
        "options": [], 
        "sent": false, 
        "cuisson": null
    }
},
{
    "pk": 35, 
    "model": "base.produitvendu", 
    "fields": {
        "produit": 4, 
        "contient": [
            34
        ], 
        "made_with": null, 
        "notes": [], 
        "prix": "0", 
        "date": "2014-02-06T15:00:56.855", 
        "options": [], 
        "sent": false, 
        "cuisson": null
    }
},
{
    "pk": 36, 
    "model": "base.produitvendu", 
    "fields": {
        "produit": 7, 
        "contient": [
            34
        ], 
        "made_with": null, 
        "notes": [], 
        "prix": "0", 
        "date": "2014-02-06T15:00:56.902", 
        "options": [], 
        "sent": false, 
        "cuisson": null
    }
},
{
    "pk": 37, 
    "model": "base.produitvendu", 
    "fields": {
        "produit": 4, 
        "contient": [], 
        "made_with": 3, 
        "notes": [], 
        "prix": "3.4", 
        "date": "2014-02-06T15:00:57.409", 
        "options": [], 
        "sent": false, 
        "cuisson": null
    }
},
{
    "pk": 38, 
    "model": "base.produitvendu", 
    "fields": {
        "produit": 4, 
        "contient": [], 
        "made_with": 3, 
        "notes": [], 
        "prix": "3.4", 
        "date": "2014-02-06T15:00:57.740", 
        "options": [], 
        "sent": false, 
        "cuisson": null
    }
},
{
    "pk": 39, 
    "model": "base.produitvendu", 
    "fields": {
        "produit": 4, 
        "contient": [], 
        "made_with": 3, 
        "notes": [], 
        "prix": "3.4", 
        "date": "2014-02-06T15:00:57.905", 
        "options": [], 
        "sent": false, 
        "cuisson": null
    }
},
{
    "pk": 40, 
    "model": "base.produitvendu", 
    "fields": {
        "produit": 5, 
        "contient": [], 
        "made_with": 3, 
        "notes": [], 
        "prix": "6.4", 
        "date": "2014-02-06T15:00:58.087", 
        "options": [], 
        "sent": false, 
        "cuisson": null
    }
},
{
    "pk": 41, 
    "model": "base.produitvendu", 
    "fields": {
        "produit": 5, 
        "contient": [], 
        "made_with": 3, 
        "notes": [], 
        "prix": "6.4", 
        "date": "2014-02-06T15:00:58.311", 
        "options": [], 
        "sent": false, 
        "cuisson": null
    }
},
{
    "pk": 42, 
    "model": "base.produitvendu", 
    "fields": {
        "produit": 5, 
        "contient": [], 
        "made_with": 3, 
        "notes": [], 
        "prix": "6.4", 
        "date": "2014-02-06T15:00:58.498", 
        "options": [], 
        "sent": false, 
        "cuisson": null
    }
},
{
    "pk": 43, 
    "model": "base.produitvendu", 
    "fields": {
        "produit": 6, 
        "contient": [], 
        "made_with": 4, 
        "notes": [], 
        "prix": "8.4", 
        "date": "2014-02-06T15:00:58.717", 
        "options": [], 
        "sent": false, 
        "cuisson": null
    }
},
{
    "pk": 44, 
    "model": "base.produitvendu", 
    "fields": {
        "produit": 6, 
        "contient": [], 
        "made_with": 4, 
        "notes": [], 
        "prix": "8.4", 
        "date": "2014-02-06T15:00:58.921", 
        "options": [], 
        "sent": false, 
        "cuisson": null
    }
},
{
    "pk": 45, 
    "model": "base.produitvendu", 
    "fields": {
        "produit": 6, 
        "contient": [], 
        "made_with": 4, 
        "notes": [], 
        "prix": "8.4", 
        "date": "2014-02-06T15:00:59.151", 
        "options": [], 
        "sent": false, 
        "cuisson": null
    }
},
{
    "pk": 46, 
    "model": "base.produitvendu", 
    "fields": {
        "produit": 7, 
        "contient": [], 
        "made_with": 4, 
        "notes": [], 
        "prix": "9.4", 
        "date": "2014-02-06T15:00:59.329", 
        "options": [], 
        "sent": false, 
        "cuisson": null
    }
},
{
    "pk": 47, 
    "model": "base.produitvendu", 
    "fields": {
        "produit": 7, 
        "contient": [], 
        "made_with": 4, 
        "notes": [], 
        "prix": "9.4", 
        "date": "2014-02-06T15:00:59.551", 
        "options": [], 
        "sent": false, 
        "cuisson": null
    }
},
{
    "pk": 48, 
    "model": "base.produitvendu", 
    "fields": {
        "produit": 7, 
        "contient": [], 
        "made_with": 4, 
        "notes": [], 
        "prix": "9.4", 
        "date": "2014-02-06T15:00:59.802", 
        "options": [], 
        "sent": false, 
        "cuisson": null
    }
},
{
    "pk": 49, 
    "model": "base.produitvendu", 
    "fields": {
        "produit": 3, 
        "contient": [], 
        "made_with": 2, 
        "notes": [], 
        "prix": "2.8", 
        "date": "2014-02-06T15:00:59.960", 
        "options": [], 
        "sent": false, 
        "cuisson": null
    }
},
{
    "pk": 50, 
    "model": "base.produitvendu", 
    "fields": {
        "produit": 3, 
        "contient": [], 
        "made_with": 2, 
        "notes": [], 
        "prix": "2.8", 
        "date": "2014-02-06T15:01:00.288", 
        "options": [], 
        "sent": false, 
        "cuisson": null
    }
},
{
    "pk": 51, 
    "model": "base.produitvendu", 
    "fields": {
        "produit": 3, 
        "contient": [], 
        "made_with": 2, 
        "notes": [], 
        "prix": "2.8", 
        "date": "2014-02-06T15:01:00.489", 
        "options": [], 
        "sent": false, 
        "cuisson": null
    }
},
{
    "pk": 52, 
    "model": "base.produitvendu", 
    "fields": {
        "produit": 8, 
        "contient": [
            53, 
            54
        ], 
        "made_with": null, 
        "notes": [], 
        "prix": "0", 
        "date": "2014-02-06T15:01:00.737", 
        "options": [], 
        "sent": false, 
        "cuisson": null
    }
},
{
    "pk": 53, 
    "model": "base.produitvendu", 
    "fields": {
        "produit": 4, 
        "contient": [
            52
        ], 
        "made_with": null, 
        "notes": [], 
        "prix": "0", 
        "date": "2014-02-06T15:01:00.766", 
        "options": [], 
        "sent": false, 
        "cuisson": null
    }
},
{
    "pk": 54, 
    "model": "base.produitvendu", 
    "fields": {
        "produit": 7, 
        "contient": [
            52
        ], 
        "made_with": null, 
        "notes": [], 
        "prix": "0", 
        "date": "2014-02-06T15:01:00.855", 
        "options": [], 
        "sent": false, 
        "cuisson": null
    }
},
{
    "pk": 55, 
    "model": "base.produitvendu", 
    "fields": {
        "produit": 4, 
        "contient": [], 
        "made_with": 3, 
        "notes": [], 
        "prix": "3.4", 
        "date": "2014-02-06T15:01:00.962", 
        "options": [], 
        "sent": true, 
        "cuisson": null
    }
},
{
    "pk": 56, 
    "model": "base.produitvendu", 
    "fields": {
        "produit": 4, 
        "contient": [], 
        "made_with": 3, 
        "notes": [], 
        "prix": "3.4", 
        "date": "2014-02-06T15:01:01.163", 
        "options": [], 
        "sent": true, 
        "cuisson": null
    }
},
{
    "pk": 57, 
    "model": "base.produitvendu", 
    "fields": {
        "produit": 4, 
        "contient": [], 
        "made_with": 3, 
        "notes": [], 
        "prix": "3.4", 
        "date": "2014-02-06T15:01:01.369", 
        "options": [], 
        "sent": true, 
        "cuisson": null
    }
},
{
    "pk": 58, 
    "model": "base.produitvendu", 
    "fields": {
        "produit": 5, 
        "contient": [], 
        "made_with": 3, 
        "notes": [], 
        "prix": "6.4", 
        "date": "2014-02-06T15:01:01.545", 
        "options": [], 
        "sent": true, 
        "cuisson": null
    }
},
{
    "pk": 59, 
    "model": "base.produitvendu", 
    "fields": {
        "produit": 5, 
        "contient": [], 
        "made_with": 3, 
        "notes": [], 
        "prix": "6.4", 
        "date": "2014-02-06T15:01:01.750", 
        "options": [], 
        "sent": true, 
        "cuisson": null
    }
},
{
    "pk": 60, 
    "model": "base.produitvendu", 
    "fields": {
        "produit": 5, 
        "contient": [], 
        "made_with": 3, 
        "notes": [], 
        "prix": "6.4", 
        "date": "2014-02-06T15:01:01.943", 
        "options": [], 
        "sent": true, 
        "cuisson": null
    }
},
{
    "pk": 61, 
    "model": "base.produitvendu", 
    "fields": {
        "produit": 6, 
        "contient": [], 
        "made_with": 4, 
        "notes": [], 
        "prix": "8.4", 
        "date": "2014-02-06T15:01:02.171", 
        "options": [], 
        "sent": false, 
        "cuisson": null
    }
},
{
    "pk": 62, 
    "model": "base.produitvendu", 
    "fields": {
        "produit": 6, 
        "contient": [], 
        "made_with": 4, 
        "notes": [], 
        "prix": "8.4", 
        "date": "2014-02-06T15:01:02.359", 
        "options": [], 
        "sent": false, 
        "cuisson": null
    }
},
{
    "pk": 63, 
    "model": "base.produitvendu", 
    "fields": {
        "produit": 6, 
        "contient": [], 
        "made_with": 4, 
        "notes": [], 
        "prix": "8.4", 
        "date": "2014-02-06T15:01:02.566", 
        "options": [], 
        "sent": false, 
        "cuisson": null
    }
},
{
    "pk": 64, 
    "model": "base.produitvendu", 
    "fields": {
        "produit": 7, 
        "contient": [], 
        "made_with": 4, 
        "notes": [], 
        "prix": "9.4", 
        "date": "2014-02-06T15:01:02.805", 
        "options": [], 
        "sent": false, 
        "cuisson": null
    }
},
{
    "pk": 65, 
    "model": "base.produitvendu", 
    "fields": {
        "produit": 7, 
        "contient": [], 
        "made_with": 4, 
        "notes": [], 
        "prix": "9.4", 
        "date": "2014-02-06T15:01:02.965", 
        "options": [], 
        "sent": false, 
        "cuisson": null
    }
},
{
    "pk": 66, 
    "model": "base.produitvendu", 
    "fields": {
        "produit": 7, 
        "contient": [], 
        "made_with": 4, 
        "notes": [], 
        "prix": "9.4", 
        "date": "2014-02-06T15:01:03.234", 
        "options": [], 
        "sent": false, 
        "cuisson": null
    }
},
{
    "pk": 67, 
    "model": "base.produitvendu", 
    "fields": {
        "produit": 3, 
        "contient": [], 
        "made_with": 2, 
        "notes": [], 
        "prix": "2.8", 
        "date": "2014-02-06T15:01:03.462", 
        "options": [], 
        "sent": false, 
        "cuisson": null
    }
},
{
    "pk": 68, 
    "model": "base.produitvendu", 
    "fields": {
        "produit": 3, 
        "contient": [], 
        "made_with": 2, 
        "notes": [], 
        "prix": "2.8", 
        "date": "2014-02-06T15:01:03.722", 
        "options": [], 
        "sent": false, 
        "cuisson": null
    }
},
{
    "pk": 69, 
    "model": "base.produitvendu", 
    "fields": {
        "produit": 3, 
        "contient": [], 
        "made_with": 2, 
        "notes": [], 
        "prix": "2.8", 
        "date": "2014-02-06T15:01:03.974", 
        "options": [], 
        "sent": false, 
        "cuisson": null
    }
},
{
    "pk": 70, 
    "model": "base.produitvendu", 
    "fields": {
        "produit": 8, 
        "contient": [
            71, 
            72
        ], 
        "made_with": null, 
        "notes": [], 
        "prix": "0", 
        "date": "2014-02-06T15:01:04.161", 
        "options": [], 
        "sent": false, 
        "cuisson": null
    }
},
{
    "pk": 71, 
    "model": "base.produitvendu", 
    "fields": {
        "produit": 4, 
        "contient": [
            70
        ], 
        "made_with": null, 
        "notes": [], 
        "prix": "0", 
        "date": "2014-02-06T15:01:04.182", 
        "options": [], 
        "sent": false, 
        "cuisson": null
    }
},
{
    "pk": 72, 
    "model": "base.produitvendu", 
    "fields": {
        "produit": 7, 
        "contient": [
            70
        ], 
        "made_with": null, 
        "notes": [], 
        "prix": "0", 
        "date": "2014-02-06T15:01:04.254", 
        "options": [], 
        "sent": false, 
        "cuisson": null
    }
},
{
    "pk": 73, 
    "model": "base.produitvendu", 
    "fields": {
        "produit": 4, 
        "contient": [], 
        "made_with": 3, 
        "notes": [], 
        "prix": "3.4", 
        "date": "2014-02-06T15:01:04.741", 
        "options": [], 
        "sent": false, 
        "cuisson": null
    }
},
{
    "pk": 74, 
    "model": "base.produitvendu", 
    "fields": {
        "produit": 4, 
        "contient": [], 
        "made_with": 3, 
        "notes": [], 
        "prix": "3.4", 
        "date": "2014-02-06T15:01:05.033", 
        "options": [], 
        "sent": false, 
        "cuisson": null
    }
},
{
    "pk": 75, 
    "model": "base.produitvendu", 
    "fields": {
        "produit": 4, 
        "contient": [], 
        "made_with": 3, 
        "notes": [], 
        "prix": "3.4", 
        "date": "2014-02-06T15:01:05.227", 
        "options": [], 
        "sent": false, 
        "cuisson": null
    }
},
{
    "pk": 76, 
    "model": "base.produitvendu", 
    "fields": {
        "produit": 5, 
        "contient": [], 
        "made_with": 3, 
        "notes": [], 
        "prix": "6.4", 
        "date": "2014-02-06T15:01:05.427", 
        "options": [], 
        "sent": false, 
        "cuisson": null
    }
},
{
    "pk": 77, 
    "model": "base.produitvendu", 
    "fields": {
        "produit": 5, 
        "contient": [], 
        "made_with": 3, 
        "notes": [], 
        "prix": "6.4", 
        "date": "2014-02-06T15:01:05.613", 
        "options": [], 
        "sent": false, 
        "cuisson": null
    }
},
{
    "pk": 78, 
    "model": "base.produitvendu", 
    "fields": {
        "produit": 5, 
        "contient": [], 
        "made_with": 3, 
        "notes": [], 
        "prix": "6.4", 
        "date": "2014-02-06T15:01:05.849", 
        "options": [], 
        "sent": false, 
        "cuisson": null
    }
},
{
    "pk": 79, 
    "model": "base.produitvendu", 
    "fields": {
        "produit": 6, 
        "contient": [], 
        "made_with": 4, 
        "notes": [], 
        "prix": "8.4", 
        "date": "2014-02-06T15:01:06.006", 
        "options": [], 
        "sent": false, 
        "cuisson": null
    }
},
{
    "pk": 80, 
    "model": "base.produitvendu", 
    "fields": {
        "produit": 6, 
        "contient": [], 
        "made_with": 4, 
        "notes": [], 
        "prix": "8.4", 
        "date": "2014-02-06T15:01:06.217", 
        "options": [], 
        "sent": false, 
        "cuisson": null
    }
},
{
    "pk": 81, 
    "model": "base.produitvendu", 
    "fields": {
        "produit": 6, 
        "contient": [], 
        "made_with": 4, 
        "notes": [], 
        "prix": "8.4", 
        "date": "2014-02-06T15:01:06.460", 
        "options": [], 
        "sent": false, 
        "cuisson": null
    }
},
{
    "pk": 82, 
    "model": "base.produitvendu", 
    "fields": {
        "produit": 7, 
        "contient": [], 
        "made_with": 4, 
        "notes": [], 
        "prix": "9.4", 
        "date": "2014-02-06T15:01:06.613", 
        "options": [], 
        "sent": false, 
        "cuisson": null
    }
},
{
    "pk": 83, 
    "model": "base.produitvendu", 
    "fields": {
        "produit": 7, 
        "contient": [], 
        "made_with": 4, 
        "notes": [], 
        "prix": "9.4", 
        "date": "2014-02-06T15:01:06.872", 
        "options": [], 
        "sent": false, 
        "cuisson": null
    }
},
{
    "pk": 84, 
    "model": "base.produitvendu", 
    "fields": {
        "produit": 7, 
        "contient": [], 
        "made_with": 4, 
        "notes": [], 
        "prix": "9.4", 
        "date": "2014-02-06T15:01:07.106", 
        "options": [], 
        "sent": false, 
        "cuisson": null
    }
},
{
    "pk": 85, 
    "model": "base.produitvendu", 
    "fields": {
        "produit": 3, 
        "contient": [], 
        "made_with": 2, 
        "notes": [], 
        "prix": "2.8", 
        "date": "2014-02-06T15:01:07.270", 
        "options": [], 
        "sent": false, 
        "cuisson": null
    }
},
{
    "pk": 86, 
    "model": "base.produitvendu", 
    "fields": {
        "produit": 3, 
        "contient": [], 
        "made_with": 2, 
        "notes": [], 
        "prix": "2.8", 
        "date": "2014-02-06T15:01:07.603", 
        "options": [], 
        "sent": false, 
        "cuisson": null
    }
},
{
    "pk": 87, 
    "model": "base.produitvendu", 
    "fields": {
        "produit": 3, 
        "contient": [], 
        "made_with": 2, 
        "notes": [], 
        "prix": "2.8", 
        "date": "2014-02-06T15:01:07.795", 
        "options": [], 
        "sent": false, 
        "cuisson": null
    }
},
{
    "pk": 88, 
    "model": "base.produitvendu", 
    "fields": {
        "produit": 8, 
        "contient": [
            89, 
            90
        ], 
        "made_with": null, 
        "notes": [], 
        "prix": "0", 
        "date": "2014-02-06T15:01:08.032", 
        "options": [], 
        "sent": false, 
        "cuisson": null
    }
},
{
    "pk": 89, 
    "model": "base.produitvendu", 
    "fields": {
        "produit": 4, 
        "contient": [
            88
        ], 
        "made_with": null, 
        "notes": [], 
        "prix": "0", 
        "date": "2014-02-06T15:01:08.060", 
        "options": [], 
        "sent": false, 
        "cuisson": null
    }
},
{
    "pk": 90, 
    "model": "base.produitvendu", 
    "fields": {
        "produit": 7, 
        "contient": [
            88
        ], 
        "made_with": null, 
        "notes": [], 
        "prix": "0", 
        "date": "2014-02-06T15:01:08.142", 
        "options": [], 
        "sent": false, 
        "cuisson": null
    }
},
{
    "pk": 91, 
    "model": "base.produitvendu", 
    "fields": {
        "produit": 4, 
        "contient": [], 
        "made_with": 3, 
        "notes": [], 
        "prix": "3.4", 
        "date": "2014-02-06T15:01:08.251", 
        "options": [], 
        "sent": true, 
        "cuisson": null
    }
},
{
    "pk": 92, 
    "model": "base.produitvendu", 
    "fields": {
        "produit": 4, 
        "contient": [], 
        "made_with": 3, 
        "notes": [], 
        "prix": "3.4", 
        "date": "2014-02-06T15:01:08.533", 
        "options": [], 
        "sent": true, 
        "cuisson": null
    }
},
{
    "pk": 93, 
    "model": "base.produitvendu", 
    "fields": {
        "produit": 4, 
        "contient": [], 
        "made_with": 3, 
        "notes": [], 
        "prix": "3.4", 
        "date": "2014-02-06T15:01:08.731", 
        "options": [], 
        "sent": true, 
        "cuisson": null
    }
},
{
    "pk": 94, 
    "model": "base.produitvendu", 
    "fields": {
        "produit": 5, 
        "contient": [], 
        "made_with": 3, 
        "notes": [], 
        "prix": "6.4", 
        "date": "2014-02-06T15:01:08.934", 
        "options": [], 
        "sent": true, 
        "cuisson": null
    }
},
{
    "pk": 95, 
    "model": "base.produitvendu", 
    "fields": {
        "produit": 5, 
        "contient": [], 
        "made_with": 3, 
        "notes": [], 
        "prix": "6.4", 
        "date": "2014-02-06T15:01:09.093", 
        "options": [], 
        "sent": true, 
        "cuisson": null
    }
},
{
    "pk": 96, 
    "model": "base.produitvendu", 
    "fields": {
        "produit": 5, 
        "contient": [], 
        "made_with": 3, 
        "notes": [], 
        "prix": "6.4", 
        "date": "2014-02-06T15:01:09.295", 
        "options": [], 
        "sent": true, 
        "cuisson": null
    }
},
{
    "pk": 97, 
    "model": "base.produitvendu", 
    "fields": {
        "produit": 6, 
        "contient": [], 
        "made_with": 4, 
        "notes": [], 
        "prix": "8.4", 
        "date": "2014-02-06T15:01:09.518", 
        "options": [], 
        "sent": false, 
        "cuisson": null
    }
},
{
    "pk": 98, 
    "model": "base.produitvendu", 
    "fields": {
        "produit": 6, 
        "contient": [], 
        "made_with": 4, 
        "notes": [], 
        "prix": "8.4", 
        "date": "2014-02-06T15:01:09.670", 
        "options": [], 
        "sent": false, 
        "cuisson": null
    }
},
{
    "pk": 99, 
    "model": "base.produitvendu", 
    "fields": {
        "produit": 6, 
        "contient": [], 
        "made_with": 4, 
        "notes": [], 
        "prix": "8.4", 
        "date": "2014-02-06T15:01:09.925", 
        "options": [], 
        "sent": false, 
        "cuisson": null
    }
},
{
    "pk": 100, 
    "model": "base.produitvendu", 
    "fields": {
        "produit": 7, 
        "contient": [], 
        "made_with": 4, 
        "notes": [], 
        "prix": "9.4", 
        "date": "2014-02-06T15:01:10.137", 
        "options": [], 
        "sent": false, 
        "cuisson": null
    }
},
{
    "pk": 101, 
    "model": "base.produitvendu", 
    "fields": {
        "produit": 7, 
        "contient": [], 
        "made_with": 4, 
        "notes": [], 
        "prix": "9.4", 
        "date": "2014-02-06T15:01:10.300", 
        "options": [], 
        "sent": false, 
        "cuisson": null
    }
},
{
    "pk": 102, 
    "model": "base.produitvendu", 
    "fields": {
        "produit": 7, 
        "contient": [], 
        "made_with": 4, 
        "notes": [], 
        "prix": "9.4", 
        "date": "2014-02-06T15:01:10.576", 
        "options": [], 
        "sent": false, 
        "cuisson": null
    }
},
{
    "pk": 103, 
    "model": "base.produitvendu", 
    "fields": {
        "produit": 3, 
        "contient": [], 
        "made_with": 2, 
        "notes": [], 
        "prix": "2.8", 
        "date": "2014-02-06T15:01:10.782", 
        "options": [], 
        "sent": false, 
        "cuisson": null
    }
},
{
    "pk": 104, 
    "model": "base.produitvendu", 
    "fields": {
        "produit": 3, 
        "contient": [], 
        "made_with": 2, 
        "notes": [], 
        "prix": "2.8", 
        "date": "2014-02-06T15:01:11.059", 
        "options": [], 
        "sent": false, 
        "cuisson": null
    }
},
{
    "pk": 105, 
    "model": "base.produitvendu", 
    "fields": {
        "produit": 3, 
        "contient": [], 
        "made_with": 2, 
        "notes": [], 
        "prix": "2.8", 
        "date": "2014-02-06T15:01:11.304", 
        "options": [], 
        "sent": false, 
        "cuisson": null
    }
},
{
    "pk": 106, 
    "model": "base.produitvendu", 
    "fields": {
        "produit": 8, 
        "contient": [
            107, 
            108
        ], 
        "made_with": null, 
        "notes": [], 
        "prix": "0", 
        "date": "2014-02-06T15:01:11.502", 
        "options": [], 
        "sent": false, 
        "cuisson": null
    }
},
{
    "pk": 107, 
    "model": "base.produitvendu", 
    "fields": {
        "produit": 4, 
        "contient": [
            106
        ], 
        "made_with": null, 
        "notes": [], 
        "prix": "0", 
        "date": "2014-02-06T15:01:11.523", 
        "options": [], 
        "sent": false, 
        "cuisson": null
    }
},
{
    "pk": 108, 
    "model": "base.produitvendu", 
    "fields": {
        "produit": 7, 
        "contient": [
            106
        ], 
        "made_with": null, 
        "notes": [], 
        "prix": "0", 
        "date": "2014-02-06T15:01:11.589", 
        "options": [], 
        "sent": false, 
        "cuisson": null
    }
},
{
    "pk": 109, 
    "model": "base.produitvendu", 
    "fields": {
        "produit": 4, 
        "contient": [], 
        "made_with": 3, 
        "notes": [], 
        "prix": "3.4", 
        "date": "2014-02-06T15:01:12.051", 
        "options": [], 
        "sent": false, 
        "cuisson": null
    }
},
{
    "pk": 110, 
    "model": "base.produitvendu", 
    "fields": {
        "produit": 4, 
        "contient": [], 
        "made_with": 3, 
        "notes": [], 
        "prix": "3.4", 
        "date": "2014-02-06T15:01:12.256", 
        "options": [], 
        "sent": false, 
        "cuisson": null
    }
},
{
    "pk": 111, 
    "model": "base.produitvendu", 
    "fields": {
        "produit": 4, 
        "contient": [], 
        "made_with": 3, 
        "notes": [], 
        "prix": "3.4", 
        "date": "2014-02-06T15:01:12.458", 
        "options": [], 
        "sent": false, 
        "cuisson": null
    }
},
{
    "pk": 112, 
    "model": "base.produitvendu", 
    "fields": {
        "produit": 5, 
        "contient": [], 
        "made_with": 3, 
        "notes": [], 
        "prix": "6.4", 
        "date": "2014-02-06T15:01:12.656", 
        "options": [], 
        "sent": false, 
        "cuisson": null
    }
},
{
    "pk": 113, 
    "model": "base.produitvendu", 
    "fields": {
        "produit": 5, 
        "contient": [], 
        "made_with": 3, 
        "notes": [], 
        "prix": "6.4", 
        "date": "2014-02-06T15:01:12.823", 
        "options": [], 
        "sent": false, 
        "cuisson": null
    }
},
{
    "pk": 114, 
    "model": "base.produitvendu", 
    "fields": {
        "produit": 5, 
        "contient": [], 
        "made_with": 3, 
        "notes": [], 
        "prix": "6.4", 
        "date": "2014-02-06T15:01:13.071", 
        "options": [], 
        "sent": false, 
        "cuisson": null
    }
},
{
    "pk": 115, 
    "model": "base.produitvendu", 
    "fields": {
        "produit": 6, 
        "contient": [], 
        "made_with": 4, 
        "notes": [], 
        "prix": "8.4", 
        "date": "2014-02-06T15:01:13.227", 
        "options": [], 
        "sent": false, 
        "cuisson": null
    }
},
{
    "pk": 116, 
    "model": "base.produitvendu", 
    "fields": {
        "produit": 6, 
        "contient": [], 
        "made_with": 4, 
        "notes": [], 
        "prix": "8.4", 
        "date": "2014-02-06T15:01:13.420", 
        "options": [], 
        "sent": false, 
        "cuisson": null
    }
},
{
    "pk": 117, 
    "model": "base.produitvendu", 
    "fields": {
        "produit": 6, 
        "contient": [], 
        "made_with": 4, 
        "notes": [], 
        "prix": "8.4", 
        "date": "2014-02-06T15:01:13.671", 
        "options": [], 
        "sent": false, 
        "cuisson": null
    }
},
{
    "pk": 118, 
    "model": "base.produitvendu", 
    "fields": {
        "produit": 7, 
        "contient": [], 
        "made_with": 4, 
        "notes": [], 
        "prix": "9.4", 
        "date": "2014-02-06T15:01:13.823", 
        "options": [], 
        "sent": false, 
        "cuisson": null
    }
},
{
    "pk": 119, 
    "model": "base.produitvendu", 
    "fields": {
        "produit": 7, 
        "contient": [], 
        "made_with": 4, 
        "notes": [], 
        "prix": "9.4", 
        "date": "2014-02-06T15:01:14.069", 
        "options": [], 
        "sent": false, 
        "cuisson": null
    }
},
{
    "pk": 120, 
    "model": "base.produitvendu", 
    "fields": {
        "produit": 7, 
        "contient": [], 
        "made_with": 4, 
        "notes": [], 
        "prix": "9.4", 
        "date": "2014-02-06T15:01:14.291", 
        "options": [], 
        "sent": false, 
        "cuisson": null
    }
},
{
    "pk": 121, 
    "model": "base.produitvendu", 
    "fields": {
        "produit": 3, 
        "contient": [], 
        "made_with": 2, 
        "notes": [], 
        "prix": "2.8", 
        "date": "2014-02-06T15:01:14.476", 
        "options": [], 
        "sent": false, 
        "cuisson": null
    }
},
{
    "pk": 122, 
    "model": "base.produitvendu", 
    "fields": {
        "produit": 3, 
        "contient": [], 
        "made_with": 2, 
        "notes": [], 
        "prix": "2.8", 
        "date": "2014-02-06T15:01:14.775", 
        "options": [], 
        "sent": false, 
        "cuisson": null
    }
},
{
    "pk": 123, 
    "model": "base.produitvendu", 
    "fields": {
        "produit": 3, 
        "contient": [], 
        "made_with": 2, 
        "notes": [], 
        "prix": "2.8", 
        "date": "2014-02-06T15:01:14.995", 
        "options": [], 
        "sent": false, 
        "cuisson": null
    }
},
{
    "pk": 124, 
    "model": "base.produitvendu", 
    "fields": {
        "produit": 8, 
        "contient": [
            125, 
            126
        ], 
        "made_with": null, 
        "notes": [], 
        "prix": "0", 
        "date": "2014-02-06T15:01:15.221", 
        "options": [], 
        "sent": false, 
        "cuisson": null
    }
},
{
    "pk": 125, 
    "model": "base.produitvendu", 
    "fields": {
        "produit": 4, 
        "contient": [
            124
        ], 
        "made_with": null, 
        "notes": [], 
        "prix": "0", 
        "date": "2014-02-06T15:01:15.236", 
        "options": [], 
        "sent": false, 
        "cuisson": null
    }
},
{
    "pk": 126, 
    "model": "base.produitvendu", 
    "fields": {
        "produit": 7, 
        "contient": [
            124
        ], 
        "made_with": null, 
        "notes": [], 
        "prix": "0", 
        "date": "2014-02-06T15:01:15.291", 
        "options": [], 
        "sent": false, 
        "cuisson": null
    }
},
{
    "pk": 127, 
    "model": "base.produitvendu", 
    "fields": {
        "produit": 4, 
        "contient": [], 
        "made_with": 3, 
        "notes": [], 
        "prix": "3.4", 
        "date": "2014-02-06T15:01:15.397", 
        "options": [], 
        "sent": true, 
        "cuisson": null
    }
},
{
    "pk": 128, 
    "model": "base.produitvendu", 
    "fields": {
        "produit": 4, 
        "contient": [], 
        "made_with": 3, 
        "notes": [], 
        "prix": "3.4", 
        "date": "2014-02-06T15:01:15.674", 
        "options": [], 
        "sent": true, 
        "cuisson": null
    }
},
{
    "pk": 129, 
    "model": "base.produitvendu", 
    "fields": {
        "produit": 4, 
        "contient": [], 
        "made_with": 3, 
        "notes": [], 
        "prix": "3.4", 
        "date": "2014-02-06T15:01:15.831", 
        "options": [], 
        "sent": true, 
        "cuisson": null
    }
},
{
    "pk": 130, 
    "model": "base.produitvendu", 
    "fields": {
        "produit": 5, 
        "contient": [], 
        "made_with": 3, 
        "notes": [], 
        "prix": "6.4", 
        "date": "2014-02-06T15:01:16.067", 
        "options": [], 
        "sent": true, 
        "cuisson": null
    }
},
{
    "pk": 131, 
    "model": "base.produitvendu", 
    "fields": {
        "produit": 5, 
        "contient": [], 
        "made_with": 3, 
        "notes": [], 
        "prix": "6.4", 
        "date": "2014-02-06T15:01:16.271", 
        "options": [], 
        "sent": true, 
        "cuisson": null
    }
},
{
    "pk": 132, 
    "model": "base.produitvendu", 
    "fields": {
        "produit": 5, 
        "contient": [], 
        "made_with": 3, 
        "notes": [], 
        "prix": "6.4", 
        "date": "2014-02-06T15:01:17.121", 
        "options": [], 
        "sent": true, 
        "cuisson": null
    }
},
{
    "pk": 133, 
    "model": "base.produitvendu", 
    "fields": {
        "produit": 6, 
        "contient": [], 
        "made_with": 4, 
        "notes": [], 
        "prix": "8.4", 
        "date": "2014-02-06T15:01:17.270", 
        "options": [], 
        "sent": false, 
        "cuisson": null
    }
},
{
    "pk": 134, 
    "model": "base.produitvendu", 
    "fields": {
        "produit": 6, 
        "contient": [], 
        "made_with": 4, 
        "notes": [], 
        "prix": "8.4", 
        "date": "2014-02-06T15:01:17.425", 
        "options": [], 
        "sent": false, 
        "cuisson": null
    }
},
{
    "pk": 135, 
    "model": "base.produitvendu", 
    "fields": {
        "produit": 6, 
        "contient": [], 
        "made_with": 4, 
        "notes": [], 
        "prix": "8.4", 
        "date": "2014-02-06T15:01:17.685", 
        "options": [], 
        "sent": false, 
        "cuisson": null
    }
},
{
    "pk": 136, 
    "model": "base.produitvendu", 
    "fields": {
        "produit": 7, 
        "contient": [], 
        "made_with": 4, 
        "notes": [], 
        "prix": "9.4", 
        "date": "2014-02-06T15:01:17.864", 
        "options": [], 
        "sent": false, 
        "cuisson": null
    }
},
{
    "pk": 137, 
    "model": "base.produitvendu", 
    "fields": {
        "produit": 7, 
        "contient": [], 
        "made_with": 4, 
        "notes": [], 
        "prix": "9.4", 
        "date": "2014-02-06T15:01:18.064", 
        "options": [], 
        "sent": false, 
        "cuisson": null
    }
},
{
    "pk": 138, 
    "model": "base.produitvendu", 
    "fields": {
        "produit": 7, 
        "contient": [], 
        "made_with": 4, 
        "notes": [], 
        "prix": "9.4", 
        "date": "2014-02-06T15:01:18.333", 
        "options": [], 
        "sent": false, 
        "cuisson": null
    }
},
{
    "pk": 139, 
    "model": "base.produitvendu", 
    "fields": {
        "produit": 3, 
        "contient": [], 
        "made_with": 2, 
        "notes": [], 
        "prix": "2.8", 
        "date": "2014-02-06T15:01:18.518", 
        "options": [], 
        "sent": false, 
        "cuisson": null
    }
},
{
    "pk": 140, 
    "model": "base.produitvendu", 
    "fields": {
        "produit": 3, 
        "contient": [], 
        "made_with": 2, 
        "notes": [], 
        "prix": "2.8", 
        "date": "2014-02-06T15:01:18.828", 
        "options": [], 
        "sent": false, 
        "cuisson": null
    }
},
{
    "pk": 141, 
    "model": "base.produitvendu", 
    "fields": {
        "produit": 3, 
        "contient": [], 
        "made_with": 2, 
        "notes": [], 
        "prix": "2.8", 
        "date": "2014-02-06T15:01:19.046", 
        "options": [], 
        "sent": false, 
        "cuisson": null
    }
},
{
    "pk": 142, 
    "model": "base.produitvendu", 
    "fields": {
        "produit": 8, 
        "contient": [
            143, 
            144
        ], 
        "made_with": null, 
        "notes": [], 
        "prix": "0", 
        "date": "2014-02-06T15:01:19.273", 
        "options": [], 
        "sent": false, 
        "cuisson": null
    }
},
{
    "pk": 143, 
    "model": "base.produitvendu", 
    "fields": {
        "produit": 4, 
        "contient": [
            142
        ], 
        "made_with": null, 
        "notes": [], 
        "prix": "0", 
        "date": "2014-02-06T15:01:19.293", 
        "options": [], 
        "sent": false, 
        "cuisson": null
    }
},
{
    "pk": 144, 
    "model": "base.produitvendu", 
    "fields": {
        "produit": 7, 
        "contient": [
            142
        ], 
        "made_with": null, 
        "notes": [], 
        "prix": "0", 
        "date": "2014-02-06T15:01:19.368", 
        "options": [], 
        "sent": false, 
        "cuisson": null
    }
},
{
    "pk": 145, 
    "model": "base.produitvendu", 
    "fields": {
        "produit": 4, 
        "contient": [], 
        "made_with": 3, 
        "notes": [], 
        "prix": "3.4", 
        "date": "2014-02-06T15:01:19.849", 
        "options": [], 
        "sent": false, 
        "cuisson": null
    }
},
{
    "pk": 146, 
    "model": "base.produitvendu", 
    "fields": {
        "produit": 4, 
        "contient": [], 
        "made_with": 3, 
        "notes": [], 
        "prix": "3.4", 
        "date": "2014-02-06T15:01:20.064", 
        "options": [], 
        "sent": false, 
        "cuisson": null
    }
},
{
    "pk": 147, 
    "model": "base.produitvendu", 
    "fields": {
        "produit": 4, 
        "contient": [], 
        "made_with": 3, 
        "notes": [], 
        "prix": "3.4", 
        "date": "2014-02-06T15:01:20.273", 
        "options": [], 
        "sent": false, 
        "cuisson": null
    }
},
{
    "pk": 148, 
    "model": "base.produitvendu", 
    "fields": {
        "produit": 5, 
        "contient": [], 
        "made_with": 3, 
        "notes": [], 
        "prix": "6.4", 
        "date": "2014-02-06T15:01:20.447", 
        "options": [], 
        "sent": false, 
        "cuisson": null
    }
},
{
    "pk": 149, 
    "model": "base.produitvendu", 
    "fields": {
        "produit": 5, 
        "contient": [], 
        "made_with": 3, 
        "notes": [], 
        "prix": "6.4", 
        "date": "2014-02-06T15:01:20.627", 
        "options": [], 
        "sent": false, 
        "cuisson": null
    }
},
{
    "pk": 150, 
    "model": "base.produitvendu", 
    "fields": {
        "produit": 5, 
        "contient": [], 
        "made_with": 3, 
        "notes": [], 
        "prix": "6.4", 
        "date": "2014-02-06T15:01:20.888", 
        "options": [], 
        "sent": false, 
        "cuisson": null
    }
},
{
    "pk": 151, 
    "model": "base.produitvendu", 
    "fields": {
        "produit": 6, 
        "contient": [], 
        "made_with": 4, 
        "notes": [], 
        "prix": "8.4", 
        "date": "2014-02-06T15:01:21.051", 
        "options": [], 
        "sent": false, 
        "cuisson": null
    }
},
{
    "pk": 152, 
    "model": "base.produitvendu", 
    "fields": {
        "produit": 6, 
        "contient": [], 
        "made_with": 4, 
        "notes": [], 
        "prix": "8.4", 
        "date": "2014-02-06T15:01:21.278", 
        "options": [], 
        "sent": false, 
        "cuisson": null
    }
},
{
    "pk": 153, 
    "model": "base.produitvendu", 
    "fields": {
        "produit": 6, 
        "contient": [], 
        "made_with": 4, 
        "notes": [], 
        "prix": "8.4", 
        "date": "2014-02-06T15:01:21.506", 
        "options": [], 
        "sent": false, 
        "cuisson": null
    }
},
{
    "pk": 154, 
    "model": "base.produitvendu", 
    "fields": {
        "produit": 7, 
        "contient": [], 
        "made_with": 4, 
        "notes": [], 
        "prix": "9.4", 
        "date": "2014-02-06T15:01:21.677", 
        "options": [], 
        "sent": false, 
        "cuisson": null
    }
},
{
    "pk": 155, 
    "model": "base.produitvendu", 
    "fields": {
        "produit": 7, 
        "contient": [], 
        "made_with": 4, 
        "notes": [], 
        "prix": "9.4", 
        "date": "2014-02-06T15:01:21.943", 
        "options": [], 
        "sent": false, 
        "cuisson": null
    }
},
{
    "pk": 156, 
    "model": "base.produitvendu", 
    "fields": {
        "produit": 7, 
        "contient": [], 
        "made_with": 4, 
        "notes": [], 
        "prix": "9.4", 
        "date": "2014-02-06T15:01:22.150", 
        "options": [], 
        "sent": false, 
        "cuisson": null
    }
},
{
    "pk": 157, 
    "model": "base.produitvendu", 
    "fields": {
        "produit": 3, 
        "contient": [], 
        "made_with": 2, 
        "notes": [], 
        "prix": "2.8", 
        "date": "2014-02-06T15:01:22.353", 
        "options": [], 
        "sent": false, 
        "cuisson": null
    }
},
{
    "pk": 158, 
    "model": "base.produitvendu", 
    "fields": {
        "produit": 3, 
        "contient": [], 
        "made_with": 2, 
        "notes": [], 
        "prix": "2.8", 
        "date": "2014-02-06T15:01:22.668", 
        "options": [], 
        "sent": false, 
        "cuisson": null
    }
},
{
    "pk": 159, 
    "model": "base.produitvendu", 
    "fields": {
        "produit": 3, 
        "contient": [], 
        "made_with": 2, 
        "notes": [], 
        "prix": "2.8", 
        "date": "2014-02-06T15:01:22.895", 
        "options": [], 
        "sent": false, 
        "cuisson": null
    }
},
{
    "pk": 160, 
    "model": "base.produitvendu", 
    "fields": {
        "produit": 8, 
        "contient": [
            161, 
            162
        ], 
        "made_with": null, 
        "notes": [], 
        "prix": "0", 
        "date": "2014-02-06T15:01:23.136", 
        "options": [], 
        "sent": false, 
        "cuisson": null
    }
},
{
    "pk": 161, 
    "model": "base.produitvendu", 
    "fields": {
        "produit": 4, 
        "contient": [
            160
        ], 
        "made_with": null, 
        "notes": [], 
        "prix": "0", 
        "date": "2014-02-06T15:01:23.157", 
        "options": [], 
        "sent": false, 
        "cuisson": null
    }
},
{
    "pk": 162, 
    "model": "base.produitvendu", 
    "fields": {
        "produit": 7, 
        "contient": [
            160
        ], 
        "made_with": null, 
        "notes": [], 
        "prix": "0", 
        "date": "2014-02-06T15:01:23.228", 
        "options": [], 
        "sent": false, 
        "cuisson": null
    }
},
{
    "pk": 163, 
    "model": "base.produitvendu", 
    "fields": {
        "produit": 4, 
        "contient": [], 
        "made_with": 3, 
        "notes": [], 
        "prix": "3.4", 
        "date": "2014-02-06T15:01:23.338", 
        "options": [], 
        "sent": true, 
        "cuisson": null
    }
},
{
    "pk": 164, 
    "model": "base.produitvendu", 
    "fields": {
        "produit": 4, 
        "contient": [], 
        "made_with": 3, 
        "notes": [], 
        "prix": "3.4", 
        "date": "2014-02-06T15:01:23.624", 
        "options": [], 
        "sent": true, 
        "cuisson": null
    }
},
{
    "pk": 165, 
    "model": "base.produitvendu", 
    "fields": {
        "produit": 4, 
        "contient": [], 
        "made_with": 3, 
        "notes": [], 
        "prix": "3.4", 
        "date": "2014-02-06T15:01:23.825", 
        "options": [], 
        "sent": true, 
        "cuisson": null
    }
},
{
    "pk": 166, 
    "model": "base.produitvendu", 
    "fields": {
        "produit": 5, 
        "contient": [], 
        "made_with": 3, 
        "notes": [], 
        "prix": "6.4", 
        "date": "2014-02-06T15:01:24.043", 
        "options": [], 
        "sent": true, 
        "cuisson": null
    }
},
{
    "pk": 167, 
    "model": "base.produitvendu", 
    "fields": {
        "produit": 5, 
        "contient": [], 
        "made_with": 3, 
        "notes": [], 
        "prix": "6.4", 
        "date": "2014-02-06T15:01:24.190", 
        "options": [], 
        "sent": true, 
        "cuisson": null
    }
},
{
    "pk": 168, 
    "model": "base.produitvendu", 
    "fields": {
        "produit": 5, 
        "contient": [], 
        "made_with": 3, 
        "notes": [], 
        "prix": "6.4", 
        "date": "2014-02-06T15:01:24.404", 
        "options": [], 
        "sent": true, 
        "cuisson": null
    }
},
{
    "pk": 169, 
    "model": "base.produitvendu", 
    "fields": {
        "produit": 6, 
        "contient": [], 
        "made_with": 4, 
        "notes": [], 
        "prix": "8.4", 
        "date": "2014-02-06T15:01:24.618", 
        "options": [], 
        "sent": false, 
        "cuisson": null
    }
},
{
    "pk": 170, 
    "model": "base.produitvendu", 
    "fields": {
        "produit": 6, 
        "contient": [], 
        "made_with": 4, 
        "notes": [], 
        "prix": "8.4", 
        "date": "2014-02-06T15:01:24.762", 
        "options": [], 
        "sent": false, 
        "cuisson": null
    }
},
{
    "pk": 171, 
    "model": "base.produitvendu", 
    "fields": {
        "produit": 6, 
        "contient": [], 
        "made_with": 4, 
        "notes": [], 
        "prix": "8.4", 
        "date": "2014-02-06T15:01:25.030", 
        "options": [], 
        "sent": false, 
        "cuisson": null
    }
},
{
    "pk": 172, 
    "model": "base.produitvendu", 
    "fields": {
        "produit": 7, 
        "contient": [], 
        "made_with": 4, 
        "notes": [], 
        "prix": "9.4", 
        "date": "2014-02-06T15:01:25.224", 
        "options": [], 
        "sent": false, 
        "cuisson": null
    }
},
{
    "pk": 173, 
    "model": "base.produitvendu", 
    "fields": {
        "produit": 7, 
        "contient": [], 
        "made_with": 4, 
        "notes": [], 
        "prix": "9.4", 
        "date": "2014-02-06T15:01:25.404", 
        "options": [], 
        "sent": false, 
        "cuisson": null
    }
},
{
    "pk": 174, 
    "model": "base.produitvendu", 
    "fields": {
        "produit": 7, 
        "contient": [], 
        "made_with": 4, 
        "notes": [], 
        "prix": "9.4", 
        "date": "2014-02-06T15:01:25.676", 
        "options": [], 
        "sent": false, 
        "cuisson": null
    }
},
{
    "pk": 175, 
    "model": "base.produitvendu", 
    "fields": {
        "produit": 3, 
        "contient": [], 
        "made_with": 2, 
        "notes": [], 
        "prix": "2.8", 
        "date": "2014-02-06T15:01:25.867", 
        "options": [], 
        "sent": false, 
        "cuisson": null
    }
},
{
    "pk": 176, 
    "model": "base.produitvendu", 
    "fields": {
        "produit": 3, 
        "contient": [], 
        "made_with": 2, 
        "notes": [], 
        "prix": "2.8", 
        "date": "2014-02-06T15:01:26.149", 
        "options": [], 
        "sent": false, 
        "cuisson": null
    }
},
{
    "pk": 177, 
    "model": "base.produitvendu", 
    "fields": {
        "produit": 3, 
        "contient": [], 
        "made_with": 2, 
        "notes": [], 
        "prix": "2.8", 
        "date": "2014-02-06T15:01:26.381", 
        "options": [], 
        "sent": false, 
        "cuisson": null
    }
},
{
    "pk": 178, 
    "model": "base.produitvendu", 
    "fields": {
        "produit": 8, 
        "contient": [
            179, 
            180
        ], 
        "made_with": null, 
        "notes": [], 
        "prix": "0", 
        "date": "2014-02-06T15:01:26.613", 
        "options": [], 
        "sent": false, 
        "cuisson": null
    }
},
{
    "pk": 179, 
    "model": "base.produitvendu", 
    "fields": {
        "produit": 4, 
        "contient": [
            178
        ], 
        "made_with": null, 
        "notes": [], 
        "prix": "0", 
        "date": "2014-02-06T15:01:26.631", 
        "options": [], 
        "sent": false, 
        "cuisson": null
    }
},
{
    "pk": 180, 
    "model": "base.produitvendu", 
    "fields": {
        "produit": 7, 
        "contient": [
            178
        ], 
        "made_with": null, 
        "notes": [], 
        "prix": "0", 
        "date": "2014-02-06T15:01:26.700", 
        "options": [], 
        "sent": false, 
        "cuisson": null
    }
},
{
    "pk": 181, 
    "model": "base.produitvendu", 
    "fields": {
        "produit": 4, 
        "contient": [], 
        "made_with": 3, 
        "notes": [], 
        "prix": "3.4", 
        "date": "2014-02-06T15:01:27.186", 
        "options": [], 
        "sent": false, 
        "cuisson": null
    }
},
{
    "pk": 182, 
    "model": "base.produitvendu", 
    "fields": {
        "produit": 4, 
        "contient": [], 
        "made_with": 3, 
        "notes": [], 
        "prix": "3.4", 
        "date": "2014-02-06T15:01:27.373", 
        "options": [], 
        "sent": false, 
        "cuisson": null
    }
},
{
    "pk": 183, 
    "model": "base.produitvendu", 
    "fields": {
        "produit": 4, 
        "contient": [], 
        "made_with": 3, 
        "notes": [], 
        "prix": "3.4", 
        "date": "2014-02-06T15:01:27.599", 
        "options": [], 
        "sent": false, 
        "cuisson": null
    }
},
{
    "pk": 184, 
    "model": "base.produitvendu", 
    "fields": {
        "produit": 5, 
        "contient": [], 
        "made_with": 3, 
        "notes": [], 
        "prix": "6.4", 
        "date": "2014-02-06T15:01:27.767", 
        "options": [], 
        "sent": false, 
        "cuisson": null
    }
},
{
    "pk": 185, 
    "model": "base.produitvendu", 
    "fields": {
        "produit": 5, 
        "contient": [], 
        "made_with": 3, 
        "notes": [], 
        "prix": "6.4", 
        "date": "2014-02-06T15:01:27.939", 
        "options": [], 
        "sent": false, 
        "cuisson": null
    }
},
{
    "pk": 186, 
    "model": "base.produitvendu", 
    "fields": {
        "produit": 5, 
        "contient": [], 
        "made_with": 3, 
        "notes": [], 
        "prix": "6.4", 
        "date": "2014-02-06T15:01:28.179", 
        "options": [], 
        "sent": false, 
        "cuisson": null
    }
},
{
    "pk": 187, 
    "model": "base.produitvendu", 
    "fields": {
        "produit": 6, 
        "contient": [], 
        "made_with": 4, 
        "notes": [], 
        "prix": "8.4", 
        "date": "2014-02-06T15:01:28.329", 
        "options": [], 
        "sent": false, 
        "cuisson": null
    }
},
{
    "pk": 188, 
    "model": "base.produitvendu", 
    "fields": {
        "produit": 6, 
        "contient": [], 
        "made_with": 4, 
        "notes": [], 
        "prix": "8.4", 
        "date": "2014-02-06T15:01:28.538", 
        "options": [], 
        "sent": false, 
        "cuisson": null
    }
},
{
    "pk": 189, 
    "model": "base.produitvendu", 
    "fields": {
        "produit": 6, 
        "contient": [], 
        "made_with": 4, 
        "notes": [], 
        "prix": "8.4", 
        "date": "2014-02-06T15:01:28.790", 
        "options": [], 
        "sent": false, 
        "cuisson": null
    }
},
{
    "pk": 190, 
    "model": "base.produitvendu", 
    "fields": {
        "produit": 7, 
        "contient": [], 
        "made_with": 4, 
        "notes": [], 
        "prix": "9.4", 
        "date": "2014-02-06T15:01:28.966", 
        "options": [], 
        "sent": false, 
        "cuisson": null
    }
},
{
    "pk": 191, 
    "model": "base.produitvendu", 
    "fields": {
        "produit": 7, 
        "contient": [], 
        "made_with": 4, 
        "notes": [], 
        "prix": "9.4", 
        "date": "2014-02-06T15:01:29.203", 
        "options": [], 
        "sent": false, 
        "cuisson": null
    }
},
{
    "pk": 192, 
    "model": "base.produitvendu", 
    "fields": {
        "produit": 7, 
        "contient": [], 
        "made_with": 4, 
        "notes": [], 
        "prix": "9.4", 
        "date": "2014-02-06T15:01:29.433", 
        "options": [], 
        "sent": false, 
        "cuisson": null
    }
},
{
    "pk": 193, 
    "model": "base.produitvendu", 
    "fields": {
        "produit": 3, 
        "contient": [], 
        "made_with": 2, 
        "notes": [], 
        "prix": "2.8", 
        "date": "2014-02-06T15:01:29.631", 
        "options": [], 
        "sent": false, 
        "cuisson": null
    }
},
{
    "pk": 194, 
    "model": "base.produitvendu", 
    "fields": {
        "produit": 3, 
        "contient": [], 
        "made_with": 2, 
        "notes": [], 
        "prix": "2.8", 
        "date": "2014-02-06T15:01:29.927", 
        "options": [], 
        "sent": false, 
        "cuisson": null
    }
},
{
    "pk": 195, 
    "model": "base.produitvendu", 
    "fields": {
        "produit": 3, 
        "contient": [], 
        "made_with": 2, 
        "notes": [], 
        "prix": "2.8", 
        "date": "2014-02-06T15:01:30.138", 
        "options": [], 
        "sent": false, 
        "cuisson": null
    }
},
{
    "pk": 196, 
    "model": "base.produitvendu", 
    "fields": {
        "produit": 8, 
        "contient": [
            197, 
            198
        ], 
        "made_with": null, 
        "notes": [], 
        "prix": "0", 
        "date": "2014-02-06T15:01:30.369", 
        "options": [], 
        "sent": false, 
        "cuisson": null
    }
},
{
    "pk": 197, 
    "model": "base.produitvendu", 
    "fields": {
        "produit": 4, 
        "contient": [
            196
        ], 
        "made_with": null, 
        "notes": [], 
        "prix": "0", 
        "date": "2014-02-06T15:01:30.382", 
        "options": [], 
        "sent": false, 
        "cuisson": null
    }
},
{
    "pk": 198, 
    "model": "base.produitvendu", 
    "fields": {
        "produit": 7, 
        "contient": [
            196
        ], 
        "made_with": null, 
        "notes": [], 
        "prix": "0", 
        "date": "2014-02-06T15:01:30.451", 
        "options": [], 
        "sent": false, 
        "cuisson": null
    }
},
{
    "pk": 199, 
    "model": "base.produitvendu", 
    "fields": {
        "produit": 4, 
        "contient": [], 
        "made_with": 3, 
        "notes": [], 
        "prix": "3.4", 
        "date": "2014-02-06T15:01:30.564", 
        "options": [], 
        "sent": true, 
        "cuisson": null
    }
},
{
    "pk": 200, 
    "model": "base.produitvendu", 
    "fields": {
        "produit": 4, 
        "contient": [], 
        "made_with": 3, 
        "notes": [], 
        "prix": "3.4", 
        "date": "2014-02-06T15:01:30.807", 
        "options": [], 
        "sent": true, 
        "cuisson": null
    }
},
{
    "pk": 201, 
    "model": "base.produitvendu", 
    "fields": {
        "produit": 4, 
        "contient": [], 
        "made_with": 3, 
        "notes": [], 
        "prix": "3.4", 
        "date": "2014-02-06T15:01:30.964", 
        "options": [], 
        "sent": true, 
        "cuisson": null
    }
},
{
    "pk": 202, 
    "model": "base.produitvendu", 
    "fields": {
        "produit": 5, 
        "contient": [], 
        "made_with": 3, 
        "notes": [], 
        "prix": "6.4", 
        "date": "2014-02-06T15:01:31.201", 
        "options": [], 
        "sent": true, 
        "cuisson": null
    }
},
{
    "pk": 203, 
    "model": "base.produitvendu", 
    "fields": {
        "produit": 5, 
        "contient": [], 
        "made_with": 3, 
        "notes": [], 
        "prix": "6.4", 
        "date": "2014-02-06T15:01:31.420", 
        "options": [], 
        "sent": true, 
        "cuisson": null
    }
},
{
    "pk": 204, 
    "model": "base.produitvendu", 
    "fields": {
        "produit": 5, 
        "contient": [], 
        "made_with": 3, 
        "notes": [], 
        "prix": "6.4", 
        "date": "2014-02-06T15:01:31.592", 
        "options": [], 
        "sent": true, 
        "cuisson": null
    }
},
{
    "pk": 205, 
    "model": "base.produitvendu", 
    "fields": {
        "produit": 6, 
        "contient": [], 
        "made_with": 4, 
        "notes": [], 
        "prix": "8.4", 
        "date": "2014-02-06T15:01:31.800", 
        "options": [], 
        "sent": false, 
        "cuisson": null
    }
},
{
    "pk": 206, 
    "model": "base.produitvendu", 
    "fields": {
        "produit": 6, 
        "contient": [], 
        "made_with": 4, 
        "notes": [], 
        "prix": "8.4", 
        "date": "2014-02-06T15:01:31.950", 
        "options": [], 
        "sent": false, 
        "cuisson": null
    }
},
{
    "pk": 207, 
    "model": "base.produitvendu", 
    "fields": {
        "produit": 6, 
        "contient": [], 
        "made_with": 4, 
        "notes": [], 
        "prix": "8.4", 
        "date": "2014-02-06T15:01:32.164", 
        "options": [], 
        "sent": false, 
        "cuisson": null
    }
},
{
    "pk": 208, 
    "model": "base.produitvendu", 
    "fields": {
        "produit": 7, 
        "contient": [], 
        "made_with": 4, 
        "notes": [], 
        "prix": "9.4", 
        "date": "2014-02-06T15:01:32.417", 
        "options": [], 
        "sent": false, 
        "cuisson": null
    }
},
{
    "pk": 209, 
    "model": "base.produitvendu", 
    "fields": {
        "produit": 7, 
        "contient": [], 
        "made_with": 4, 
        "notes": [], 
        "prix": "9.4", 
        "date": "2014-02-06T15:01:32.578", 
        "options": [], 
        "sent": false, 
        "cuisson": null
    }
},
{
    "pk": 210, 
    "model": "base.produitvendu", 
    "fields": {
        "produit": 7, 
        "contient": [], 
        "made_with": 4, 
        "notes": [], 
        "prix": "9.4", 
        "date": "2014-02-06T15:01:32.827", 
        "options": [], 
        "sent": false, 
        "cuisson": null
    }
},
{
    "pk": 211, 
    "model": "base.produitvendu", 
    "fields": {
        "produit": 3, 
        "contient": [], 
        "made_with": 2, 
        "notes": [], 
        "prix": "2.8", 
        "date": "2014-02-06T15:01:33.049", 
        "options": [], 
        "sent": false, 
        "cuisson": null
    }
},
{
    "pk": 212, 
    "model": "base.produitvendu", 
    "fields": {
        "produit": 3, 
        "contient": [], 
        "made_with": 2, 
        "notes": [], 
        "prix": "2.8", 
        "date": "2014-02-06T15:01:33.283", 
        "options": [], 
        "sent": false, 
        "cuisson": null
    }
},
{
    "pk": 213, 
    "model": "base.produitvendu", 
    "fields": {
        "produit": 3, 
        "contient": [], 
        "made_with": 2, 
        "notes": [], 
        "prix": "2.8", 
        "date": "2014-02-06T15:01:33.533", 
        "options": [], 
        "sent": false, 
        "cuisson": null
    }
},
{
    "pk": 214, 
    "model": "base.produitvendu", 
    "fields": {
        "produit": 8, 
        "contient": [
            215, 
            216
        ], 
        "made_with": null, 
        "notes": [], 
        "prix": "0", 
        "date": "2014-02-06T15:01:33.763", 
        "options": [], 
        "sent": false, 
        "cuisson": null
    }
},
{
    "pk": 215, 
    "model": "base.produitvendu", 
    "fields": {
        "produit": 4, 
        "contient": [
            214
        ], 
        "made_with": null, 
        "notes": [], 
        "prix": "0", 
        "date": "2014-02-06T15:01:33.784", 
        "options": [], 
        "sent": false, 
        "cuisson": null
    }
},
{
    "pk": 216, 
    "model": "base.produitvendu", 
    "fields": {
        "produit": 7, 
        "contient": [
            214
        ], 
        "made_with": null, 
        "notes": [], 
        "prix": "0", 
        "date": "2014-02-06T15:01:33.854", 
        "options": [], 
        "sent": false, 
        "cuisson": null
    }
},
{
    "pk": 217, 
    "model": "base.produitvendu", 
    "fields": {
        "produit": 4, 
        "contient": [], 
        "made_with": 3, 
        "notes": [], 
        "prix": "3.4", 
        "date": "2014-02-06T15:01:34.331", 
        "options": [], 
        "sent": false, 
        "cuisson": null
    }
},
{
    "pk": 218, 
    "model": "base.produitvendu", 
    "fields": {
        "produit": 4, 
        "contient": [], 
        "made_with": 3, 
        "notes": [], 
        "prix": "3.4", 
        "date": "2014-02-06T15:01:34.600", 
        "options": [], 
        "sent": false, 
        "cuisson": null
    }
},
{
    "pk": 219, 
    "model": "base.produitvendu", 
    "fields": {
        "produit": 4, 
        "contient": [], 
        "made_with": 3, 
        "notes": [], 
        "prix": "3.4", 
        "date": "2014-02-06T15:01:34.824", 
        "options": [], 
        "sent": false, 
        "cuisson": null
    }
},
{
    "pk": 220, 
    "model": "base.produitvendu", 
    "fields": {
        "produit": 5, 
        "contient": [], 
        "made_with": 3, 
        "notes": [], 
        "prix": "6.4", 
        "date": "2014-02-06T15:01:35.014", 
        "options": [], 
        "sent": false, 
        "cuisson": null
    }
},
{
    "pk": 221, 
    "model": "base.produitvendu", 
    "fields": {
        "produit": 5, 
        "contient": [], 
        "made_with": 3, 
        "notes": [], 
        "prix": "6.4", 
        "date": "2014-02-06T15:01:35.158", 
        "options": [], 
        "sent": false, 
        "cuisson": null
    }
},
{
    "pk": 222, 
    "model": "base.produitvendu", 
    "fields": {
        "produit": 5, 
        "contient": [], 
        "made_with": 3, 
        "notes": [], 
        "prix": "6.4", 
        "date": "2014-02-06T15:01:35.395", 
        "options": [], 
        "sent": false, 
        "cuisson": null
    }
},
{
    "pk": 223, 
    "model": "base.produitvendu", 
    "fields": {
        "produit": 6, 
        "contient": [], 
        "made_with": 4, 
        "notes": [], 
        "prix": "8.4", 
        "date": "2014-02-06T15:01:35.585", 
        "options": [], 
        "sent": false, 
        "cuisson": null
    }
},
{
    "pk": 224, 
    "model": "base.produitvendu", 
    "fields": {
        "produit": 6, 
        "contient": [], 
        "made_with": 4, 
        "notes": [], 
        "prix": "8.4", 
        "date": "2014-02-06T15:01:35.776", 
        "options": [], 
        "sent": false, 
        "cuisson": null
    }
},
{
    "pk": 225, 
    "model": "base.produitvendu", 
    "fields": {
        "produit": 6, 
        "contient": [], 
        "made_with": 4, 
        "notes": [], 
        "prix": "8.4", 
        "date": "2014-02-06T15:01:36.033", 
        "options": [], 
        "sent": false, 
        "cuisson": null
    }
},
{
    "pk": 226, 
    "model": "base.produitvendu", 
    "fields": {
        "produit": 7, 
        "contient": [], 
        "made_with": 4, 
        "notes": [], 
        "prix": "9.4", 
        "date": "2014-02-06T15:01:36.191", 
        "options": [], 
        "sent": false, 
        "cuisson": null
    }
},
{
    "pk": 227, 
    "model": "base.produitvendu", 
    "fields": {
        "produit": 7, 
        "contient": [], 
        "made_with": 4, 
        "notes": [], 
        "prix": "9.4", 
        "date": "2014-02-06T15:01:36.415", 
        "options": [], 
        "sent": false, 
        "cuisson": null
    }
},
{
    "pk": 228, 
    "model": "base.produitvendu", 
    "fields": {
        "produit": 7, 
        "contient": [], 
        "made_with": 4, 
        "notes": [], 
        "prix": "9.4", 
        "date": "2014-02-06T15:01:36.669", 
        "options": [], 
        "sent": false, 
        "cuisson": null
    }
},
{
    "pk": 229, 
    "model": "base.produitvendu", 
    "fields": {
        "produit": 3, 
        "contient": [], 
        "made_with": 2, 
        "notes": [], 
        "prix": "2.8", 
        "date": "2014-02-06T15:01:36.849", 
        "options": [], 
        "sent": false, 
        "cuisson": null
    }
},
{
    "pk": 230, 
    "model": "base.produitvendu", 
    "fields": {
        "produit": 3, 
        "contient": [], 
        "made_with": 2, 
        "notes": [], 
        "prix": "2.8", 
        "date": "2014-02-06T15:01:37.153", 
        "options": [], 
        "sent": false, 
        "cuisson": null
    }
},
{
    "pk": 231, 
    "model": "base.produitvendu", 
    "fields": {
        "produit": 3, 
        "contient": [], 
        "made_with": 2, 
        "notes": [], 
        "prix": "2.8", 
        "date": "2014-02-06T15:01:37.358", 
        "options": [], 
        "sent": false, 
        "cuisson": null
    }
},
{
    "pk": 232, 
    "model": "base.produitvendu", 
    "fields": {
        "produit": 8, 
        "contient": [
            233, 
            234
        ], 
        "made_with": null, 
        "notes": [], 
        "prix": "0", 
        "date": "2014-02-06T15:01:37.572", 
        "options": [], 
        "sent": false, 
        "cuisson": null
    }
},
{
    "pk": 233, 
    "model": "base.produitvendu", 
    "fields": {
        "produit": 4, 
        "contient": [
            232
        ], 
        "made_with": null, 
        "notes": [], 
        "prix": "0", 
        "date": "2014-02-06T15:01:37.593", 
        "options": [], 
        "sent": false, 
        "cuisson": null
    }
},
{
    "pk": 234, 
    "model": "base.produitvendu", 
    "fields": {
        "produit": 7, 
        "contient": [
            232
        ], 
        "made_with": null, 
        "notes": [], 
        "prix": "0", 
        "date": "2014-02-06T15:01:37.665", 
        "options": [], 
        "sent": false, 
        "cuisson": null
    }
},
{
    "pk": 235, 
    "model": "base.produitvendu", 
    "fields": {
        "produit": 4, 
        "contient": [], 
        "made_with": 3, 
        "notes": [], 
        "prix": "3.4", 
        "date": "2014-02-06T15:01:37.789", 
        "options": [], 
        "sent": true, 
        "cuisson": null
    }
},
{
    "pk": 236, 
    "model": "base.produitvendu", 
    "fields": {
        "produit": 4, 
        "contient": [], 
        "made_with": 3, 
        "notes": [], 
        "prix": "3.4", 
        "date": "2014-02-06T15:01:38.009", 
        "options": [], 
        "sent": true, 
        "cuisson": null
    }
},
{
    "pk": 237, 
    "model": "base.produitvendu", 
    "fields": {
        "produit": 4, 
        "contient": [], 
        "made_with": 3, 
        "notes": [], 
        "prix": "3.4", 
        "date": "2014-02-06T15:01:38.180", 
        "options": [], 
        "sent": true, 
        "cuisson": null
    }
},
{
    "pk": 238, 
    "model": "base.produitvendu", 
    "fields": {
        "produit": 5, 
        "contient": [], 
        "made_with": 3, 
        "notes": [], 
        "prix": "6.4", 
        "date": "2014-02-06T15:01:38.369", 
        "options": [], 
        "sent": true, 
        "cuisson": null
    }
},
{
    "pk": 239, 
    "model": "base.produitvendu", 
    "fields": {
        "produit": 5, 
        "contient": [], 
        "made_with": 3, 
        "notes": [], 
        "prix": "6.4", 
        "date": "2014-02-06T15:01:38.580", 
        "options": [], 
        "sent": true, 
        "cuisson": null
    }
},
{
    "pk": 240, 
    "model": "base.produitvendu", 
    "fields": {
        "produit": 5, 
        "contient": [], 
        "made_with": 3, 
        "notes": [], 
        "prix": "6.4", 
        "date": "2014-02-06T15:01:38.758", 
        "options": [], 
        "sent": true, 
        "cuisson": null
    }
},
{
    "pk": 241, 
    "model": "base.produitvendu", 
    "fields": {
        "produit": 6, 
        "contient": [], 
        "made_with": 4, 
        "notes": [], 
        "prix": "8.4", 
        "date": "2014-02-06T15:01:38.984", 
        "options": [], 
        "sent": false, 
        "cuisson": null
    }
},
{
    "pk": 242, 
    "model": "base.produitvendu", 
    "fields": {
        "produit": 6, 
        "contient": [], 
        "made_with": 4, 
        "notes": [], 
        "prix": "8.4", 
        "date": "2014-02-06T15:01:39.189", 
        "options": [], 
        "sent": false, 
        "cuisson": null
    }
},
{
    "pk": 243, 
    "model": "base.produitvendu", 
    "fields": {
        "produit": 6, 
        "contient": [], 
        "made_with": 4, 
        "notes": [], 
        "prix": "8.4", 
        "date": "2014-02-06T15:01:39.344", 
        "options": [], 
        "sent": false, 
        "cuisson": null
    }
},
{
    "pk": 244, 
    "model": "base.produitvendu", 
    "fields": {
        "produit": 7, 
        "contient": [], 
        "made_with": 4, 
        "notes": [], 
        "prix": "9.4", 
        "date": "2014-02-06T15:01:39.601", 
        "options": [], 
        "sent": false, 
        "cuisson": null
    }
},
{
    "pk": 245, 
    "model": "base.produitvendu", 
    "fields": {
        "produit": 7, 
        "contient": [], 
        "made_with": 4, 
        "notes": [], 
        "prix": "9.4", 
        "date": "2014-02-06T15:01:39.804", 
        "options": [], 
        "sent": false, 
        "cuisson": null
    }
},
{
    "pk": 246, 
    "model": "base.produitvendu", 
    "fields": {
        "produit": 7, 
        "contient": [], 
        "made_with": 4, 
        "notes": [], 
        "prix": "9.4", 
        "date": "2014-02-06T15:01:39.983", 
        "options": [], 
        "sent": false, 
        "cuisson": null
    }
},
{
    "pk": 247, 
    "model": "base.produitvendu", 
    "fields": {
        "produit": 3, 
        "contient": [], 
        "made_with": 2, 
        "notes": [], 
        "prix": "2.8", 
        "date": "2014-02-06T15:01:40.266", 
        "options": [], 
        "sent": false, 
        "cuisson": null
    }
},
{
    "pk": 248, 
    "model": "base.produitvendu", 
    "fields": {
        "produit": 3, 
        "contient": [], 
        "made_with": 2, 
        "notes": [], 
        "prix": "2.8", 
        "date": "2014-02-06T15:01:40.485", 
        "options": [], 
        "sent": false, 
        "cuisson": null
    }
},
{
    "pk": 249, 
    "model": "base.produitvendu", 
    "fields": {
        "produit": 3, 
        "contient": [], 
        "made_with": 2, 
        "notes": [], 
        "prix": "2.8", 
        "date": "2014-02-06T15:01:40.744", 
        "options": [], 
        "sent": false, 
        "cuisson": null
    }
},
{
    "pk": 250, 
    "model": "base.produitvendu", 
    "fields": {
        "produit": 8, 
        "contient": [
            251, 
            252
        ], 
        "made_with": null, 
        "notes": [], 
        "prix": "0", 
        "date": "2014-02-06T15:01:40.982", 
        "options": [], 
        "sent": false, 
        "cuisson": null
    }
},
{
    "pk": 251, 
    "model": "base.produitvendu", 
    "fields": {
        "produit": 4, 
        "contient": [
            250
        ], 
        "made_with": null, 
        "notes": [], 
        "prix": "0", 
        "date": "2014-02-06T15:01:40.995", 
        "options": [], 
        "sent": false, 
        "cuisson": null
    }
},
{
    "pk": 252, 
    "model": "base.produitvendu", 
    "fields": {
        "produit": 7, 
        "contient": [
            250
        ], 
        "made_with": null, 
        "notes": [], 
        "prix": "0", 
        "date": "2014-02-06T15:01:41.041", 
        "options": [], 
        "sent": false, 
        "cuisson": null
    }
},
{
    "pk": 253, 
    "model": "base.produitvendu", 
    "fields": {
        "produit": 4, 
        "contient": [], 
        "made_with": 3, 
        "notes": [], 
        "prix": "3.4", 
        "date": "2014-02-06T15:01:41.533", 
        "options": [], 
        "sent": false, 
        "cuisson": null
    }
},
{
    "pk": 254, 
    "model": "base.produitvendu", 
    "fields": {
        "produit": 4, 
        "contient": [], 
        "made_with": 3, 
        "notes": [], 
        "prix": "3.4", 
        "date": "2014-02-06T15:01:41.801", 
        "options": [], 
        "sent": false, 
        "cuisson": null
    }
},
{
    "pk": 255, 
    "model": "base.produitvendu", 
    "fields": {
        "produit": 4, 
        "contient": [], 
        "made_with": 3, 
        "notes": [], 
        "prix": "3.4", 
        "date": "2014-02-06T15:01:41.999", 
        "options": [], 
        "sent": false, 
        "cuisson": null
    }
},
{
    "pk": 256, 
    "model": "base.produitvendu", 
    "fields": {
        "produit": 5, 
        "contient": [], 
        "made_with": 3, 
        "notes": [], 
        "prix": "6.4", 
        "date": "2014-02-06T15:01:42.190", 
        "options": [], 
        "sent": false, 
        "cuisson": null
    }
},
{
    "pk": 257, 
    "model": "base.produitvendu", 
    "fields": {
        "produit": 5, 
        "contient": [], 
        "made_with": 3, 
        "notes": [], 
        "prix": "6.4", 
        "date": "2014-02-06T15:01:42.369", 
        "options": [], 
        "sent": false, 
        "cuisson": null
    }
},
{
    "pk": 258, 
    "model": "base.produitvendu", 
    "fields": {
        "produit": 5, 
        "contient": [], 
        "made_with": 3, 
        "notes": [], 
        "prix": "6.4", 
        "date": "2014-02-06T15:01:42.570", 
        "options": [], 
        "sent": false, 
        "cuisson": null
    }
},
{
    "pk": 259, 
    "model": "base.produitvendu", 
    "fields": {
        "produit": 6, 
        "contient": [], 
        "made_with": 4, 
        "notes": [], 
        "prix": "8.4", 
        "date": "2014-02-06T15:01:42.804", 
        "options": [], 
        "sent": false, 
        "cuisson": null
    }
},
{
    "pk": 260, 
    "model": "base.produitvendu", 
    "fields": {
        "produit": 6, 
        "contient": [], 
        "made_with": 4, 
        "notes": [], 
        "prix": "8.4", 
        "date": "2014-02-06T15:01:42.967", 
        "options": [], 
        "sent": false, 
        "cuisson": null
    }
},
{
    "pk": 261, 
    "model": "base.produitvendu", 
    "fields": {
        "produit": 6, 
        "contient": [], 
        "made_with": 4, 
        "notes": [], 
        "prix": "8.4", 
        "date": "2014-02-06T15:01:43.189", 
        "options": [], 
        "sent": false, 
        "cuisson": null
    }
},
{
    "pk": 262, 
    "model": "base.produitvendu", 
    "fields": {
        "produit": 7, 
        "contient": [], 
        "made_with": 4, 
        "notes": [], 
        "prix": "9.4", 
        "date": "2014-02-06T15:01:43.422", 
        "options": [], 
        "sent": false, 
        "cuisson": null
    }
},
{
    "pk": 263, 
    "model": "base.produitvendu", 
    "fields": {
        "produit": 7, 
        "contient": [], 
        "made_with": 4, 
        "notes": [], 
        "prix": "9.4", 
        "date": "2014-02-06T15:01:43.585", 
        "options": [], 
        "sent": false, 
        "cuisson": null
    }
},
{
    "pk": 264, 
    "model": "base.produitvendu", 
    "fields": {
        "produit": 7, 
        "contient": [], 
        "made_with": 4, 
        "notes": [], 
        "prix": "9.4", 
        "date": "2014-02-06T15:01:43.854", 
        "options": [], 
        "sent": false, 
        "cuisson": null
    }
},
{
    "pk": 265, 
    "model": "base.produitvendu", 
    "fields": {
        "produit": 3, 
        "contient": [], 
        "made_with": 2, 
        "notes": [], 
        "prix": "2.8", 
        "date": "2014-02-06T15:01:44.069", 
        "options": [], 
        "sent": false, 
        "cuisson": null
    }
},
{
    "pk": 266, 
    "model": "base.produitvendu", 
    "fields": {
        "produit": 3, 
        "contient": [], 
        "made_with": 2, 
        "notes": [], 
        "prix": "2.8", 
        "date": "2014-02-06T15:01:44.294", 
        "options": [], 
        "sent": false, 
        "cuisson": null
    }
},
{
    "pk": 267, 
    "model": "base.produitvendu", 
    "fields": {
        "produit": 3, 
        "contient": [], 
        "made_with": 2, 
        "notes": [], 
        "prix": "2.8", 
        "date": "2014-02-06T15:01:44.577", 
        "options": [], 
        "sent": false, 
        "cuisson": null
    }
},
{
    "pk": 268, 
    "model": "base.produitvendu", 
    "fields": {
        "produit": 8, 
        "contient": [
            269, 
            270
        ], 
        "made_with": null, 
        "notes": [], 
        "prix": "0", 
        "date": "2014-02-06T15:01:44.778", 
        "options": [], 
        "sent": false, 
        "cuisson": null
    }
},
{
    "pk": 269, 
    "model": "base.produitvendu", 
    "fields": {
        "produit": 4, 
        "contient": [
            268
        ], 
        "made_with": null, 
        "notes": [], 
        "prix": "0", 
        "date": "2014-02-06T15:01:44.790", 
        "options": [], 
        "sent": false, 
        "cuisson": null
    }
},
{
    "pk": 270, 
    "model": "base.produitvendu", 
    "fields": {
        "produit": 7, 
        "contient": [
            268
        ], 
        "made_with": null, 
        "notes": [], 
        "prix": "0", 
        "date": "2014-02-06T15:01:44.862", 
        "options": [], 
        "sent": false, 
        "cuisson": null
    }
},
{
    "pk": 1, 
    "model": "base.follow", 
    "fields": {
        "category": 3, 
        "date": "2014-02-06T15:00:57.032", 
        "done": false, 
        "produits": [
            22, 
            23, 
            24, 
            19, 
            20, 
            21
        ]
    }
},
{
    "pk": 2, 
    "model": "base.follow", 
    "fields": {
        "category": 3, 
        "date": "2014-02-06T15:01:04.363", 
        "done": false, 
        "produits": [
            58, 
            59, 
            60, 
            55, 
            56, 
            57
        ]
    }
},
{
    "pk": 3, 
    "model": "base.follow", 
    "fields": {
        "category": 3, 
        "date": "2014-02-06T15:01:11.693", 
        "done": false, 
        "produits": [
            94, 
            95, 
            96, 
            91, 
            92, 
            93
        ]
    }
},
{
    "pk": 4, 
    "model": "base.follow", 
    "fields": {
        "category": 3, 
        "date": "2014-02-06T15:01:19.470", 
        "done": false, 
        "produits": [
            130, 
            131, 
            132, 
            127, 
            128, 
            129
        ]
    }
},
{
    "pk": 5, 
    "model": "base.follow", 
    "fields": {
        "category": 3, 
        "date": "2014-02-06T15:01:26.789", 
        "done": false, 
        "produits": [
            166, 
            167, 
            168, 
            163, 
            164, 
            165
        ]
    }
},
{
    "pk": 6, 
    "model": "base.follow", 
    "fields": {
        "category": 3, 
        "date": "2014-02-06T15:01:33.943", 
        "done": false, 
        "produits": [
            202, 
            203, 
            204, 
            199, 
            200, 
            201
        ]
    }
},
{
    "pk": 7, 
    "model": "base.follow", 
    "fields": {
        "category": 3, 
        "date": "2014-02-06T15:01:41.129", 
        "done": false, 
        "produits": [
            238, 
            239, 
            240, 
            235, 
            236, 
            237
        ]
    }
},
{
    "pk": 1, 
    "model": "base.paiementtype", 
    "fields": {
        "nom": "AMEX", 
        "fixed_value": false
    }
},
{
    "pk": 2, 
    "model": "base.paiementtype", 
    "fields": {
        "nom": "ANCV", 
        "fixed_value": true
    }
},
{
    "pk": 3, 
    "model": "base.paiementtype", 
    "fields": {
        "nom": "CB", 
        "fixed_value": false
    }
},
{
    "pk": 4, 
    "model": "base.paiementtype", 
    "fields": {
        "nom": "Cheque", 
        "fixed_value": false
    }
},
{
    "pk": 5, 
    "model": "base.paiementtype", 
    "fields": {
        "nom": "Espece", 
        "fixed_value": false
    }
},
{
    "pk": 6, 
    "model": "base.paiementtype", 
    "fields": {
        "nom": "Tic. Resto.", 
        "fixed_value": true
    }
},
{
    "pk": 1, 
    "model": "base.paiement", 
    "fields": {
        "date": "2014-02-06T15:01:44.984", 
        "nb_tickets": 0, 
        "valeur_unitaire": "1", 
        "type": 3, 
        "montant": "91.2"
    }
},
{
    "pk": 1, 
    "model": "base.facture", 
    "fields": {
        "onsite": true, 
        "vats": [
            1, 
            2
        ], 
        "paiements": [], 
        "total_ttc": "91.2", 
        "category_to_follow": 3, 
        "produits": [
            13, 
            14, 
            15, 
            4, 
            5, 
            6, 
            1, 
            2, 
            3, 
            7, 
            8, 
            9, 
            10, 
            11, 
            12
        ], 
        "following": [], 
        "in_use_by": null, 
        "couverts": 1, 
        "restant_a_payer": "91.2", 
        "table": 20, 
        "saved_in_stats": false, 
        "date_creation": "2014-02-06T15:00:50.044", 
        "surcharge": true
    }
},
{
    "pk": 2, 
    "model": "base.facture", 
    "fields": {
        "onsite": true, 
        "vats": [
            3, 
            4
        ], 
        "paiements": [], 
        "total_ttc": "91.2", 
        "category_to_follow": 4, 
        "produits": [
            31, 
            32, 
            33, 
            22, 
            23, 
            24, 
            19, 
            20, 
            21, 
            25, 
            26, 
            27, 
            28, 
            29, 
            30
        ], 
        "following": [
            1
        ], 
        "in_use_by": null, 
        "couverts": 8, 
        "restant_a_payer": "91.2", 
        "table": 19, 
        "saved_in_stats": false, 
        "date_creation": "2014-02-06T15:00:53.624", 
        "surcharge": true
    }
},
{
    "pk": 3, 
    "model": "base.facture", 
    "fields": {
        "onsite": true, 
        "vats": [
            5, 
            6
        ], 
        "paiements": [], 
        "total_ttc": "91.2", 
        "category_to_follow": 3, 
        "produits": [
            49, 
            50, 
            51, 
            40, 
            41, 
            42, 
            37, 
            38, 
            39, 
            43, 
            44, 
            45, 
            46, 
            47, 
            48
        ], 
        "following": [], 
        "in_use_by": null, 
        "couverts": 15, 
        "restant_a_payer": "91.2", 
        "table": 20, 
        "saved_in_stats": false, 
        "date_creation": "2014-02-06T15:00:57.424", 
        "surcharge": true
    }
},
{
    "pk": 4, 
    "model": "base.facture", 
    "fields": {
        "onsite": true, 
        "vats": [
            7, 
            8
        ], 
        "paiements": [], 
        "total_ttc": "91.2", 
        "category_to_follow": 4, 
        "produits": [
            67, 
            68, 
            69, 
            58, 
            59, 
            60, 
            55, 
            56, 
            57, 
            61, 
            62, 
            63, 
            64, 
            65, 
            66
        ], 
        "following": [
            2
        ], 
        "in_use_by": null, 
        "couverts": 7, 
        "restant_a_payer": "91.2", 
        "table": 14, 
        "saved_in_stats": false, 
        "date_creation": "2014-02-06T15:01:00.977", 
        "surcharge": false
    }
},
{
    "pk": 5, 
    "model": "base.facture", 
    "fields": {
        "onsite": true, 
        "vats": [
            9, 
            10
        ], 
        "paiements": [], 
        "total_ttc": "91.2", 
        "category_to_follow": 3, 
        "produits": [
            85, 
            86, 
            87, 
            76, 
            77, 
            78, 
            73, 
            74, 
            75, 
            79, 
            80, 
            81, 
            82, 
            83, 
            84
        ], 
        "following": [], 
        "in_use_by": null, 
        "couverts": 10, 
        "restant_a_payer": "91.2", 
        "table": 17, 
        "saved_in_stats": false, 
        "date_creation": "2014-02-06T15:01:04.766", 
        "surcharge": true
    }
},
{
    "pk": 6, 
    "model": "base.facture", 
    "fields": {
        "onsite": true, 
        "vats": [
            11, 
            12
        ], 
        "paiements": [], 
        "total_ttc": "91.2", 
        "category_to_follow": 4, 
        "produits": [
            103, 
            104, 
            105, 
            94, 
            95, 
            96, 
            91, 
            92, 
            93, 
            97, 
            98, 
            99, 
            100, 
            101, 
            102
        ], 
        "following": [
            3
        ], 
        "in_use_by": null, 
        "couverts": 15, 
        "restant_a_payer": "91.2", 
        "table": 26, 
        "saved_in_stats": false, 
        "date_creation": "2014-02-06T15:01:08.270", 
        "surcharge": true
    }
},
{
    "pk": 7, 
    "model": "base.facture", 
    "fields": {
        "onsite": true, 
        "vats": [
            13, 
            14
        ], 
        "paiements": [], 
        "total_ttc": "91.2", 
        "category_to_follow": 3, 
        "produits": [
            121, 
            122, 
            123, 
            112, 
            113, 
            114, 
            109, 
            110, 
            111, 
            115, 
            116, 
            117, 
            118, 
            119, 
            120
        ], 
        "following": [], 
        "in_use_by": null, 
        "couverts": 5, 
        "restant_a_payer": "91.2", 
        "table": 13, 
        "saved_in_stats": false, 
        "date_creation": "2014-02-06T15:01:12.071", 
        "surcharge": false
    }
},
{
    "pk": 8, 
    "model": "base.facture", 
    "fields": {
        "onsite": true, 
        "vats": [
            15, 
            16
        ], 
        "paiements": [], 
        "total_ttc": "91.2", 
        "category_to_follow": 4, 
        "produits": [
            139, 
            140, 
            141, 
            130, 
            131, 
            132, 
            127, 
            128, 
            129, 
            133, 
            134, 
            135, 
            136, 
            137, 
            138
        ], 
        "following": [
            4
        ], 
        "in_use_by": null, 
        "couverts": 14, 
        "restant_a_payer": "91.2", 
        "table": 22, 
        "saved_in_stats": false, 
        "date_creation": "2014-02-06T15:01:15.416", 
        "surcharge": true
    }
},
{
    "pk": 9, 
    "model": "base.facture", 
    "fields": {
        "onsite": true, 
        "vats": [
            17, 
            18
        ], 
        "paiements": [], 
        "total_ttc": "91.2", 
        "category_to_follow": 3, 
        "produits": [
            157, 
            158, 
            159, 
            148, 
            149, 
            150, 
            145, 
            146, 
            147, 
            151, 
            152, 
            153, 
            154, 
            155, 
            156
        ], 
        "following": [], 
        "in_use_by": null, 
        "couverts": 3, 
        "restant_a_payer": "91.2", 
        "table": 13, 
        "saved_in_stats": false, 
        "date_creation": "2014-02-06T15:01:19.870", 
        "surcharge": false
    }
},
{
    "pk": 10, 
    "model": "base.facture", 
    "fields": {
        "onsite": true, 
        "vats": [
            19, 
            20
        ], 
        "paiements": [], 
        "total_ttc": "91.2", 
        "category_to_follow": 4, 
        "produits": [
            175, 
            176, 
            177, 
            166, 
            167, 
            168, 
            163, 
            164, 
            165, 
            169, 
            170, 
            171, 
            172, 
            173, 
            174
        ], 
        "following": [
            5
        ], 
        "in_use_by": null, 
        "couverts": 2, 
        "restant_a_payer": "91.2", 
        "table": 25, 
        "saved_in_stats": false, 
        "date_creation": "2014-02-06T15:01:23.367", 
        "surcharge": true
    }
},
{
    "pk": 11, 
    "model": "base.facture", 
    "fields": {
        "onsite": true, 
        "vats": [
            21, 
            22
        ], 
        "paiements": [], 
        "total_ttc": "91.2", 
        "category_to_follow": 3, 
        "produits": [
            193, 
            194, 
            195, 
            184, 
            185, 
            186, 
            181, 
            182, 
            183, 
            187, 
            188, 
            189, 
            190, 
            191, 
            192
        ], 
        "following": [], 
        "in_use_by": null, 
        "couverts": 6, 
        "restant_a_payer": "91.2", 
        "table": 12, 
        "saved_in_stats": false, 
        "date_creation": "2014-02-06T15:01:27.209", 
        "surcharge": false
    }
},
{
    "pk": 12, 
    "model": "base.facture", 
    "fields": {
        "onsite": true, 
        "vats": [
            23, 
            24
        ], 
        "paiements": [], 
        "total_ttc": "91.2", 
        "category_to_follow": 4, 
        "produits": [
            211, 
            212, 
            213, 
            202, 
            203, 
            204, 
            199, 
            200, 
            201, 
            205, 
            206, 
            207, 
            208, 
            209, 
            210
        ], 
        "following": [
            6
        ], 
        "in_use_by": null, 
        "couverts": 13, 
        "restant_a_payer": "91.2", 
        "table": 11, 
        "saved_in_stats": false, 
        "date_creation": "2014-02-06T15:01:30.594", 
        "surcharge": false
    }
},
{
    "pk": 13, 
    "model": "base.facture", 
    "fields": {
        "onsite": true, 
        "vats": [
            25, 
            26
        ], 
        "paiements": [], 
        "total_ttc": "91.2", 
        "category_to_follow": 3, 
        "produits": [
            229, 
            230, 
            231, 
            220, 
            221, 
            222, 
            217, 
            218, 
            219, 
            223, 
            224, 
            225, 
            226, 
            227, 
            228
        ], 
        "following": [], 
        "in_use_by": null, 
        "couverts": 11, 
        "restant_a_payer": "91.2", 
        "table": 21, 
        "saved_in_stats": false, 
        "date_creation": "2014-02-06T15:01:34.355", 
        "surcharge": true
    }
},
{
    "pk": 14, 
    "model": "base.facture", 
    "fields": {
        "onsite": true, 
        "vats": [
            27, 
            28
        ], 
        "paiements": [], 
        "total_ttc": "91.2", 
        "category_to_follow": 4, 
        "produits": [
            247, 
            248, 
            249, 
            238, 
            239, 
            240, 
            235, 
            236, 
            237, 
            241, 
            242, 
            243, 
            244, 
            245, 
            246
        ], 
        "following": [
            7
        ], 
        "in_use_by": null, 
        "couverts": 2, 
        "restant_a_payer": "91.2", 
        "table": 12, 
        "saved_in_stats": false, 
        "date_creation": "2014-02-06T15:01:37.810", 
        "surcharge": false
    }
},
{
    "pk": 15, 
    "model": "base.facture", 
    "fields": {
        "onsite": true, 
        "vats": [
            29, 
            30
        ], 
        "paiements": [
            1
        ], 
        "total_ttc": "91.2", 
        "category_to_follow": 3, 
        "produits": [
            265, 
            266, 
            267, 
            256, 
            257, 
            258, 
            253, 
            254, 
            255, 
            259, 
            260, 
            261, 
            262, 
            263, 
            264
        ], 
        "following": [], 
        "in_use_by": null, 
        "couverts": 2, 
        "restant_a_payer": "0", 
        "table": 22, 
        "saved_in_stats": false, 
        "date_creation": "2014-02-06T15:01:41.555", 
        "surcharge": true
    }
},
{
    "pk": 1, 
    "model": "base.monthlystat", 
    "fields": {
        "month": 1, 
        "value": "100", 
        "key": "total_ttc", 
        "year": 2013
    }
},
{
    "pk": 2, 
    "model": "base.monthlystat", 
    "fields": {
        "month": 1, 
        "value": "40", 
        "key": "bar_total_ttc", 
        "year": 2013
    }
},
{
    "pk": 3, 
    "model": "base.monthlystat", 
    "fields": {
        "month": 1, 
        "value": "60", 
        "key": "guests_total_ttc", 
        "year": 2013
    }
},
{
    "pk": 4, 
    "model": "base.monthlystat", 
    "fields": {
        "month": 1, 
        "value": "106", 
        "key": "nb_bills", 
        "year": 2013
    }
},
{
    "pk": 5, 
    "model": "base.monthlystat", 
    "fields": {
        "month": 1, 
        "value": "159", 
        "key": "guests_nb", 
        "year": 2013
    }
},
{
    "pk": 6, 
    "model": "base.monthlystat", 
    "fields": {
        "month": 1, 
        "value": "113", 
        "key": "guests_average", 
        "year": 2013
    }
},
{
    "pk": 7, 
    "model": "base.monthlystat", 
    "fields": {
        "month": 1, 
        "value": "350", 
        "key": "bar_nb", 
        "year": 2013
    }
},
{
    "pk": 8, 
    "model": "base.monthlystat", 
    "fields": {
        "month": 1, 
        "value": "358", 
        "key": "bar_average", 
        "year": 2013
    }
},
{
    "pk": 9, 
    "model": "base.monthlystat", 
    "fields": {
        "month": 2, 
        "value": "200", 
        "key": "total_ttc", 
        "year": 2013
    }
},
{
    "pk": 10, 
    "model": "base.monthlystat", 
    "fields": {
        "month": 2, 
        "value": "80", 
        "key": "bar_total_ttc", 
        "year": 2013
    }
},
{
    "pk": 11, 
    "model": "base.monthlystat", 
    "fields": {
        "month": 2, 
        "value": "120", 
        "key": "guests_total_ttc", 
        "year": 2013
    }
},
{
    "pk": 12, 
    "model": "base.monthlystat", 
    "fields": {
        "month": 2, 
        "value": "367", 
        "key": "nb_bills", 
        "year": 2013
    }
},
{
    "pk": 13, 
    "model": "base.monthlystat", 
    "fields": {
        "month": 2, 
        "value": "118", 
        "key": "guests_nb", 
        "year": 2013
    }
},
{
    "pk": 14, 
    "model": "base.monthlystat", 
    "fields": {
        "month": 2, 
        "value": "129", 
        "key": "guests_average", 
        "year": 2013
    }
},
{
    "pk": 15, 
    "model": "base.monthlystat", 
    "fields": {
        "month": 2, 
        "value": "221", 
        "key": "bar_nb", 
        "year": 2013
    }
},
{
    "pk": 16, 
    "model": "base.monthlystat", 
    "fields": {
        "month": 2, 
        "value": "239", 
        "key": "bar_average", 
        "year": 2013
    }
},
{
    "pk": 17, 
    "model": "base.monthlystat", 
    "fields": {
        "month": 3, 
        "value": "300", 
        "key": "total_ttc", 
        "year": 2013
    }
},
{
    "pk": 18, 
    "model": "base.monthlystat", 
    "fields": {
        "month": 3, 
        "value": "120", 
        "key": "bar_total_ttc", 
        "year": 2013
    }
},
{
    "pk": 19, 
    "model": "base.monthlystat", 
    "fields": {
        "month": 3, 
        "value": "180", 
        "key": "guests_total_ttc", 
        "year": 2013
    }
},
{
    "pk": 20, 
    "model": "base.monthlystat", 
    "fields": {
        "month": 3, 
        "value": "101", 
        "key": "nb_bills", 
        "year": 2013
    }
},
{
    "pk": 21, 
    "model": "base.monthlystat", 
    "fields": {
        "month": 3, 
        "value": "344", 
        "key": "guests_nb", 
        "year": 2013
    }
},
{
    "pk": 22, 
    "model": "base.monthlystat", 
    "fields": {
        "month": 3, 
        "value": "131", 
        "key": "guests_average", 
        "year": 2013
    }
},
{
    "pk": 23, 
    "model": "base.monthlystat", 
    "fields": {
        "month": 3, 
        "value": "76", 
        "key": "bar_nb", 
        "year": 2013
    }
},
{
    "pk": 24, 
    "model": "base.monthlystat", 
    "fields": {
        "month": 3, 
        "value": "414", 
        "key": "bar_average", 
        "year": 2013
    }
},
{
    "pk": 25, 
    "model": "base.monthlystat", 
    "fields": {
        "month": 4, 
        "value": "400", 
        "key": "total_ttc", 
        "year": 2013
    }
},
{
    "pk": 26, 
    "model": "base.monthlystat", 
    "fields": {
        "month": 4, 
        "value": "160", 
        "key": "bar_total_ttc", 
        "year": 2013
    }
},
{
    "pk": 27, 
    "model": "base.monthlystat", 
    "fields": {
        "month": 4, 
        "value": "240", 
        "key": "guests_total_ttc", 
        "year": 2013
    }
},
{
    "pk": 28, 
    "model": "base.monthlystat", 
    "fields": {
        "month": 4, 
        "value": "306", 
        "key": "nb_bills", 
        "year": 2013
    }
},
{
    "pk": 29, 
    "model": "base.monthlystat", 
    "fields": {
        "month": 4, 
        "value": "368", 
        "key": "guests_nb", 
        "year": 2013
    }
},
{
    "pk": 30, 
    "model": "base.monthlystat", 
    "fields": {
        "month": 4, 
        "value": "132", 
        "key": "guests_average", 
        "year": 2013
    }
},
{
    "pk": 31, 
    "model": "base.monthlystat", 
    "fields": {
        "month": 4, 
        "value": "262", 
        "key": "bar_nb", 
        "year": 2013
    }
},
{
    "pk": 32, 
    "model": "base.monthlystat", 
    "fields": {
        "month": 4, 
        "value": "165", 
        "key": "bar_average", 
        "year": 2013
    }
},
{
    "pk": 33, 
    "model": "base.monthlystat", 
    "fields": {
        "month": 5, 
        "value": "500", 
        "key": "total_ttc", 
        "year": 2013
    }
},
{
    "pk": 34, 
    "model": "base.monthlystat", 
    "fields": {
        "month": 5, 
        "value": "200", 
        "key": "bar_total_ttc", 
        "year": 2013
    }
},
{
    "pk": 35, 
    "model": "base.monthlystat", 
    "fields": {
        "month": 5, 
        "value": "300", 
        "key": "guests_total_ttc", 
        "year": 2013
    }
},
{
    "pk": 36, 
    "model": "base.monthlystat", 
    "fields": {
        "month": 5, 
        "value": "414", 
        "key": "nb_bills", 
        "year": 2013
    }
},
{
    "pk": 37, 
    "model": "base.monthlystat", 
    "fields": {
        "month": 5, 
        "value": "177", 
        "key": "guests_nb", 
        "year": 2013
    }
},
{
    "pk": 38, 
    "model": "base.monthlystat", 
    "fields": {
        "month": 5, 
        "value": "492", 
        "key": "guests_average", 
        "year": 2013
    }
},
{
    "pk": 39, 
    "model": "base.monthlystat", 
    "fields": {
        "month": 5, 
        "value": "241", 
        "key": "bar_nb", 
        "year": 2013
    }
},
{
    "pk": 40, 
    "model": "base.monthlystat", 
    "fields": {
        "month": 5, 
        "value": "461", 
        "key": "bar_average", 
        "year": 2013
    }
},
{
    "pk": 41, 
    "model": "base.monthlystat", 
    "fields": {
        "month": 6, 
        "value": "600", 
        "key": "total_ttc", 
        "year": 2013
    }
},
{
    "pk": 42, 
    "model": "base.monthlystat", 
    "fields": {
        "month": 6, 
        "value": "240", 
        "key": "bar_total_ttc", 
        "year": 2013
    }
},
{
    "pk": 43, 
    "model": "base.monthlystat", 
    "fields": {
        "month": 6, 
        "value": "360", 
        "key": "guests_total_ttc", 
        "year": 2013
    }
},
{
    "pk": 44, 
    "model": "base.monthlystat", 
    "fields": {
        "month": 6, 
        "value": "143", 
        "key": "nb_bills", 
        "year": 2013
    }
},
{
    "pk": 45, 
    "model": "base.monthlystat", 
    "fields": {
        "month": 6, 
        "value": "428", 
        "key": "guests_nb", 
        "year": 2013
    }
},
{
    "pk": 46, 
    "model": "base.monthlystat", 
    "fields": {
        "month": 6, 
        "value": "355", 
        "key": "guests_average", 
        "year": 2013
    }
},
{
    "pk": 47, 
    "model": "base.monthlystat", 
    "fields": {
        "month": 6, 
        "value": "98", 
        "key": "bar_nb", 
        "year": 2013
    }
},
{
    "pk": 48, 
    "model": "base.monthlystat", 
    "fields": {
        "month": 6, 
        "value": "229", 
        "key": "bar_average", 
        "year": 2013
    }
},
{
    "pk": 49, 
    "model": "base.monthlystat", 
    "fields": {
        "month": 7, 
        "value": "700", 
        "key": "total_ttc", 
        "year": 2013
    }
},
{
    "pk": 50, 
    "model": "base.monthlystat", 
    "fields": {
        "month": 7, 
        "value": "280", 
        "key": "bar_total_ttc", 
        "year": 2013
    }
},
{
    "pk": 51, 
    "model": "base.monthlystat", 
    "fields": {
        "month": 7, 
        "value": "420", 
        "key": "guests_total_ttc", 
        "year": 2013
    }
},
{
    "pk": 52, 
    "model": "base.monthlystat", 
    "fields": {
        "month": 7, 
        "value": "96", 
        "key": "nb_bills", 
        "year": 2013
    }
},
{
    "pk": 53, 
    "model": "base.monthlystat", 
    "fields": {
        "month": 7, 
        "value": "163", 
        "key": "guests_nb", 
        "year": 2013
    }
},
{
    "pk": 54, 
    "model": "base.monthlystat", 
    "fields": {
        "month": 7, 
        "value": "82", 
        "key": "guests_average", 
        "year": 2013
    }
},
{
    "pk": 55, 
    "model": "base.monthlystat", 
    "fields": {
        "month": 7, 
        "value": "270", 
        "key": "bar_nb", 
        "year": 2013
    }
},
{
    "pk": 56, 
    "model": "base.monthlystat", 
    "fields": {
        "month": 7, 
        "value": "432", 
        "key": "bar_average", 
        "year": 2013
    }
},
{
    "pk": 57, 
    "model": "base.monthlystat", 
    "fields": {
        "month": 8, 
        "value": "800", 
        "key": "total_ttc", 
        "year": 2013
    }
},
{
    "pk": 58, 
    "model": "base.monthlystat", 
    "fields": {
        "month": 8, 
        "value": "320", 
        "key": "bar_total_ttc", 
        "year": 2013
    }
},
{
    "pk": 59, 
    "model": "base.monthlystat", 
    "fields": {
        "month": 8, 
        "value": "480", 
        "key": "guests_total_ttc", 
        "year": 2013
    }
},
{
    "pk": 60, 
    "model": "base.monthlystat", 
    "fields": {
        "month": 8, 
        "value": "348", 
        "key": "nb_bills", 
        "year": 2013
    }
},
{
    "pk": 61, 
    "model": "base.monthlystat", 
    "fields": {
        "month": 8, 
        "value": "313", 
        "key": "guests_nb", 
        "year": 2013
    }
},
{
    "pk": 62, 
    "model": "base.monthlystat", 
    "fields": {
        "month": 8, 
        "value": "339", 
        "key": "guests_average", 
        "year": 2013
    }
},
{
    "pk": 63, 
    "model": "base.monthlystat", 
    "fields": {
        "month": 8, 
        "value": "54", 
        "key": "bar_nb", 
        "year": 2013
    }
},
{
    "pk": 64, 
    "model": "base.monthlystat", 
    "fields": {
        "month": 8, 
        "value": "66", 
        "key": "bar_average", 
        "year": 2013
    }
},
{
    "pk": 65, 
    "model": "base.monthlystat", 
    "fields": {
        "month": 9, 
        "value": "900", 
        "key": "total_ttc", 
        "year": 2013
    }
},
{
    "pk": 66, 
    "model": "base.monthlystat", 
    "fields": {
        "month": 9, 
        "value": "360", 
        "key": "bar_total_ttc", 
        "year": 2013
    }
},
{
    "pk": 67, 
    "model": "base.monthlystat", 
    "fields": {
        "month": 9, 
        "value": "540", 
        "key": "guests_total_ttc", 
        "year": 2013
    }
},
{
    "pk": 68, 
    "model": "base.monthlystat", 
    "fields": {
        "month": 9, 
        "value": "328", 
        "key": "nb_bills", 
        "year": 2013
    }
},
{
    "pk": 69, 
    "model": "base.monthlystat", 
    "fields": {
        "month": 9, 
        "value": "369", 
        "key": "guests_nb", 
        "year": 2013
    }
},
{
    "pk": 70, 
    "model": "base.monthlystat", 
    "fields": {
        "month": 9, 
        "value": "119", 
        "key": "guests_average", 
        "year": 2013
    }
},
{
    "pk": 71, 
    "model": "base.monthlystat", 
    "fields": {
        "month": 9, 
        "value": "359", 
        "key": "bar_nb", 
        "year": 2013
    }
},
{
    "pk": 72, 
    "model": "base.monthlystat", 
    "fields": {
        "month": 9, 
        "value": "490", 
        "key": "bar_average", 
        "year": 2013
    }
},
{
    "pk": 73, 
    "model": "base.monthlystat", 
    "fields": {
        "month": 10, 
        "value": "1000", 
        "key": "total_ttc", 
        "year": 2013
    }
},
{
    "pk": 74, 
    "model": "base.monthlystat", 
    "fields": {
        "month": 10, 
        "value": "400", 
        "key": "bar_total_ttc", 
        "year": 2013
    }
},
{
    "pk": 75, 
    "model": "base.monthlystat", 
    "fields": {
        "month": 10, 
        "value": "600", 
        "key": "guests_total_ttc", 
        "year": 2013
    }
},
{
    "pk": 76, 
    "model": "base.monthlystat", 
    "fields": {
        "month": 10, 
        "value": "329", 
        "key": "nb_bills", 
        "year": 2013
    }
},
{
    "pk": 77, 
    "model": "base.monthlystat", 
    "fields": {
        "month": 10, 
        "value": "323", 
        "key": "guests_nb", 
        "year": 2013
    }
},
{
    "pk": 78, 
    "model": "base.monthlystat", 
    "fields": {
        "month": 10, 
        "value": "141", 
        "key": "guests_average", 
        "year": 2013
    }
},
{
    "pk": 79, 
    "model": "base.monthlystat", 
    "fields": {
        "month": 10, 
        "value": "409", 
        "key": "bar_nb", 
        "year": 2013
    }
},
{
    "pk": 80, 
    "model": "base.monthlystat", 
    "fields": {
        "month": 10, 
        "value": "274", 
        "key": "bar_average", 
        "year": 2013
    }
},
{
    "pk": 81, 
    "model": "base.monthlystat", 
    "fields": {
        "month": 11, 
        "value": "1100", 
        "key": "total_ttc", 
        "year": 2013
    }
},
{
    "pk": 82, 
    "model": "base.monthlystat", 
    "fields": {
        "month": 11, 
        "value": "440", 
        "key": "bar_total_ttc", 
        "year": 2013
    }
},
{
    "pk": 83, 
    "model": "base.monthlystat", 
    "fields": {
        "month": 11, 
        "value": "660", 
        "key": "guests_total_ttc", 
        "year": 2013
    }
},
{
    "pk": 84, 
    "model": "base.monthlystat", 
    "fields": {
        "month": 11, 
        "value": "445", 
        "key": "nb_bills", 
        "year": 2013
    }
},
{
    "pk": 85, 
    "model": "base.monthlystat", 
    "fields": {
        "month": 11, 
        "value": "404", 
        "key": "guests_nb", 
        "year": 2013
    }
},
{
    "pk": 86, 
    "model": "base.monthlystat", 
    "fields": {
        "month": 11, 
        "value": "367", 
        "key": "guests_average", 
        "year": 2013
    }
},
{
    "pk": 87, 
    "model": "base.monthlystat", 
    "fields": {
        "month": 11, 
        "value": "76", 
        "key": "bar_nb", 
        "year": 2013
    }
},
{
    "pk": 88, 
    "model": "base.monthlystat", 
    "fields": {
        "month": 11, 
        "value": "238", 
        "key": "bar_average", 
        "year": 2013
    }
},
{
    "pk": 89, 
    "model": "base.monthlystat", 
    "fields": {
        "month": 12, 
        "value": "1200", 
        "key": "total_ttc", 
        "year": 2013
    }
},
{
    "pk": 90, 
    "model": "base.monthlystat", 
    "fields": {
        "month": 12, 
        "value": "480", 
        "key": "bar_total_ttc", 
        "year": 2013
    }
},
{
    "pk": 91, 
    "model": "base.monthlystat", 
    "fields": {
        "month": 12, 
        "value": "720", 
        "key": "guests_total_ttc", 
        "year": 2013
    }
},
{
    "pk": 92, 
    "model": "base.monthlystat", 
    "fields": {
        "month": 12, 
        "value": "492", 
        "key": "nb_bills", 
        "year": 2013
    }
},
{
    "pk": 93, 
    "model": "base.monthlystat", 
    "fields": {
        "month": 12, 
        "value": "270", 
        "key": "guests_nb", 
        "year": 2013
    }
},
{
    "pk": 94, 
    "model": "base.monthlystat", 
    "fields": {
        "month": 12, 
        "value": "253", 
        "key": "guests_average", 
        "year": 2013
    }
},
{
    "pk": 95, 
    "model": "base.monthlystat", 
    "fields": {
        "month": 12, 
        "value": "240", 
        "key": "bar_nb", 
        "year": 2013
    }
},
{
    "pk": 96, 
    "model": "base.monthlystat", 
    "fields": {
        "month": 12, 
        "value": "63", 
        "key": "bar_average", 
        "year": 2013
    }
},
{
    "pk": 1, 
    "model": "base.dailystat", 
    "fields": {
        "date": "2013-10-01", 
        "value": "234", 
        "key": "total_ttc"
    }
},
{
    "pk": 1, 
    "model": "base.zone", 
    "fields": {
        "nom": "Bar", 
        "surtaxe": false
    }
},
{
    "pk": 2, 
    "model": "base.zone", 
    "fields": {
        "nom": "Rez de chaussee", 
        "surtaxe": false
    }
},
{
    "pk": 3, 
    "model": "base.zone", 
    "fields": {
        "nom": "Terrasse", 
        "surtaxe": true
    }
},
{
    "pk": 1, 
    "model": "base.table", 
    "fields": {
        "nom": "T--", 
        "zone": 1
    }
},
{
    "pk": 2, 
    "model": "base.table", 
    "fields": {
        "nom": "T01", 
        "zone": 2
    }
},
{
    "pk": 3, 
    "model": "base.table", 
    "fields": {
        "nom": "T02", 
        "zone": 2
    }
},
{
    "pk": 4, 
    "model": "base.table", 
    "fields": {
        "nom": "T03", 
        "zone": 2
    }
},
{
    "pk": 5, 
    "model": "base.table", 
    "fields": {
        "nom": "T04", 
        "zone": 2
    }
},
{
    "pk": 6, 
    "model": "base.table", 
    "fields": {
        "nom": "T05", 
        "zone": 2
    }
},
{
    "pk": 7, 
    "model": "base.table", 
    "fields": {
        "nom": "T06", 
        "zone": 2
    }
},
{
    "pk": 8, 
    "model": "base.table", 
    "fields": {
        "nom": "T07", 
        "zone": 2
    }
},
{
    "pk": 9, 
    "model": "base.table", 
    "fields": {
        "nom": "T08", 
        "zone": 2
    }
},
{
    "pk": 10, 
    "model": "base.table", 
    "fields": {
        "nom": "T09", 
        "zone": 2
    }
},
{
    "pk": 11, 
    "model": "base.table", 
    "fields": {
        "nom": "T10", 
        "zone": 2
    }
},
{
    "pk": 12, 
    "model": "base.table", 
    "fields": {
        "nom": "T11", 
        "zone": 2
    }
},
{
    "pk": 13, 
    "model": "base.table", 
    "fields": {
        "nom": "T12", 
        "zone": 2
    }
},
{
    "pk": 14, 
    "model": "base.table", 
    "fields": {
        "nom": "T13", 
        "zone": 2
    }
},
{
    "pk": 15, 
    "model": "base.table", 
    "fields": {
        "nom": "T14", 
        "zone": 2
    }
},
{
    "pk": 16, 
    "model": "base.table", 
    "fields": {
        "nom": "T15", 
        "zone": 3
    }
},
{
    "pk": 17, 
    "model": "base.table", 
    "fields": {
        "nom": "T16", 
        "zone": 3
    }
},
{
    "pk": 18, 
    "model": "base.table", 
    "fields": {
        "nom": "T17", 
        "zone": 3
    }
},
{
    "pk": 19, 
    "model": "base.table", 
    "fields": {
        "nom": "T18", 
        "zone": 3
    }
},
{
    "pk": 20, 
    "model": "base.table", 
    "fields": {
        "nom": "T19", 
        "zone": 3
    }
},
{
    "pk": 21, 
    "model": "base.table", 
    "fields": {
        "nom": "T20", 
        "zone": 3
    }
},
{
    "pk": 22, 
    "model": "base.table", 
    "fields": {
        "nom": "T21", 
        "zone": 3
    }
},
{
    "pk": 23, 
    "model": "base.table", 
    "fields": {
        "nom": "T22", 
        "zone": 3
    }
},
{
    "pk": 24, 
    "model": "base.table", 
    "fields": {
        "nom": "T23", 
        "zone": 3
    }
},
{
    "pk": 25, 
    "model": "base.table", 
    "fields": {
        "nom": "T24", 
        "zone": 3
    }
},
{
    "pk": 26, 
    "model": "base.table", 
    "fields": {
        "nom": "T25", 
        "zone": 3
    }
},
{
    "pk": 1, 
    "model": "base.vatonbill", 
    "fields": {
        "total": "7.5", 
        "vat": 2
    }
},
{
    "pk": 2, 
    "model": "base.vatonbill", 
    "fields": {
        "total": "1.41", 
        "vat": 1
    }
},
{
    "pk": 3, 
    "model": "base.vatonbill", 
    "fields": {
        "total": "7.5", 
        "vat": 2
    }
},
{
    "pk": 4, 
    "model": "base.vatonbill", 
    "fields": {
        "total": "1.41", 
        "vat": 1
    }
},
{
    "pk": 5, 
    "model": "base.vatonbill", 
    "fields": {
        "total": "7.5", 
        "vat": 2
    }
},
{
    "pk": 6, 
    "model": "base.vatonbill", 
    "fields": {
        "total": "1.41", 
        "vat": 1
    }
},
{
    "pk": 7, 
    "model": "base.vatonbill", 
    "fields": {
        "total": "7.5", 
        "vat": 2
    }
},
{
    "pk": 8, 
    "model": "base.vatonbill", 
    "fields": {
        "total": "1.41", 
        "vat": 1
    }
},
{
    "pk": 9, 
    "model": "base.vatonbill", 
    "fields": {
        "total": "7.5", 
        "vat": 2
    }
},
{
    "pk": 10, 
    "model": "base.vatonbill", 
    "fields": {
        "total": "1.41", 
        "vat": 1
    }
},
{
    "pk": 11, 
    "model": "base.vatonbill", 
    "fields": {
        "total": "7.5", 
        "vat": 2
    }
},
{
    "pk": 12, 
    "model": "base.vatonbill", 
    "fields": {
        "total": "1.41", 
        "vat": 1
    }
},
{
    "pk": 13, 
    "model": "base.vatonbill", 
    "fields": {
        "total": "7.5", 
        "vat": 2
    }
},
{
    "pk": 14, 
    "model": "base.vatonbill", 
    "fields": {
        "total": "1.41", 
        "vat": 1
    }
},
{
    "pk": 15, 
    "model": "base.vatonbill", 
    "fields": {
        "total": "7.5", 
        "vat": 2
    }
},
{
    "pk": 16, 
    "model": "base.vatonbill", 
    "fields": {
        "total": "1.41", 
        "vat": 1
    }
},
{
    "pk": 17, 
    "model": "base.vatonbill", 
    "fields": {
        "total": "7.5", 
        "vat": 2
    }
},
{
    "pk": 18, 
    "model": "base.vatonbill", 
    "fields": {
        "total": "1.41", 
        "vat": 1
    }
},
{
    "pk": 19, 
    "model": "base.vatonbill", 
    "fields": {
        "total": "7.5", 
        "vat": 2
    }
},
{
    "pk": 20, 
    "model": "base.vatonbill", 
    "fields": {
        "total": "1.41", 
        "vat": 1
    }
},
{
    "pk": 21, 
    "model": "base.vatonbill", 
    "fields": {
        "total": "7.5", 
        "vat": 2
    }
},
{
    "pk": 22, 
    "model": "base.vatonbill", 
    "fields": {
        "total": "1.41", 
        "vat": 1
    }
},
{
    "pk": 23, 
    "model": "base.vatonbill", 
    "fields": {
        "total": "7.5", 
        "vat": 2
    }
},
{
    "pk": 24, 
    "model": "base.vatonbill", 
    "fields": {
        "total": "1.41", 
        "vat": 1
    }
},
{
    "pk": 25, 
    "model": "base.vatonbill", 
    "fields": {
        "total": "7.5", 
        "vat": 2
    }
},
{
    "pk": 26, 
    "model": "base.vatonbill", 
    "fields": {
        "total": "1.41", 
        "vat": 1
    }
},
{
    "pk": 27, 
    "model": "base.vatonbill", 
    "fields": {
        "total": "7.5", 
        "vat": 2
    }
},
{
    "pk": 28, 
    "model": "base.vatonbill", 
    "fields": {
        "total": "1.41", 
        "vat": 1
    }
},
{
    "pk": 29, 
    "model": "base.vatonbill", 
    "fields": {
        "total": "7.5", 
        "vat": 2
    }
},
{
    "pk": 30, 
    "model": "base.vatonbill", 
    "fields": {
        "total": "1.41", 
        "vat": 1
    }
}
]
