[{"pk": 1, "model": "south.migrationhistory", "fields": {"applied": "2013-12-31T20:43:30.493Z", "app_name": "base", "migration": "0001_initial"}}, {"pk": 2, "model": "south.migrationhistory", "fields": {"applied": "2013-12-31T20:43:30.816Z", "app_name": "base", "migration": "0002_auto__add_vat__add_field_categorie_vat_onsite__add_field_categorie_vat"}}, {"pk": 3, "model": "south.migrationhistory", "fields": {"applied": "2013-12-31T20:43:30.998Z", "app_name": "base", "migration": "0003_auto__del_field_categorie_alcool"}}, {"pk": 4, "model": "south.migrationhistory", "fields": {"applied": "2013-12-31T20:43:31.180Z", "app_name": "base", "migration": "0004_auto__add_field_vat_value"}}, {"pk": 5, "model": "south.migrationhistory", "fields": {"applied": "2013-12-31T20:43:31.371Z", "app_name": "base", "migration": "0005_auto__chg_field_vat_value"}}, {"pk": 6, "model": "south.migrationhistory", "fields": {"applied": "2013-12-31T20:43:31.589Z", "app_name": "base", "migration": "0006_auto__chg_field_vat_value"}}, {"pk": 7, "model": "south.migrationhistory", "fields": {"applied": "2013-12-31T20:43:31.803Z", "app_name": "base", "migration": "0007_auto__add_field_facture_onsite"}}, {"pk": 8, "model": "south.migrationhistory", "fields": {"applied": "2013-12-31T20:43:32.026Z", "app_name": "base", "migration": "0008_auto__del_field_paiementtype_priorite__del_field_paiementtype_nom_fact"}}, {"pk": 9, "model": "south.migrationhistory", "fields": {"applied": "2013-12-31T20:43:32.406Z", "app_name": "base", "migration": "0009_auto__add_vatonbill__add_field_facture_total_ttc"}}, {"pk": 10, "model": "south.migrationhistory", "fields": {"applied": "2013-12-31T20:43:32.538Z", "app_name": "base", "migration": "0010_facture_total_ttc"}}, {"pk": 11, "model": "south.migrationhistory", "fields": {"applied": "2013-12-31T20:43:32.766Z", "app_name": "base", "migration": "0011_auto__del_field_facture_montant_alcool__del_field_facture_montant_norm"}}, {"pk": 12, "model": "south.migrationhistory", "fields": {"applied": "2013-12-31T20:43:32.944Z", "app_name": "base", "migration": "0012_auto__add_field_cuisson_nom_facture"}}, {"pk": 13, "model": "south.migrationhistory", "fields": {"applied": "2013-12-31T20:43:33.115Z", "app_name": "base", "migration": "0013_auto__add_printer"}}, {"pk": 14, "model": "south.migrationhistory", "fields": {"applied": "2013-12-31T20:43:33.361Z", "app_name": "base", "migration": "0014_auto__add_field_printer_width"}}, {"pk": 15, "model": "south.migrationhistory", "fields": {"applied": "2013-12-31T20:43:33.580Z", "app_name": "base", "migration": "0015_auto__add_field_categorie_made_in_kitchen"}}, {"pk": 16, "model": "south.migrationhistory", "fields": {"applied": "2013-12-31T20:43:33.820Z", "app_name": "base", "migration": "0016_auto__add_field_produitvendu_made_with__add_field_produitvendu_sent"}}, {"pk": 17, "model": "south.migrationhistory", "fields": {"applied": "2013-12-31T20:43:34.071Z", "app_name": "base", "migration": "0017_auto__chg_field_produitvendu_made_with"}}, {"pk": 18, "model": "south.migrationhistory", "fields": {"applied": "2013-12-31T20:43:34.402Z", "app_name": "base", "migration": "0018_auto__del_field_suivi_etat__add_field_suivi_category"}}, {"pk": 19, "model": "south.migrationhistory", "fields": {"applied": "2013-12-31T20:43:34.620Z", "app_name": "base", "migration": "0019_auto__add_field_produit_vat_onsite__add_field_produit_vat_takeaway"}}, {"pk": 20, "model": "south.migrationhistory", "fields": {"applied": "2013-12-31T20:43:34.783Z", "app_name": "base", "migration": "0020_auto"}}, {"pk": 21, "model": "south.migrationhistory", "fields": {"applied": "2013-12-31T20:43:35.522Z", "app_name": "base", "migration": "0021_auto__del_etat__del_couleur__del_field_categorie_couleur__add_field_ca"}}, {"pk": 22, "model": "south.migrationhistory", "fields": {"applied": "2013-12-31T20:43:35.717Z", "app_name": "base", "migration": "0022_auto__add_field_facture_overcharge"}}, {"pk": 23, "model": "south.migrationhistory", "fields": {"applied": "2013-12-31T20:43:36.174Z", "app_name": "base", "migration": "0023_auto__del_suivi__add_follow__add_field_facture_following__add_field_fa"}}, {"pk": 24, "model": "south.migrationhistory", "fields": {"applied": "2013-12-31T20:43:36.586Z", "app_name": "base", "migration": "0024_auto__del_field_facture_following"}}, {"pk": 25, "model": "south.migrationhistory", "fields": {"applied": "2013-12-31T20:43:36.807Z", "app_name": "base", "migration": "0025_auto__chg_field_facture_category_to_follow"}}, {"pk": 26, "model": "south.migrationhistory", "fields": {"applied": "2013-12-31T20:43:36.961Z", "app_name": "base", "migration": "0026_auto__add_config"}}, {"pk": 27, "model": "south.migrationhistory", "fields": {"applied": "2013-12-31T20:43:37.234Z", "app_name": "base", "migration": "0027_auto__del_statsjourcategorie__del_statsjourgeneral__del_statsjourprodu"}}, {"pk": 28, "model": "south.migrationhistory", "fields": {"applied": "2013-12-31T20:43:37.427Z", "app_name": "base", "migration": "0028_auto__del_logtype__del_log"}}, {"pk": 29, "model": "south.migrationhistory", "fields": {"applied": "2013-12-31T20:43:37.781Z", "app_name": "base", "migration": "0029_auto__add_field_produit_price_surcharged__add_field_produit_vat_surcha"}}, {"pk": 30, "model": "south.migrationhistory", "fields": {"applied": "2013-12-31T20:43:38.052Z", "app_name": "base", "migration": "0030_auto__del_field_facture_overcharge__add_field_facture_surcharge"}}, {"pk": 31, "model": "south.migrationhistory", "fields": {"applied": "2013-12-31T20:43:38.238Z", "app_name": "base", "migration": "0031_auto__del_field_produit_nom_facture"}}, {"pk": 32, "model": "south.migrationhistory", "fields": {"applied": "2013-12-31T20:43:39.071Z", "app_name": "base", "migration": "0032_auto__del_accompagnement__add_dish__add_field_sauce_nom_facture__del_f"}}, {"pk": 33, "model": "south.migrationhistory", "fields": {"applied": "2013-12-31T20:43:39.339Z", "app_name": "base", "migration": "0033_auto__add_note"}}, {"pk": 34, "model": "south.migrationhistory", "fields": {"applied": "2013-12-31T20:43:39.941Z", "app_name": "django_extensions", "migration": "0001_empty"}}, {"pk": 1, "model": "auth.user", "fields": {"username": "demo", "first_name": "first name", "last_name": "last name", "is_active": true, "is_superuser": false, "is_staff": false, "last_login": "2013-12-31T20:43:45.507Z", "groups": [], "user_permissions": [61, 62, 63, 64, 65, 66, 67, 68, 69], "password": "pbkdf2_sha256$10000$W1NuQUuYmirC$qQABY7Ft784NQFveojuBdreK1+UAHnYGkjAJEJ+nFZs=", "email": "demo@possum-software.org", "date_joined": "2013-12-31T20:43:45.507Z"}}, {"pk": 1, "model": "base.vat", "fields": {"tax": "19.6", "name": "alcool", "value": "0.196"}}, {"pk": 2, "model": "base.vat", "fields": {"tax": "7", "name": "sur place", "value": "0.07"}}, {"pk": 3, "model": "base.vat", "fields": {"tax": "5", "name": "\u00e0 emporter", "value": "0.05"}}, {"pk": 1, "model": "base.cuisson", "fields": {"nom_facture": "B", "nom": "bleu", "priorite": 10, "color": "#8CC6D7"}}, {"pk": 2, "model": "base.cuisson", "fields": {"nom_facture": "S", "nom": "saignant", "priorite": 15, "color": "#DB0B32"}}, {"pk": 3, "model": "base.cuisson", "fields": {"nom_facture": "AP", "nom": "\u00e0 point", "priorite": 20, "color": "#C44C51"}}, {"pk": 4, "model": "base.cuisson", "fields": {"nom_facture": "BC", "nom": "bien cuit", "priorite": 25, "color": "#B78178"}}, {"pk": 1, "model": "base.categorie", "fields": {"nom": "Jus", "disable_surtaxe": false, "color": "#44b3dc", "available_sauces": [], "vat_takeaway": 3, "priorite": 25, "available_dishes": [], "vat_onsite": 2, "made_in_kitchen": false, "surtaxable": false}}, {"pk": 2, "model": "base.categorie", "fields": {"nom": "Bieres", "disable_surtaxe": false, "color": "#ea97b5", "available_sauces": [], "vat_takeaway": 1, "priorite": 2, "available_dishes": [], "vat_onsite": 1, "made_in_kitchen": false, "surtaxable": false}}, {"pk": 3, "model": "base.categorie", "fields": {"nom": "Entrees", "disable_surtaxe": false, "color": "#ff9f00", "available_sauces": [], "vat_takeaway": 3, "priorite": 5, "available_dishes": [], "vat_onsite": 2, "made_in_kitchen": true, "surtaxable": false}}, {"pk": 4, "model": "base.categorie", "fields": {"nom": "Plat", "disable_surtaxe": false, "color": "#c9a100", "available_sauces": [], "vat_takeaway": 3, "priorite": 10, "available_dishes": [], "vat_onsite": 2, "made_in_kitchen": true, "surtaxable": false}}, {"pk": 5, "model": "base.categorie", "fields": {"nom": "Menu", "disable_surtaxe": false, "color": "#88f027", "available_sauces": [], "vat_takeaway": 3, "priorite": 22, "available_dishes": [], "vat_onsite": 2, "made_in_kitchen": false, "surtaxable": false}}, {"pk": 1, "model": "base.config", "fields": {"value": "5", "key": "payment_for_refunds"}}, {"pk": 2, "model": "base.config", "fields": {"value": "0.20", "key": "price_surcharge"}}, {"pk": 1, "model": "base.produit", "fields": {"nom": "jus abricot", "categories_ok": [], "choix_sauce": false, "choix_cuisson": false, "vat_takeaway": "0.13", "vat_surcharged": "0.18", "prix": "2.8", "price_surcharged": "2.8", "vat_onsite": "0.18", "choix_dish": false, "categorie": 1, "actif": true, "produits_ok": []}}, {"pk": 2, "model": "base.produit", "fields": {"nom": "jus pomme", "categories_ok": [], "choix_sauce": false, "choix_cuisson": false, "vat_takeaway": "0.13", "vat_surcharged": "0.18", "prix": "2.8", "price_surcharged": "2.8", "vat_onsite": "0.18", "choix_dish": false, "categorie": 1, "actif": true, "produits_ok": []}}, {"pk": 3, "model": "base.produit", "fields": {"nom": "biere 50cl", "categories_ok": [], "choix_sauce": false, "choix_cuisson": false, "vat_takeaway": "0.46", "vat_surcharged": "0.46", "prix": "2.8", "price_surcharged": "2.8", "vat_onsite": "0.46", "choix_dish": false, "categorie": 2, "actif": true, "produits_ok": []}}, {"pk": 4, "model": "base.produit", "fields": {"nom": "salade normande", "categories_ok": [], "choix_sauce": false, "choix_cuisson": false, "vat_takeaway": "0.16", "vat_surcharged": "0.22", "prix": "3.4", "price_surcharged": "3.4", "vat_onsite": "0.22", "choix_dish": false, "categorie": 3, "actif": true, "produits_ok": [8]}}, {"pk": 5, "model": "base.produit", "fields": {"nom": "buffet", "categories_ok": [], "choix_sauce": false, "choix_cuisson": false, "vat_takeaway": "0.3", "vat_surcharged": "0.42", "prix": "6.4", "price_surcharged": "6.4", "vat_onsite": "0.42", "choix_dish": false, "categorie": 3, "actif": true, "produits_ok": []}}, {"pk": 6, "model": "base.produit", "fields": {"nom": "entrecote", "categories_ok": [], "choix_sauce": false, "choix_cuisson": true, "vat_takeaway": "0.4", "vat_surcharged": "0.55", "prix": "8.4", "price_surcharged": "8.4", "vat_onsite": "0.55", "choix_dish": false, "categorie": 4, "actif": true, "produits_ok": [8]}}, {"pk": 7, "model": "base.produit", "fields": {"nom": "pave de saumon", "categories_ok": [], "choix_sauce": false, "choix_cuisson": false, "vat_takeaway": "0.45", "vat_surcharged": "0.61", "prix": "9.4", "price_surcharged": "9.4", "vat_onsite": "0.61", "choix_dish": false, "categorie": 4, "actif": true, "produits_ok": [8]}}, {"pk": 8, "model": "base.produit", "fields": {"nom": "Menu Entree/Plat", "categories_ok": [3, 4], "choix_sauce": false, "choix_cuisson": false, "vat_takeaway": "0.64", "vat_surcharged": "0.88", "prix": "13.4", "price_surcharged": "13.4", "vat_onsite": "0.88", "choix_dish": false, "categorie": 5, "actif": true, "produits_ok": [4, 6, 7]}}, {"pk": 1, "model": "base.produitvendu", "fields": {"produit": 4, "contient": [], "dishes": [], "made_with": 3, "notes": [], "prix": "3.4", "sauces": [], "date": "2013-12-31T20:43:49.983Z", "sent": false, "cuisson": null}}, {"pk": 2, "model": "base.produitvendu", "fields": {"produit": 4, "contient": [], "dishes": [], "made_with": 3, "notes": [], "prix": "3.4", "sauces": [], "date": "2013-12-31T20:43:50.290Z", "sent": false, "cuisson": null}}, {"pk": 3, "model": "base.produitvendu", "fields": {"produit": 4, "contient": [], "dishes": [], "made_with": 3, "notes": [], "prix": "3.4", "sauces": [], "date": "2013-12-31T20:43:50.518Z", "sent": false, "cuisson": null}}, {"pk": 4, "model": "base.produitvendu", "fields": {"produit": 5, "contient": [], "dishes": [], "made_with": 3, "notes": [], "prix": "6.4", "sauces": [], "date": "2013-12-31T20:43:50.688Z", "sent": false, "cuisson": null}}, {"pk": 5, "model": "base.produitvendu", "fields": {"produit": 5, "contient": [], "dishes": [], "made_with": 3, "notes": [], "prix": "6.4", "sauces": [], "date": "2013-12-31T20:43:50.977Z", "sent": false, "cuisson": null}}, {"pk": 6, "model": "base.produitvendu", "fields": {"produit": 5, "contient": [], "dishes": [], "made_with": 3, "notes": [], "prix": "6.4", "sauces": [], "date": "2013-12-31T20:43:51.233Z", "sent": false, "cuisson": null}}, {"pk": 7, "model": "base.produitvendu", "fields": {"produit": 6, "contient": [], "dishes": [], "made_with": 4, "notes": [], "prix": "8.4", "sauces": [], "date": "2013-12-31T20:43:51.461Z", "sent": false, "cuisson": null}}, {"pk": 8, "model": "base.produitvendu", "fields": {"produit": 6, "contient": [], "dishes": [], "made_with": 4, "notes": [], "prix": "8.4", "sauces": [], "date": "2013-12-31T20:43:51.799Z", "sent": false, "cuisson": null}}, {"pk": 9, "model": "base.produitvendu", "fields": {"produit": 6, "contient": [], "dishes": [], "made_with": 4, "notes": [], "prix": "8.4", "sauces": [], "date": "2013-12-31T20:43:52.087Z", "sent": false, "cuisson": null}}, {"pk": 10, "model": "base.produitvendu", "fields": {"produit": 7, "contient": [], "dishes": [], "made_with": 4, "notes": [], "prix": "9.4", "sauces": [], "date": "2013-12-31T20:43:52.389Z", "sent": false, "cuisson": null}}, {"pk": 11, "model": "base.produitvendu", "fields": {"produit": 7, "contient": [], "dishes": [], "made_with": 4, "notes": [], "prix": "9.4", "sauces": [], "date": "2013-12-31T20:43:52.748Z", "sent": false, "cuisson": null}}, {"pk": 12, "model": "base.produitvendu", "fields": {"produit": 7, "contient": [], "dishes": [], "made_with": 4, "notes": [], "prix": "9.4", "sauces": [], "date": "2013-12-31T20:43:53.065Z", "sent": false, "cuisson": null}}, {"pk": 13, "model": "base.produitvendu", "fields": {"produit": 3, "contient": [], "dishes": [], "made_with": 2, "notes": [], "prix": "2.8", "sauces": [], "date": "2013-12-31T20:43:53.432Z", "sent": false, "cuisson": null}}, {"pk": 14, "model": "base.produitvendu", "fields": {"produit": 3, "contient": [], "dishes": [], "made_with": 2, "notes": [], "prix": "2.8", "sauces": [], "date": "2013-12-31T20:43:53.861Z", "sent": false, "cuisson": null}}, {"pk": 15, "model": "base.produitvendu", "fields": {"produit": 3, "contient": [], "dishes": [], "made_with": 2, "notes": [], "prix": "2.8", "sauces": [], "date": "2013-12-31T20:43:54.254Z", "sent": false, "cuisson": null}}, {"pk": 16, "model": "base.produitvendu", "fields": {"produit": 8, "contient": [17, 18], "dishes": [], "made_with": null, "notes": [], "prix": "0", "sauces": [], "date": "2013-12-31T20:43:54.629Z", "sent": false, "cuisson": null}}, {"pk": 17, "model": "base.produitvendu", "fields": {"produit": 4, "contient": [16], "dishes": [], "made_with": null, "notes": [], "prix": "0", "sauces": [], "date": "2013-12-31T20:43:54.651Z", "sent": false, "cuisson": null}}, {"pk": 18, "model": "base.produitvendu", "fields": {"produit": 7, "contient": [16], "dishes": [], "made_with": null, "notes": [], "prix": "0", "sauces": [], "date": "2013-12-31T20:43:54.728Z", "sent": false, "cuisson": null}}, {"pk": 19, "model": "base.produitvendu", "fields": {"produit": 4, "contient": [], "dishes": [], "made_with": 3, "notes": [], "prix": "3.4", "sauces": [], "date": "2013-12-31T20:43:54.865Z", "sent": true, "cuisson": null}}, {"pk": 20, "model": "base.produitvendu", "fields": {"produit": 4, "contient": [], "dishes": [], "made_with": 3, "notes": [], "prix": "3.4", "sauces": [], "date": "2013-12-31T20:43:55.154Z", "sent": true, "cuisson": null}}, {"pk": 21, "model": "base.produitvendu", "fields": {"produit": 4, "contient": [], "dishes": [], "made_with": 3, "notes": [], "prix": "3.4", "sauces": [], "date": "2013-12-31T20:43:55.415Z", "sent": true, "cuisson": null}}, {"pk": 22, "model": "base.produitvendu", "fields": {"produit": 5, "contient": [], "dishes": [], "made_with": 3, "notes": [], "prix": "6.4", "sauces": [], "date": "2013-12-31T20:43:55.669Z", "sent": true, "cuisson": null}}, {"pk": 23, "model": "base.produitvendu", "fields": {"produit": 5, "contient": [], "dishes": [], "made_with": 3, "notes": [], "prix": "6.4", "sauces": [], "date": "2013-12-31T20:43:55.885Z", "sent": true, "cuisson": null}}, {"pk": 24, "model": "base.produitvendu", "fields": {"produit": 5, "contient": [], "dishes": [], "made_with": 3, "notes": [], "prix": "6.4", "sauces": [], "date": "2013-12-31T20:43:56.190Z", "sent": true, "cuisson": null}}, {"pk": 25, "model": "base.produitvendu", "fields": {"produit": 6, "contient": [], "dishes": [], "made_with": 4, "notes": [], "prix": "8.4", "sauces": [], "date": "2013-12-31T20:43:56.454Z", "sent": false, "cuisson": null}}, {"pk": 26, "model": "base.produitvendu", "fields": {"produit": 6, "contient": [], "dishes": [], "made_with": 4, "notes": [], "prix": "8.4", "sauces": [], "date": "2013-12-31T20:43:56.735Z", "sent": false, "cuisson": null}}, {"pk": 27, "model": "base.produitvendu", "fields": {"produit": 6, "contient": [], "dishes": [], "made_with": 4, "notes": [], "prix": "8.4", "sauces": [], "date": "2013-12-31T20:43:57.094Z", "sent": false, "cuisson": null}}, {"pk": 28, "model": "base.produitvendu", "fields": {"produit": 7, "contient": [], "dishes": [], "made_with": 4, "notes": [], "prix": "9.4", "sauces": [], "date": "2013-12-31T20:43:57.375Z", "sent": false, "cuisson": null}}, {"pk": 29, "model": "base.produitvendu", "fields": {"produit": 7, "contient": [], "dishes": [], "made_with": 4, "notes": [], "prix": "9.4", "sauces": [], "date": "2013-12-31T20:43:57.741Z", "sent": false, "cuisson": null}}, {"pk": 30, "model": "base.produitvendu", "fields": {"produit": 7, "contient": [], "dishes": [], "made_with": 4, "notes": [], "prix": "9.4", "sauces": [], "date": "2013-12-31T20:43:58.112Z", "sent": false, "cuisson": null}}, {"pk": 31, "model": "base.produitvendu", "fields": {"produit": 3, "contient": [], "dishes": [], "made_with": 2, "notes": [], "prix": "2.8", "sauces": [], "date": "2013-12-31T20:43:58.438Z", "sent": false, "cuisson": null}}, {"pk": 32, "model": "base.produitvendu", "fields": {"produit": 3, "contient": [], "dishes": [], "made_with": 2, "notes": [], "prix": "2.8", "sauces": [], "date": "2013-12-31T20:43:58.919Z", "sent": false, "cuisson": null}}, {"pk": 33, "model": "base.produitvendu", "fields": {"produit": 3, "contient": [], "dishes": [], "made_with": 2, "notes": [], "prix": "2.8", "sauces": [], "date": "2013-12-31T20:43:59.295Z", "sent": false, "cuisson": null}}, {"pk": 34, "model": "base.produitvendu", "fields": {"produit": 8, "contient": [35, 36], "dishes": [], "made_with": null, "notes": [], "prix": "0", "sauces": [], "date": "2013-12-31T20:43:59.696Z", "sent": false, "cuisson": null}}, {"pk": 35, "model": "base.produitvendu", "fields": {"produit": 4, "contient": [34], "dishes": [], "made_with": null, "notes": [], "prix": "0", "sauces": [], "date": "2013-12-31T20:43:59.717Z", "sent": false, "cuisson": null}}, {"pk": 36, "model": "base.produitvendu", "fields": {"produit": 7, "contient": [34], "dishes": [], "made_with": null, "notes": [], "prix": "0", "sauces": [], "date": "2013-12-31T20:43:59.795Z", "sent": false, "cuisson": null}}, {"pk": 37, "model": "base.produitvendu", "fields": {"produit": 4, "contient": [], "dishes": [], "made_with": 3, "notes": [], "prix": "3.4", "sauces": [], "date": "2013-12-31T20:44:00.626Z", "sent": false, "cuisson": null}}, {"pk": 38, "model": "base.produitvendu", "fields": {"produit": 4, "contient": [], "dishes": [], "made_with": 3, "notes": [], "prix": "3.4", "sauces": [], "date": "2013-12-31T20:44:00.981Z", "sent": false, "cuisson": null}}, {"pk": 39, "model": "base.produitvendu", "fields": {"produit": 4, "contient": [], "dishes": [], "made_with": 3, "notes": [], "prix": "3.4", "sauces": [], "date": "2013-12-31T20:44:01.171Z", "sent": false, "cuisson": null}}, {"pk": 40, "model": "base.produitvendu", "fields": {"produit": 5, "contient": [], "dishes": [], "made_with": 3, "notes": [], "prix": "6.4", "sauces": [], "date": "2013-12-31T20:44:01.390Z", "sent": false, "cuisson": null}}, {"pk": 41, "model": "base.produitvendu", "fields": {"produit": 5, "contient": [], "dishes": [], "made_with": 3, "notes": [], "prix": "6.4", "sauces": [], "date": "2013-12-31T20:44:01.681Z", "sent": false, "cuisson": null}}, {"pk": 42, "model": "base.produitvendu", "fields": {"produit": 5, "contient": [], "dishes": [], "made_with": 3, "notes": [], "prix": "6.4", "sauces": [], "date": "2013-12-31T20:44:01.899Z", "sent": false, "cuisson": null}}, {"pk": 43, "model": "base.produitvendu", "fields": {"produit": 6, "contient": [], "dishes": [], "made_with": 4, "notes": [], "prix": "8.4", "sauces": [], "date": "2013-12-31T20:44:02.185Z", "sent": false, "cuisson": null}}, {"pk": 44, "model": "base.produitvendu", "fields": {"produit": 6, "contient": [], "dishes": [], "made_with": 4, "notes": [], "prix": "8.4", "sauces": [], "date": "2013-12-31T20:44:02.515Z", "sent": false, "cuisson": null}}, {"pk": 45, "model": "base.produitvendu", "fields": {"produit": 6, "contient": [], "dishes": [], "made_with": 4, "notes": [], "prix": "8.4", "sauces": [], "date": "2013-12-31T20:44:02.754Z", "sent": false, "cuisson": null}}, {"pk": 46, "model": "base.produitvendu", "fields": {"produit": 7, "contient": [], "dishes": [], "made_with": 4, "notes": [], "prix": "9.4", "sauces": [], "date": "2013-12-31T20:44:03.093Z", "sent": false, "cuisson": null}}, {"pk": 47, "model": "base.produitvendu", "fields": {"produit": 7, "contient": [], "dishes": [], "made_with": 4, "notes": [], "prix": "9.4", "sauces": [], "date": "2013-12-31T20:44:03.443Z", "sent": false, "cuisson": null}}, {"pk": 48, "model": "base.produitvendu", "fields": {"produit": 7, "contient": [], "dishes": [], "made_with": 4, "notes": [], "prix": "9.4", "sauces": [], "date": "2013-12-31T20:44:03.747Z", "sent": false, "cuisson": null}}, {"pk": 49, "model": "base.produitvendu", "fields": {"produit": 3, "contient": [], "dishes": [], "made_with": 2, "notes": [], "prix": "2.8", "sauces": [], "date": "2013-12-31T20:44:04.143Z", "sent": false, "cuisson": null}}, {"pk": 50, "model": "base.produitvendu", "fields": {"produit": 3, "contient": [], "dishes": [], "made_with": 2, "notes": [], "prix": "2.8", "sauces": [], "date": "2013-12-31T20:44:04.556Z", "sent": false, "cuisson": null}}, {"pk": 51, "model": "base.produitvendu", "fields": {"produit": 3, "contient": [], "dishes": [], "made_with": 2, "notes": [], "prix": "2.8", "sauces": [], "date": "2013-12-31T20:44:04.937Z", "sent": false, "cuisson": null}}, {"pk": 52, "model": "base.produitvendu", "fields": {"produit": 8, "contient": [53, 54], "dishes": [], "made_with": null, "notes": [], "prix": "0", "sauces": [], "date": "2013-12-31T20:44:05.351Z", "sent": false, "cuisson": null}}, {"pk": 53, "model": "base.produitvendu", "fields": {"produit": 4, "contient": [52], "dishes": [], "made_with": null, "notes": [], "prix": "0", "sauces": [], "date": "2013-12-31T20:44:05.371Z", "sent": false, "cuisson": null}}, {"pk": 54, "model": "base.produitvendu", "fields": {"produit": 7, "contient": [52], "dishes": [], "made_with": null, "notes": [], "prix": "0", "sauces": [], "date": "2013-12-31T20:44:05.440Z", "sent": false, "cuisson": null}}, {"pk": 55, "model": "base.produitvendu", "fields": {"produit": 4, "contient": [], "dishes": [], "made_with": 3, "notes": [], "prix": "3.4", "sauces": [], "date": "2013-12-31T20:44:05.554Z", "sent": true, "cuisson": null}}, {"pk": 56, "model": "base.produitvendu", "fields": {"produit": 4, "contient": [], "dishes": [], "made_with": 3, "notes": [], "prix": "3.4", "sauces": [], "date": "2013-12-31T20:44:05.888Z", "sent": true, "cuisson": null}}, {"pk": 57, "model": "base.produitvendu", "fields": {"produit": 4, "contient": [], "dishes": [], "made_with": 3, "notes": [], "prix": "3.4", "sauces": [], "date": "2013-12-31T20:44:06.111Z", "sent": true, "cuisson": null}}, {"pk": 58, "model": "base.produitvendu", "fields": {"produit": 5, "contient": [], "dishes": [], "made_with": 3, "notes": [], "prix": "6.4", "sauces": [], "date": "2013-12-31T20:44:06.340Z", "sent": true, "cuisson": null}}, {"pk": 59, "model": "base.produitvendu", "fields": {"produit": 5, "contient": [], "dishes": [], "made_with": 3, "notes": [], "prix": "6.4", "sauces": [], "date": "2013-12-31T20:44:06.570Z", "sent": true, "cuisson": null}}, {"pk": 60, "model": "base.produitvendu", "fields": {"produit": 5, "contient": [], "dishes": [], "made_with": 3, "notes": [], "prix": "6.4", "sauces": [], "date": "2013-12-31T20:44:06.852Z", "sent": true, "cuisson": null}}, {"pk": 61, "model": "base.produitvendu", "fields": {"produit": 6, "contient": [], "dishes": [], "made_with": 4, "notes": [], "prix": "8.4", "sauces": [], "date": "2013-12-31T20:44:07.118Z", "sent": false, "cuisson": null}}, {"pk": 62, "model": "base.produitvendu", "fields": {"produit": 6, "contient": [], "dishes": [], "made_with": 4, "notes": [], "prix": "8.4", "sauces": [], "date": "2013-12-31T20:44:07.375Z", "sent": false, "cuisson": null}}, {"pk": 63, "model": "base.produitvendu", "fields": {"produit": 6, "contient": [], "dishes": [], "made_with": 4, "notes": [], "prix": "8.4", "sauces": [], "date": "2013-12-31T20:44:07.719Z", "sent": false, "cuisson": null}}, {"pk": 64, "model": "base.produitvendu", "fields": {"produit": 7, "contient": [], "dishes": [], "made_with": 4, "notes": [], "prix": "9.4", "sauces": [], "date": "2013-12-31T20:44:08.005Z", "sent": false, "cuisson": null}}, {"pk": 65, "model": "base.produitvendu", "fields": {"produit": 7, "contient": [], "dishes": [], "made_with": 4, "notes": [], "prix": "9.4", "sauces": [], "date": "2013-12-31T20:44:08.312Z", "sent": false, "cuisson": null}}, {"pk": 66, "model": "base.produitvendu", "fields": {"produit": 7, "contient": [], "dishes": [], "made_with": 4, "notes": [], "prix": "9.4", "sauces": [], "date": "2013-12-31T20:44:08.708Z", "sent": false, "cuisson": null}}, {"pk": 67, "model": "base.produitvendu", "fields": {"produit": 3, "contient": [], "dishes": [], "made_with": 2, "notes": [], "prix": "2.8", "sauces": [], "date": "2013-12-31T20:44:09.025Z", "sent": false, "cuisson": null}}, {"pk": 68, "model": "base.produitvendu", "fields": {"produit": 3, "contient": [], "dishes": [], "made_with": 2, "notes": [], "prix": "2.8", "sauces": [], "date": "2013-12-31T20:44:09.454Z", "sent": false, "cuisson": null}}, {"pk": 69, "model": "base.produitvendu", "fields": {"produit": 3, "contient": [], "dishes": [], "made_with": 2, "notes": [], "prix": "2.8", "sauces": [], "date": "2013-12-31T20:44:09.856Z", "sent": false, "cuisson": null}}, {"pk": 70, "model": "base.produitvendu", "fields": {"produit": 8, "contient": [71, 72], "dishes": [], "made_with": null, "notes": [], "prix": "0", "sauces": [], "date": "2013-12-31T20:44:10.193Z", "sent": false, "cuisson": null}}, {"pk": 71, "model": "base.produitvendu", "fields": {"produit": 4, "contient": [70], "dishes": [], "made_with": null, "notes": [], "prix": "0", "sauces": [], "date": "2013-12-31T20:44:10.215Z", "sent": false, "cuisson": null}}, {"pk": 72, "model": "base.produitvendu", "fields": {"produit": 7, "contient": [70], "dishes": [], "made_with": null, "notes": [], "prix": "0", "sauces": [], "date": "2013-12-31T20:44:10.304Z", "sent": false, "cuisson": null}}, {"pk": 73, "model": "base.produitvendu", "fields": {"produit": 4, "contient": [], "dishes": [], "made_with": 3, "notes": [], "prix": "3.4", "sauces": [], "date": "2013-12-31T20:44:11.219Z", "sent": false, "cuisson": null}}, {"pk": 74, "model": "base.produitvendu", "fields": {"produit": 4, "contient": [], "dishes": [], "made_with": 3, "notes": [], "prix": "3.4", "sauces": [], "date": "2013-12-31T20:44:11.425Z", "sent": false, "cuisson": null}}, {"pk": 75, "model": "base.produitvendu", "fields": {"produit": 4, "contient": [], "dishes": [], "made_with": 3, "notes": [], "prix": "3.4", "sauces": [], "date": "2013-12-31T20:44:11.614Z", "sent": false, "cuisson": null}}, {"pk": 76, "model": "base.produitvendu", "fields": {"produit": 5, "contient": [], "dishes": [], "made_with": 3, "notes": [], "prix": "6.4", "sauces": [], "date": "2013-12-31T20:44:11.855Z", "sent": false, "cuisson": null}}, {"pk": 77, "model": "base.produitvendu", "fields": {"produit": 5, "contient": [], "dishes": [], "made_with": 3, "notes": [], "prix": "6.4", "sauces": [], "date": "2013-12-31T20:44:12.095Z", "sent": false, "cuisson": null}}, {"pk": 78, "model": "base.produitvendu", "fields": {"produit": 5, "contient": [], "dishes": [], "made_with": 3, "notes": [], "prix": "6.4", "sauces": [], "date": "2013-12-31T20:44:12.360Z", "sent": false, "cuisson": null}}, {"pk": 79, "model": "base.produitvendu", "fields": {"produit": 6, "contient": [], "dishes": [], "made_with": 4, "notes": [], "prix": "8.4", "sauces": [], "date": "2013-12-31T20:44:12.623Z", "sent": false, "cuisson": null}}, {"pk": 80, "model": "base.produitvendu", "fields": {"produit": 6, "contient": [], "dishes": [], "made_with": 4, "notes": [], "prix": "8.4", "sauces": [], "date": "2013-12-31T20:44:12.909Z", "sent": false, "cuisson": null}}, {"pk": 81, "model": "base.produitvendu", "fields": {"produit": 6, "contient": [], "dishes": [], "made_with": 4, "notes": [], "prix": "8.4", "sauces": [], "date": "2013-12-31T20:44:13.223Z", "sent": false, "cuisson": null}}, {"pk": 82, "model": "base.produitvendu", "fields": {"produit": 7, "contient": [], "dishes": [], "made_with": 4, "notes": [], "prix": "9.4", "sauces": [], "date": "2013-12-31T20:44:13.511Z", "sent": false, "cuisson": null}}, {"pk": 83, "model": "base.produitvendu", "fields": {"produit": 7, "contient": [], "dishes": [], "made_with": 4, "notes": [], "prix": "9.4", "sauces": [], "date": "2013-12-31T20:44:13.863Z", "sent": false, "cuisson": null}}, {"pk": 84, "model": "base.produitvendu", "fields": {"produit": 7, "contient": [], "dishes": [], "made_with": 4, "notes": [], "prix": "9.4", "sauces": [], "date": "2013-12-31T20:44:14.206Z", "sent": false, "cuisson": null}}, {"pk": 85, "model": "base.produitvendu", "fields": {"produit": 3, "contient": [], "dishes": [], "made_with": 2, "notes": [], "prix": "2.8", "sauces": [], "date": "2013-12-31T20:44:14.528Z", "sent": false, "cuisson": null}}, {"pk": 86, "model": "base.produitvendu", "fields": {"produit": 3, "contient": [], "dishes": [], "made_with": 2, "notes": [], "prix": "2.8", "sauces": [], "date": "2013-12-31T20:44:15.011Z", "sent": false, "cuisson": null}}, {"pk": 87, "model": "base.produitvendu", "fields": {"produit": 3, "contient": [], "dishes": [], "made_with": 2, "notes": [], "prix": "2.8", "sauces": [], "date": "2013-12-31T20:44:15.348Z", "sent": false, "cuisson": null}}, {"pk": 88, "model": "base.produitvendu", "fields": {"produit": 8, "contient": [89, 90], "dishes": [], "made_with": null, "notes": [], "prix": "0", "sauces": [], "date": "2013-12-31T20:44:15.727Z", "sent": false, "cuisson": null}}, {"pk": 89, "model": "base.produitvendu", "fields": {"produit": 4, "contient": [88], "dishes": [], "made_with": null, "notes": [], "prix": "0", "sauces": [], "date": "2013-12-31T20:44:15.758Z", "sent": false, "cuisson": null}}, {"pk": 90, "model": "base.produitvendu", "fields": {"produit": 7, "contient": [88], "dishes": [], "made_with": null, "notes": [], "prix": "0", "sauces": [], "date": "2013-12-31T20:44:15.852Z", "sent": false, "cuisson": null}}, {"pk": 91, "model": "base.produitvendu", "fields": {"produit": 4, "contient": [], "dishes": [], "made_with": 3, "notes": [], "prix": "3.4", "sauces": [], "date": "2013-12-31T20:44:15.981Z", "sent": true, "cuisson": null}}, {"pk": 92, "model": "base.produitvendu", "fields": {"produit": 4, "contient": [], "dishes": [], "made_with": 3, "notes": [], "prix": "3.4", "sauces": [], "date": "2013-12-31T20:44:16.252Z", "sent": true, "cuisson": null}}, {"pk": 93, "model": "base.produitvendu", "fields": {"produit": 4, "contient": [], "dishes": [], "made_with": 3, "notes": [], "prix": "3.4", "sauces": [], "date": "2013-12-31T20:44:16.513Z", "sent": true, "cuisson": null}}, {"pk": 94, "model": "base.produitvendu", "fields": {"produit": 5, "contient": [], "dishes": [], "made_with": 3, "notes": [], "prix": "6.4", "sauces": [], "date": "2013-12-31T20:44:16.695Z", "sent": true, "cuisson": null}}, {"pk": 95, "model": "base.produitvendu", "fields": {"produit": 5, "contient": [], "dishes": [], "made_with": 3, "notes": [], "prix": "6.4", "sauces": [], "date": "2013-12-31T20:44:16.937Z", "sent": true, "cuisson": null}}, {"pk": 96, "model": "base.produitvendu", "fields": {"produit": 5, "contient": [], "dishes": [], "made_with": 3, "notes": [], "prix": "6.4", "sauces": [], "date": "2013-12-31T20:44:17.224Z", "sent": true, "cuisson": null}}, {"pk": 97, "model": "base.produitvendu", "fields": {"produit": 6, "contient": [], "dishes": [], "made_with": 4, "notes": [], "prix": "8.4", "sauces": [], "date": "2013-12-31T20:44:17.456Z", "sent": false, "cuisson": null}}, {"pk": 98, "model": "base.produitvendu", "fields": {"produit": 6, "contient": [], "dishes": [], "made_with": 4, "notes": [], "prix": "8.4", "sauces": [], "date": "2013-12-31T20:44:17.759Z", "sent": false, "cuisson": null}}, {"pk": 99, "model": "base.produitvendu", "fields": {"produit": 6, "contient": [], "dishes": [], "made_with": 4, "notes": [], "prix": "8.4", "sauces": [], "date": "2013-12-31T20:44:18.067Z", "sent": false, "cuisson": null}}, {"pk": 100, "model": "base.produitvendu", "fields": {"produit": 7, "contient": [], "dishes": [], "made_with": 4, "notes": [], "prix": "9.4", "sauces": [], "date": "2013-12-31T20:44:18.356Z", "sent": false, "cuisson": null}}, {"pk": 101, "model": "base.produitvendu", "fields": {"produit": 7, "contient": [], "dishes": [], "made_with": 4, "notes": [], "prix": "9.4", "sauces": [], "date": "2013-12-31T20:44:18.681Z", "sent": false, "cuisson": null}}, {"pk": 102, "model": "base.produitvendu", "fields": {"produit": 7, "contient": [], "dishes": [], "made_with": 4, "notes": [], "prix": "9.4", "sauces": [], "date": "2013-12-31T20:44:19.012Z", "sent": false, "cuisson": null}}, {"pk": 103, "model": "base.produitvendu", "fields": {"produit": 3, "contient": [], "dishes": [], "made_with": 2, "notes": [], "prix": "2.8", "sauces": [], "date": "2013-12-31T20:44:19.365Z", "sent": false, "cuisson": null}}, {"pk": 104, "model": "base.produitvendu", "fields": {"produit": 3, "contient": [], "dishes": [], "made_with": 2, "notes": [], "prix": "2.8", "sauces": [], "date": "2013-12-31T20:44:19.776Z", "sent": false, "cuisson": null}}, {"pk": 105, "model": "base.produitvendu", "fields": {"produit": 3, "contient": [], "dishes": [], "made_with": 2, "notes": [], "prix": "2.8", "sauces": [], "date": "2013-12-31T20:44:20.170Z", "sent": false, "cuisson": null}}, {"pk": 106, "model": "base.produitvendu", "fields": {"produit": 8, "contient": [107, 108], "dishes": [], "made_with": null, "notes": [], "prix": "0", "sauces": [], "date": "2013-12-31T20:44:20.583Z", "sent": false, "cuisson": null}}, {"pk": 107, "model": "base.produitvendu", "fields": {"produit": 4, "contient": [106], "dishes": [], "made_with": null, "notes": [], "prix": "0", "sauces": [], "date": "2013-12-31T20:44:20.603Z", "sent": false, "cuisson": null}}, {"pk": 108, "model": "base.produitvendu", "fields": {"produit": 7, "contient": [106], "dishes": [], "made_with": null, "notes": [], "prix": "0", "sauces": [], "date": "2013-12-31T20:44:20.654Z", "sent": false, "cuisson": null}}, {"pk": 109, "model": "base.produitvendu", "fields": {"produit": 4, "contient": [], "dishes": [], "made_with": 3, "notes": [], "prix": "3.4", "sauces": [], "date": "2013-12-31T20:44:21.488Z", "sent": false, "cuisson": null}}, {"pk": 110, "model": "base.produitvendu", "fields": {"produit": 4, "contient": [], "dishes": [], "made_with": 3, "notes": [], "prix": "3.4", "sauces": [], "date": "2013-12-31T20:44:21.861Z", "sent": false, "cuisson": null}}, {"pk": 111, "model": "base.produitvendu", "fields": {"produit": 4, "contient": [], "dishes": [], "made_with": 3, "notes": [], "prix": "3.4", "sauces": [], "date": "2013-12-31T20:44:22.040Z", "sent": false, "cuisson": null}}, {"pk": 112, "model": "base.produitvendu", "fields": {"produit": 5, "contient": [], "dishes": [], "made_with": 3, "notes": [], "prix": "6.4", "sauces": [], "date": "2013-12-31T20:44:22.249Z", "sent": false, "cuisson": null}}, {"pk": 113, "model": "base.produitvendu", "fields": {"produit": 5, "contient": [], "dishes": [], "made_with": 3, "notes": [], "prix": "6.4", "sauces": [], "date": "2013-12-31T20:44:22.545Z", "sent": false, "cuisson": null}}, {"pk": 114, "model": "base.produitvendu", "fields": {"produit": 5, "contient": [], "dishes": [], "made_with": 3, "notes": [], "prix": "6.4", "sauces": [], "date": "2013-12-31T20:44:22.756Z", "sent": false, "cuisson": null}}, {"pk": 115, "model": "base.produitvendu", "fields": {"produit": 6, "contient": [], "dishes": [], "made_with": 4, "notes": [], "prix": "8.4", "sauces": [], "date": "2013-12-31T20:44:23.036Z", "sent": false, "cuisson": null}}, {"pk": 116, "model": "base.produitvendu", "fields": {"produit": 6, "contient": [], "dishes": [], "made_with": 4, "notes": [], "prix": "8.4", "sauces": [], "date": "2013-12-31T20:44:23.355Z", "sent": false, "cuisson": null}}, {"pk": 117, "model": "base.produitvendu", "fields": {"produit": 6, "contient": [], "dishes": [], "made_with": 4, "notes": [], "prix": "8.4", "sauces": [], "date": "2013-12-31T20:44:23.610Z", "sent": false, "cuisson": null}}, {"pk": 118, "model": "base.produitvendu", "fields": {"produit": 7, "contient": [], "dishes": [], "made_with": 4, "notes": [], "prix": "9.4", "sauces": [], "date": "2013-12-31T20:44:23.934Z", "sent": false, "cuisson": null}}, {"pk": 119, "model": "base.produitvendu", "fields": {"produit": 7, "contient": [], "dishes": [], "made_with": 4, "notes": [], "prix": "9.4", "sauces": [], "date": "2013-12-31T20:44:24.275Z", "sent": false, "cuisson": null}}, {"pk": 120, "model": "base.produitvendu", "fields": {"produit": 7, "contient": [], "dishes": [], "made_with": 4, "notes": [], "prix": "9.4", "sauces": [], "date": "2013-12-31T20:44:24.574Z", "sent": false, "cuisson": null}}, {"pk": 121, "model": "base.produitvendu", "fields": {"produit": 3, "contient": [], "dishes": [], "made_with": 2, "notes": [], "prix": "2.8", "sauces": [], "date": "2013-12-31T20:44:24.939Z", "sent": false, "cuisson": null}}, {"pk": 122, "model": "base.produitvendu", "fields": {"produit": 3, "contient": [], "dishes": [], "made_with": 2, "notes": [], "prix": "2.8", "sauces": [], "date": "2013-12-31T20:44:25.357Z", "sent": false, "cuisson": null}}, {"pk": 123, "model": "base.produitvendu", "fields": {"produit": 3, "contient": [], "dishes": [], "made_with": 2, "notes": [], "prix": "2.8", "sauces": [], "date": "2013-12-31T20:44:25.742Z", "sent": false, "cuisson": null}}, {"pk": 124, "model": "base.produitvendu", "fields": {"produit": 8, "contient": [125, 126], "dishes": [], "made_with": null, "notes": [], "prix": "0", "sauces": [], "date": "2013-12-31T20:44:26.133Z", "sent": false, "cuisson": null}}, {"pk": 125, "model": "base.produitvendu", "fields": {"produit": 4, "contient": [124], "dishes": [], "made_with": null, "notes": [], "prix": "0", "sauces": [], "date": "2013-12-31T20:44:26.155Z", "sent": false, "cuisson": null}}, {"pk": 126, "model": "base.produitvendu", "fields": {"produit": 7, "contient": [124], "dishes": [], "made_with": null, "notes": [], "prix": "0", "sauces": [], "date": "2013-12-31T20:44:26.229Z", "sent": false, "cuisson": null}}, {"pk": 127, "model": "base.produitvendu", "fields": {"produit": 4, "contient": [], "dishes": [], "made_with": 3, "notes": [], "prix": "3.4", "sauces": [], "date": "2013-12-31T20:44:26.380Z", "sent": true, "cuisson": null}}, {"pk": 128, "model": "base.produitvendu", "fields": {"produit": 4, "contient": [], "dishes": [], "made_with": 3, "notes": [], "prix": "3.4", "sauces": [], "date": "2013-12-31T20:44:26.739Z", "sent": true, "cuisson": null}}, {"pk": 129, "model": "base.produitvendu", "fields": {"produit": 4, "contient": [], "dishes": [], "made_with": 3, "notes": [], "prix": "3.4", "sauces": [], "date": "2013-12-31T20:44:26.960Z", "sent": true, "cuisson": null}}, {"pk": 130, "model": "base.produitvendu", "fields": {"produit": 5, "contient": [], "dishes": [], "made_with": 3, "notes": [], "prix": "6.4", "sauces": [], "date": "2013-12-31T20:44:27.122Z", "sent": true, "cuisson": null}}, {"pk": 131, "model": "base.produitvendu", "fields": {"produit": 5, "contient": [], "dishes": [], "made_with": 3, "notes": [], "prix": "6.4", "sauces": [], "date": "2013-12-31T20:44:27.343Z", "sent": true, "cuisson": null}}, {"pk": 132, "model": "base.produitvendu", "fields": {"produit": 5, "contient": [], "dishes": [], "made_with": 3, "notes": [], "prix": "6.4", "sauces": [], "date": "2013-12-31T20:44:27.657Z", "sent": true, "cuisson": null}}, {"pk": 133, "model": "base.produitvendu", "fields": {"produit": 6, "contient": [], "dishes": [], "made_with": 4, "notes": [], "prix": "8.4", "sauces": [], "date": "2013-12-31T20:44:27.883Z", "sent": false, "cuisson": null}}, {"pk": 134, "model": "base.produitvendu", "fields": {"produit": 6, "contient": [], "dishes": [], "made_with": 4, "notes": [], "prix": "8.4", "sauces": [], "date": "2013-12-31T20:44:28.168Z", "sent": false, "cuisson": null}}, {"pk": 135, "model": "base.produitvendu", "fields": {"produit": 6, "contient": [], "dishes": [], "made_with": 4, "notes": [], "prix": "8.4", "sauces": [], "date": "2013-12-31T20:44:28.509Z", "sent": false, "cuisson": null}}, {"pk": 136, "model": "base.produitvendu", "fields": {"produit": 7, "contient": [], "dishes": [], "made_with": 4, "notes": [], "prix": "9.4", "sauces": [], "date": "2013-12-31T20:44:28.764Z", "sent": false, "cuisson": null}}, {"pk": 137, "model": "base.produitvendu", "fields": {"produit": 7, "contient": [], "dishes": [], "made_with": 4, "notes": [], "prix": "9.4", "sauces": [], "date": "2013-12-31T20:44:29.112Z", "sent": false, "cuisson": null}}, {"pk": 138, "model": "base.produitvendu", "fields": {"produit": 7, "contient": [], "dishes": [], "made_with": 4, "notes": [], "prix": "9.4", "sauces": [], "date": "2013-12-31T20:44:29.485Z", "sent": false, "cuisson": null}}, {"pk": 139, "model": "base.produitvendu", "fields": {"produit": 3, "contient": [], "dishes": [], "made_with": 2, "notes": [], "prix": "2.8", "sauces": [], "date": "2013-12-31T20:44:29.796Z", "sent": false, "cuisson": null}}, {"pk": 140, "model": "base.produitvendu", "fields": {"produit": 3, "contient": [], "dishes": [], "made_with": 2, "notes": [], "prix": "2.8", "sauces": [], "date": "2013-12-31T20:44:30.263Z", "sent": false, "cuisson": null}}, {"pk": 141, "model": "base.produitvendu", "fields": {"produit": 3, "contient": [], "dishes": [], "made_with": 2, "notes": [], "prix": "2.8", "sauces": [], "date": "2013-12-31T20:44:30.628Z", "sent": false, "cuisson": null}}, {"pk": 142, "model": "base.produitvendu", "fields": {"produit": 8, "contient": [143, 144], "dishes": [], "made_with": null, "notes": [], "prix": "0", "sauces": [], "date": "2013-12-31T20:44:31.008Z", "sent": false, "cuisson": null}}, {"pk": 143, "model": "base.produitvendu", "fields": {"produit": 4, "contient": [142], "dishes": [], "made_with": null, "notes": [], "prix": "0", "sauces": [], "date": "2013-12-31T20:44:31.028Z", "sent": false, "cuisson": null}}, {"pk": 144, "model": "base.produitvendu", "fields": {"produit": 7, "contient": [142], "dishes": [], "made_with": null, "notes": [], "prix": "0", "sauces": [], "date": "2013-12-31T20:44:31.105Z", "sent": false, "cuisson": null}}, {"pk": 145, "model": "base.produitvendu", "fields": {"produit": 4, "contient": [], "dishes": [], "made_with": 3, "notes": [], "prix": "3.4", "sauces": [], "date": "2013-12-31T20:44:31.958Z", "sent": false, "cuisson": null}}, {"pk": 146, "model": "base.produitvendu", "fields": {"produit": 4, "contient": [], "dishes": [], "made_with": 3, "notes": [], "prix": "3.4", "sauces": [], "date": "2013-12-31T20:44:32.296Z", "sent": false, "cuisson": null}}, {"pk": 147, "model": "base.produitvendu", "fields": {"produit": 4, "contient": [], "dishes": [], "made_with": 3, "notes": [], "prix": "3.4", "sauces": [], "date": "2013-12-31T20:44:32.502Z", "sent": false, "cuisson": null}}, {"pk": 148, "model": "base.produitvendu", "fields": {"produit": 5, "contient": [], "dishes": [], "made_with": 3, "notes": [], "prix": "6.4", "sauces": [], "date": "2013-12-31T20:44:32.723Z", "sent": false, "cuisson": null}}, {"pk": 149, "model": "base.produitvendu", "fields": {"produit": 5, "contient": [], "dishes": [], "made_with": 3, "notes": [], "prix": "6.4", "sauces": [], "date": "2013-12-31T20:44:32.992Z", "sent": false, "cuisson": null}}, {"pk": 150, "model": "base.produitvendu", "fields": {"produit": 5, "contient": [], "dishes": [], "made_with": 3, "notes": [], "prix": "6.4", "sauces": [], "date": "2013-12-31T20:44:33.223Z", "sent": false, "cuisson": null}}, {"pk": 151, "model": "base.produitvendu", "fields": {"produit": 6, "contient": [], "dishes": [], "made_with": 4, "notes": [], "prix": "8.4", "sauces": [], "date": "2013-12-31T20:44:33.486Z", "sent": false, "cuisson": null}}, {"pk": 152, "model": "base.produitvendu", "fields": {"produit": 6, "contient": [], "dishes": [], "made_with": 4, "notes": [], "prix": "8.4", "sauces": [], "date": "2013-12-31T20:44:33.813Z", "sent": false, "cuisson": null}}, {"pk": 153, "model": "base.produitvendu", "fields": {"produit": 6, "contient": [], "dishes": [], "made_with": 4, "notes": [], "prix": "8.4", "sauces": [], "date": "2013-12-31T20:44:34.075Z", "sent": false, "cuisson": null}}, {"pk": 154, "model": "base.produitvendu", "fields": {"produit": 7, "contient": [], "dishes": [], "made_with": 4, "notes": [], "prix": "9.4", "sauces": [], "date": "2013-12-31T20:44:34.396Z", "sent": false, "cuisson": null}}, {"pk": 155, "model": "base.produitvendu", "fields": {"produit": 7, "contient": [], "dishes": [], "made_with": 4, "notes": [], "prix": "9.4", "sauces": [], "date": "2013-12-31T20:44:34.761Z", "sent": false, "cuisson": null}}, {"pk": 156, "model": "base.produitvendu", "fields": {"produit": 7, "contient": [], "dishes": [], "made_with": 4, "notes": [], "prix": "9.4", "sauces": [], "date": "2013-12-31T20:44:35.051Z", "sent": false, "cuisson": null}}, {"pk": 157, "model": "base.produitvendu", "fields": {"produit": 3, "contient": [], "dishes": [], "made_with": 2, "notes": [], "prix": "2.8", "sauces": [], "date": "2013-12-31T20:44:35.430Z", "sent": false, "cuisson": null}}, {"pk": 158, "model": "base.produitvendu", "fields": {"produit": 3, "contient": [], "dishes": [], "made_with": 2, "notes": [], "prix": "2.8", "sauces": [], "date": "2013-12-31T20:44:35.863Z", "sent": false, "cuisson": null}}, {"pk": 159, "model": "base.produitvendu", "fields": {"produit": 3, "contient": [], "dishes": [], "made_with": 2, "notes": [], "prix": "2.8", "sauces": [], "date": "2013-12-31T20:44:36.209Z", "sent": false, "cuisson": null}}, {"pk": 160, "model": "base.produitvendu", "fields": {"produit": 8, "contient": [161, 162], "dishes": [], "made_with": null, "notes": [], "prix": "0", "sauces": [], "date": "2013-12-31T20:44:36.654Z", "sent": false, "cuisson": null}}, {"pk": 161, "model": "base.produitvendu", "fields": {"produit": 4, "contient": [160], "dishes": [], "made_with": null, "notes": [], "prix": "0", "sauces": [], "date": "2013-12-31T20:44:36.680Z", "sent": false, "cuisson": null}}, {"pk": 162, "model": "base.produitvendu", "fields": {"produit": 7, "contient": [160], "dishes": [], "made_with": null, "notes": [], "prix": "0", "sauces": [], "date": "2013-12-31T20:44:36.747Z", "sent": false, "cuisson": null}}, {"pk": 163, "model": "base.produitvendu", "fields": {"produit": 4, "contient": [], "dishes": [], "made_with": 3, "notes": [], "prix": "3.4", "sauces": [], "date": "2013-12-31T20:44:36.839Z", "sent": true, "cuisson": null}}, {"pk": 164, "model": "base.produitvendu", "fields": {"produit": 4, "contient": [], "dishes": [], "made_with": 3, "notes": [], "prix": "3.4", "sauces": [], "date": "2013-12-31T20:44:37.194Z", "sent": true, "cuisson": null}}, {"pk": 165, "model": "base.produitvendu", "fields": {"produit": 4, "contient": [], "dishes": [], "made_with": 3, "notes": [], "prix": "3.4", "sauces": [], "date": "2013-12-31T20:44:37.399Z", "sent": true, "cuisson": null}}, {"pk": 166, "model": "base.produitvendu", "fields": {"produit": 5, "contient": [], "dishes": [], "made_with": 3, "notes": [], "prix": "6.4", "sauces": [], "date": "2013-12-31T20:44:37.622Z", "sent": true, "cuisson": null}}, {"pk": 167, "model": "base.produitvendu", "fields": {"produit": 5, "contient": [], "dishes": [], "made_with": 3, "notes": [], "prix": "6.4", "sauces": [], "date": "2013-12-31T20:44:37.877Z", "sent": true, "cuisson": null}}, {"pk": 168, "model": "base.produitvendu", "fields": {"produit": 5, "contient": [], "dishes": [], "made_with": 3, "notes": [], "prix": "6.4", "sauces": [], "date": "2013-12-31T20:44:38.128Z", "sent": true, "cuisson": null}}, {"pk": 169, "model": "base.produitvendu", "fields": {"produit": 6, "contient": [], "dishes": [], "made_with": 4, "notes": [], "prix": "8.4", "sauces": [], "date": "2013-12-31T20:44:38.405Z", "sent": false, "cuisson": null}}, {"pk": 170, "model": "base.produitvendu", "fields": {"produit": 6, "contient": [], "dishes": [], "made_with": 4, "notes": [], "prix": "8.4", "sauces": [], "date": "2013-12-31T20:44:38.690Z", "sent": false, "cuisson": null}}, {"pk": 171, "model": "base.produitvendu", "fields": {"produit": 6, "contient": [], "dishes": [], "made_with": 4, "notes": [], "prix": "8.4", "sauces": [], "date": "2013-12-31T20:44:39.002Z", "sent": false, "cuisson": null}}, {"pk": 172, "model": "base.produitvendu", "fields": {"produit": 7, "contient": [], "dishes": [], "made_with": 4, "notes": [], "prix": "9.4", "sauces": [], "date": "2013-12-31T20:44:39.324Z", "sent": false, "cuisson": null}}, {"pk": 173, "model": "base.produitvendu", "fields": {"produit": 7, "contient": [], "dishes": [], "made_with": 4, "notes": [], "prix": "9.4", "sauces": [], "date": "2013-12-31T20:44:39.638Z", "sent": false, "cuisson": null}}, {"pk": 174, "model": "base.produitvendu", "fields": {"produit": 7, "contient": [], "dishes": [], "made_with": 4, "notes": [], "prix": "9.4", "sauces": [], "date": "2013-12-31T20:44:40.012Z", "sent": false, "cuisson": null}}, {"pk": 175, "model": "base.produitvendu", "fields": {"produit": 3, "contient": [], "dishes": [], "made_with": 2, "notes": [], "prix": "2.8", "sauces": [], "date": "2013-12-31T20:44:40.362Z", "sent": false, "cuisson": null}}, {"pk": 176, "model": "base.produitvendu", "fields": {"produit": 3, "contient": [], "dishes": [], "made_with": 2, "notes": [], "prix": "2.8", "sauces": [], "date": "2013-12-31T20:44:40.767Z", "sent": false, "cuisson": null}}, {"pk": 177, "model": "base.produitvendu", "fields": {"produit": 3, "contient": [], "dishes": [], "made_with": 2, "notes": [], "prix": "2.8", "sauces": [], "date": "2013-12-31T20:44:41.185Z", "sent": false, "cuisson": null}}, {"pk": 178, "model": "base.produitvendu", "fields": {"produit": 8, "contient": [179, 180], "dishes": [], "made_with": null, "notes": [], "prix": "0", "sauces": [], "date": "2013-12-31T20:44:41.532Z", "sent": false, "cuisson": null}}, {"pk": 179, "model": "base.produitvendu", "fields": {"produit": 4, "contient": [178], "dishes": [], "made_with": null, "notes": [], "prix": "0", "sauces": [], "date": "2013-12-31T20:44:41.546Z", "sent": false, "cuisson": null}}, {"pk": 180, "model": "base.produitvendu", "fields": {"produit": 7, "contient": [178], "dishes": [], "made_with": null, "notes": [], "prix": "0", "sauces": [], "date": "2013-12-31T20:44:41.613Z", "sent": false, "cuisson": null}}, {"pk": 181, "model": "base.produitvendu", "fields": {"produit": 4, "contient": [], "dishes": [], "made_with": 3, "notes": [], "prix": "3.4", "sauces": [], "date": "2013-12-31T20:44:42.464Z", "sent": false, "cuisson": null}}, {"pk": 182, "model": "base.produitvendu", "fields": {"produit": 4, "contient": [], "dishes": [], "made_with": 3, "notes": [], "prix": "3.4", "sauces": [], "date": "2013-12-31T20:44:42.761Z", "sent": false, "cuisson": null}}, {"pk": 183, "model": "base.produitvendu", "fields": {"produit": 4, "contient": [], "dishes": [], "made_with": 3, "notes": [], "prix": "3.4", "sauces": [], "date": "2013-12-31T20:44:42.926Z", "sent": false, "cuisson": null}}, {"pk": 184, "model": "base.produitvendu", "fields": {"produit": 5, "contient": [], "dishes": [], "made_with": 3, "notes": [], "prix": "6.4", "sauces": [], "date": "2013-12-31T20:44:43.183Z", "sent": false, "cuisson": null}}, {"pk": 185, "model": "base.produitvendu", "fields": {"produit": 5, "contient": [], "dishes": [], "made_with": 3, "notes": [], "prix": "6.4", "sauces": [], "date": "2013-12-31T20:44:43.436Z", "sent": false, "cuisson": null}}, {"pk": 186, "model": "base.produitvendu", "fields": {"produit": 5, "contient": [], "dishes": [], "made_with": 3, "notes": [], "prix": "6.4", "sauces": [], "date": "2013-12-31T20:44:43.659Z", "sent": false, "cuisson": null}}, {"pk": 187, "model": "base.produitvendu", "fields": {"produit": 6, "contient": [], "dishes": [], "made_with": 4, "notes": [], "prix": "8.4", "sauces": [], "date": "2013-12-31T20:44:43.949Z", "sent": false, "cuisson": null}}, {"pk": 188, "model": "base.produitvendu", "fields": {"produit": 6, "contient": [], "dishes": [], "made_with": 4, "notes": [], "prix": "8.4", "sauces": [], "date": "2013-12-31T20:44:44.234Z", "sent": false, "cuisson": null}}, {"pk": 189, "model": "base.produitvendu", "fields": {"produit": 6, "contient": [], "dishes": [], "made_with": 4, "notes": [], "prix": "8.4", "sauces": [], "date": "2013-12-31T20:44:44.531Z", "sent": false, "cuisson": null}}, {"pk": 190, "model": "base.produitvendu", "fields": {"produit": 7, "contient": [], "dishes": [], "made_with": 4, "notes": [], "prix": "9.4", "sauces": [], "date": "2013-12-31T20:44:44.848Z", "sent": false, "cuisson": null}}, {"pk": 191, "model": "base.produitvendu", "fields": {"produit": 7, "contient": [], "dishes": [], "made_with": 4, "notes": [], "prix": "9.4", "sauces": [], "date": "2013-12-31T20:44:45.177Z", "sent": false, "cuisson": null}}, {"pk": 192, "model": "base.produitvendu", "fields": {"produit": 7, "contient": [], "dishes": [], "made_with": 4, "notes": [], "prix": "9.4", "sauces": [], "date": "2013-12-31T20:44:45.532Z", "sent": false, "cuisson": null}}, {"pk": 193, "model": "base.produitvendu", "fields": {"produit": 3, "contient": [], "dishes": [], "made_with": 2, "notes": [], "prix": "2.8", "sauces": [], "date": "2013-12-31T20:44:45.874Z", "sent": false, "cuisson": null}}, {"pk": 194, "model": "base.produitvendu", "fields": {"produit": 3, "contient": [], "dishes": [], "made_with": 2, "notes": [], "prix": "2.8", "sauces": [], "date": "2013-12-31T20:44:46.320Z", "sent": false, "cuisson": null}}, {"pk": 195, "model": "base.produitvendu", "fields": {"produit": 3, "contient": [], "dishes": [], "made_with": 2, "notes": [], "prix": "2.8", "sauces": [], "date": "2013-12-31T20:44:46.691Z", "sent": false, "cuisson": null}}, {"pk": 196, "model": "base.produitvendu", "fields": {"produit": 8, "contient": [197, 198], "dishes": [], "made_with": null, "notes": [], "prix": "0", "sauces": [], "date": "2013-12-31T20:44:47.067Z", "sent": false, "cuisson": null}}, {"pk": 197, "model": "base.produitvendu", "fields": {"produit": 4, "contient": [196], "dishes": [], "made_with": null, "notes": [], "prix": "0", "sauces": [], "date": "2013-12-31T20:44:47.089Z", "sent": false, "cuisson": null}}, {"pk": 198, "model": "base.produitvendu", "fields": {"produit": 7, "contient": [196], "dishes": [], "made_with": null, "notes": [], "prix": "0", "sauces": [], "date": "2013-12-31T20:44:47.186Z", "sent": false, "cuisson": null}}, {"pk": 199, "model": "base.produitvendu", "fields": {"produit": 4, "contient": [], "dishes": [], "made_with": 3, "notes": [], "prix": "3.4", "sauces": [], "date": "2013-12-31T20:44:47.323Z", "sent": true, "cuisson": null}}, {"pk": 200, "model": "base.produitvendu", "fields": {"produit": 4, "contient": [], "dishes": [], "made_with": 3, "notes": [], "prix": "3.4", "sauces": [], "date": "2013-12-31T20:44:47.602Z", "sent": true, "cuisson": null}}, {"pk": 201, "model": "base.produitvendu", "fields": {"produit": 4, "contient": [], "dishes": [], "made_with": 3, "notes": [], "prix": "3.4", "sauces": [], "date": "2013-12-31T20:44:47.871Z", "sent": true, "cuisson": null}}, {"pk": 202, "model": "base.produitvendu", "fields": {"produit": 5, "contient": [], "dishes": [], "made_with": 3, "notes": [], "prix": "6.4", "sauces": [], "date": "2013-12-31T20:44:48.067Z", "sent": true, "cuisson": null}}, {"pk": 203, "model": "base.produitvendu", "fields": {"produit": 5, "contient": [], "dishes": [], "made_with": 3, "notes": [], "prix": "6.4", "sauces": [], "date": "2013-12-31T20:44:48.303Z", "sent": true, "cuisson": null}}, {"pk": 204, "model": "base.produitvendu", "fields": {"produit": 5, "contient": [], "dishes": [], "made_with": 3, "notes": [], "prix": "6.4", "sauces": [], "date": "2013-12-31T20:44:48.606Z", "sent": true, "cuisson": null}}, {"pk": 205, "model": "base.produitvendu", "fields": {"produit": 6, "contient": [], "dishes": [], "made_with": 4, "notes": [], "prix": "8.4", "sauces": [], "date": "2013-12-31T20:44:48.830Z", "sent": false, "cuisson": null}}, {"pk": 206, "model": "base.produitvendu", "fields": {"produit": 6, "contient": [], "dishes": [], "made_with": 4, "notes": [], "prix": "8.4", "sauces": [], "date": "2013-12-31T20:44:49.136Z", "sent": false, "cuisson": null}}, {"pk": 207, "model": "base.produitvendu", "fields": {"produit": 6, "contient": [], "dishes": [], "made_with": 4, "notes": [], "prix": "8.4", "sauces": [], "date": "2013-12-31T20:44:49.466Z", "sent": false, "cuisson": null}}, {"pk": 208, "model": "base.produitvendu", "fields": {"produit": 7, "contient": [], "dishes": [], "made_with": 4, "notes": [], "prix": "9.4", "sauces": [], "date": "2013-12-31T20:44:49.730Z", "sent": false, "cuisson": null}}, {"pk": 209, "model": "base.produitvendu", "fields": {"produit": 7, "contient": [], "dishes": [], "made_with": 4, "notes": [], "prix": "9.4", "sauces": [], "date": "2013-12-31T20:44:50.089Z", "sent": false, "cuisson": null}}, {"pk": 210, "model": "base.produitvendu", "fields": {"produit": 7, "contient": [], "dishes": [], "made_with": 4, "notes": [], "prix": "9.4", "sauces": [], "date": "2013-12-31T20:44:50.448Z", "sent": false, "cuisson": null}}, {"pk": 211, "model": "base.produitvendu", "fields": {"produit": 3, "contient": [], "dishes": [], "made_with": 2, "notes": [], "prix": "2.8", "sauces": [], "date": "2013-12-31T20:44:50.780Z", "sent": false, "cuisson": null}}, {"pk": 212, "model": "base.produitvendu", "fields": {"produit": 3, "contient": [], "dishes": [], "made_with": 2, "notes": [], "prix": "2.8", "sauces": [], "date": "2013-12-31T20:44:51.228Z", "sent": false, "cuisson": null}}, {"pk": 213, "model": "base.produitvendu", "fields": {"produit": 3, "contient": [], "dishes": [], "made_with": 2, "notes": [], "prix": "2.8", "sauces": [], "date": "2013-12-31T20:44:51.598Z", "sent": false, "cuisson": null}}, {"pk": 214, "model": "base.produitvendu", "fields": {"produit": 8, "contient": [215, 216], "dishes": [], "made_with": null, "notes": [], "prix": "0", "sauces": [], "date": "2013-12-31T20:44:52.001Z", "sent": false, "cuisson": null}}, {"pk": 215, "model": "base.produitvendu", "fields": {"produit": 4, "contient": [214], "dishes": [], "made_with": null, "notes": [], "prix": "0", "sauces": [], "date": "2013-12-31T20:44:52.021Z", "sent": false, "cuisson": null}}, {"pk": 216, "model": "base.produitvendu", "fields": {"produit": 7, "contient": [214], "dishes": [], "made_with": null, "notes": [], "prix": "0", "sauces": [], "date": "2013-12-31T20:44:52.093Z", "sent": false, "cuisson": null}}, {"pk": 217, "model": "base.produitvendu", "fields": {"produit": 4, "contient": [], "dishes": [], "made_with": 3, "notes": [], "prix": "3.4", "sauces": [], "date": "2013-12-31T20:44:52.936Z", "sent": false, "cuisson": null}}, {"pk": 218, "model": "base.produitvendu", "fields": {"produit": 4, "contient": [], "dishes": [], "made_with": 3, "notes": [], "prix": "3.4", "sauces": [], "date": "2013-12-31T20:44:53.295Z", "sent": false, "cuisson": null}}, {"pk": 219, "model": "base.produitvendu", "fields": {"produit": 4, "contient": [], "dishes": [], "made_with": 3, "notes": [], "prix": "3.4", "sauces": [], "date": "2013-12-31T20:44:53.487Z", "sent": false, "cuisson": null}}, {"pk": 220, "model": "base.produitvendu", "fields": {"produit": 5, "contient": [], "dishes": [], "made_with": 3, "notes": [], "prix": "6.4", "sauces": [], "date": "2013-12-31T20:44:53.723Z", "sent": false, "cuisson": null}}, {"pk": 221, "model": "base.produitvendu", "fields": {"produit": 5, "contient": [], "dishes": [], "made_with": 3, "notes": [], "prix": "6.4", "sauces": [], "date": "2013-12-31T20:44:54.003Z", "sent": false, "cuisson": null}}, {"pk": 222, "model": "base.produitvendu", "fields": {"produit": 5, "contient": [], "dishes": [], "made_with": 3, "notes": [], "prix": "6.4", "sauces": [], "date": "2013-12-31T20:44:54.215Z", "sent": false, "cuisson": null}}, {"pk": 223, "model": "base.produitvendu", "fields": {"produit": 6, "contient": [], "dishes": [], "made_with": 4, "notes": [], "prix": "8.4", "sauces": [], "date": "2013-12-31T20:44:54.510Z", "sent": false, "cuisson": null}}, {"pk": 224, "model": "base.produitvendu", "fields": {"produit": 6, "contient": [], "dishes": [], "made_with": 4, "notes": [], "prix": "8.4", "sauces": [], "date": "2013-12-31T20:44:54.823Z", "sent": false, "cuisson": null}}, {"pk": 225, "model": "base.produitvendu", "fields": {"produit": 6, "contient": [], "dishes": [], "made_with": 4, "notes": [], "prix": "8.4", "sauces": [], "date": "2013-12-31T20:44:55.069Z", "sent": false, "cuisson": null}}, {"pk": 226, "model": "base.produitvendu", "fields": {"produit": 7, "contient": [], "dishes": [], "made_with": 4, "notes": [], "prix": "9.4", "sauces": [], "date": "2013-12-31T20:44:55.425Z", "sent": false, "cuisson": null}}, {"pk": 227, "model": "base.produitvendu", "fields": {"produit": 7, "contient": [], "dishes": [], "made_with": 4, "notes": [], "prix": "9.4", "sauces": [], "date": "2013-12-31T20:44:55.759Z", "sent": false, "cuisson": null}}, {"pk": 228, "model": "base.produitvendu", "fields": {"produit": 7, "contient": [], "dishes": [], "made_with": 4, "notes": [], "prix": "9.4", "sauces": [], "date": "2013-12-31T20:44:56.052Z", "sent": false, "cuisson": null}}, {"pk": 229, "model": "base.produitvendu", "fields": {"produit": 3, "contient": [], "dishes": [], "made_with": 2, "notes": [], "prix": "2.8", "sauces": [], "date": "2013-12-31T20:44:56.448Z", "sent": false, "cuisson": null}}, {"pk": 230, "model": "base.produitvendu", "fields": {"produit": 3, "contient": [], "dishes": [], "made_with": 2, "notes": [], "prix": "2.8", "sauces": [], "date": "2013-12-31T20:44:56.845Z", "sent": false, "cuisson": null}}, {"pk": 231, "model": "base.produitvendu", "fields": {"produit": 3, "contient": [], "dishes": [], "made_with": 2, "notes": [], "prix": "2.8", "sauces": [], "date": "2013-12-31T20:44:57.213Z", "sent": false, "cuisson": null}}, {"pk": 232, "model": "base.produitvendu", "fields": {"produit": 8, "contient": [233, 234], "dishes": [], "made_with": null, "notes": [], "prix": "0", "sauces": [], "date": "2013-12-31T20:44:57.636Z", "sent": false, "cuisson": null}}, {"pk": 233, "model": "base.produitvendu", "fields": {"produit": 4, "contient": [232], "dishes": [], "made_with": null, "notes": [], "prix": "0", "sauces": [], "date": "2013-12-31T20:44:57.656Z", "sent": false, "cuisson": null}}, {"pk": 234, "model": "base.produitvendu", "fields": {"produit": 7, "contient": [232], "dishes": [], "made_with": null, "notes": [], "prix": "0", "sauces": [], "date": "2013-12-31T20:44:57.724Z", "sent": false, "cuisson": null}}, {"pk": 235, "model": "base.produitvendu", "fields": {"produit": 4, "contient": [], "dishes": [], "made_with": 3, "notes": [], "prix": "3.4", "sauces": [], "date": "2013-12-31T20:44:57.822Z", "sent": true, "cuisson": null}}, {"pk": 236, "model": "base.produitvendu", "fields": {"produit": 4, "contient": [], "dishes": [], "made_with": 3, "notes": [], "prix": "3.4", "sauces": [], "date": "2013-12-31T20:44:58.148Z", "sent": true, "cuisson": null}}, {"pk": 237, "model": "base.produitvendu", "fields": {"produit": 4, "contient": [], "dishes": [], "made_with": 3, "notes": [], "prix": "3.4", "sauces": [], "date": "2013-12-31T20:44:58.348Z", "sent": true, "cuisson": null}}, {"pk": 238, "model": "base.produitvendu", "fields": {"produit": 5, "contient": [], "dishes": [], "made_with": 3, "notes": [], "prix": "6.4", "sauces": [], "date": "2013-12-31T20:44:58.581Z", "sent": true, "cuisson": null}}, {"pk": 239, "model": "base.produitvendu", "fields": {"produit": 5, "contient": [], "dishes": [], "made_with": 3, "notes": [], "prix": "6.4", "sauces": [], "date": "2013-12-31T20:44:58.825Z", "sent": true, "cuisson": null}}, {"pk": 240, "model": "base.produitvendu", "fields": {"produit": 5, "contient": [], "dishes": [], "made_with": 3, "notes": [], "prix": "6.4", "sauces": [], "date": "2013-12-31T20:44:59.089Z", "sent": true, "cuisson": null}}, {"pk": 241, "model": "base.produitvendu", "fields": {"produit": 6, "contient": [], "dishes": [], "made_with": 4, "notes": [], "prix": "8.4", "sauces": [], "date": "2013-12-31T20:44:59.356Z", "sent": false, "cuisson": null}}, {"pk": 242, "model": "base.produitvendu", "fields": {"produit": 6, "contient": [], "dishes": [], "made_with": 4, "notes": [], "prix": "8.4", "sauces": [], "date": "2013-12-31T20:44:59.626Z", "sent": false, "cuisson": null}}, {"pk": 243, "model": "base.produitvendu", "fields": {"produit": 6, "contient": [], "dishes": [], "made_with": 4, "notes": [], "prix": "8.4", "sauces": [], "date": "2013-12-31T20:44:59.951Z", "sent": false, "cuisson": null}}, {"pk": 244, "model": "base.produitvendu", "fields": {"produit": 7, "contient": [], "dishes": [], "made_with": 4, "notes": [], "prix": "9.4", "sauces": [], "date": "2013-12-31T20:45:00.255Z", "sent": false, "cuisson": null}}, {"pk": 245, "model": "base.produitvendu", "fields": {"produit": 7, "contient": [], "dishes": [], "made_with": 4, "notes": [], "prix": "9.4", "sauces": [], "date": "2013-12-31T20:45:00.562Z", "sent": false, "cuisson": null}}, {"pk": 246, "model": "base.produitvendu", "fields": {"produit": 7, "contient": [], "dishes": [], "made_with": 4, "notes": [], "prix": "9.4", "sauces": [], "date": "2013-12-31T20:45:00.945Z", "sent": false, "cuisson": null}}, {"pk": 247, "model": "base.produitvendu", "fields": {"produit": 3, "contient": [], "dishes": [], "made_with": 2, "notes": [], "prix": "2.8", "sauces": [], "date": "2013-12-31T20:45:01.265Z", "sent": false, "cuisson": null}}, {"pk": 248, "model": "base.produitvendu", "fields": {"produit": 3, "contient": [], "dishes": [], "made_with": 2, "notes": [], "prix": "2.8", "sauces": [], "date": "2013-12-31T20:45:01.683Z", "sent": false, "cuisson": null}}, {"pk": 249, "model": "base.produitvendu", "fields": {"produit": 3, "contient": [], "dishes": [], "made_with": 2, "notes": [], "prix": "2.8", "sauces": [], "date": "2013-12-31T20:45:02.088Z", "sent": false, "cuisson": null}}, {"pk": 250, "model": "base.produitvendu", "fields": {"produit": 8, "contient": [251, 252], "dishes": [], "made_with": null, "notes": [], "prix": "0", "sauces": [], "date": "2013-12-31T20:45:02.420Z", "sent": false, "cuisson": null}}, {"pk": 251, "model": "base.produitvendu", "fields": {"produit": 4, "contient": [250], "dishes": [], "made_with": null, "notes": [], "prix": "0", "sauces": [], "date": "2013-12-31T20:45:02.432Z", "sent": false, "cuisson": null}}, {"pk": 252, "model": "base.produitvendu", "fields": {"produit": 7, "contient": [250], "dishes": [], "made_with": null, "notes": [], "prix": "0", "sauces": [], "date": "2013-12-31T20:45:02.512Z", "sent": false, "cuisson": null}}, {"pk": 253, "model": "base.produitvendu", "fields": {"produit": 4, "contient": [], "dishes": [], "made_with": 3, "notes": [], "prix": "3.4", "sauces": [], "date": "2013-12-31T20:45:03.362Z", "sent": false, "cuisson": null}}, {"pk": 254, "model": "base.produitvendu", "fields": {"produit": 4, "contient": [], "dishes": [], "made_with": 3, "notes": [], "prix": "3.4", "sauces": [], "date": "2013-12-31T20:45:03.701Z", "sent": false, "cuisson": null}}, {"pk": 255, "model": "base.produitvendu", "fields": {"produit": 4, "contient": [], "dishes": [], "made_with": 3, "notes": [], "prix": "3.4", "sauces": [], "date": "2013-12-31T20:45:03.889Z", "sent": false, "cuisson": null}}, {"pk": 256, "model": "base.produitvendu", "fields": {"produit": 5, "contient": [], "dishes": [], "made_with": 3, "notes": [], "prix": "6.4", "sauces": [], "date": "2013-12-31T20:45:04.156Z", "sent": false, "cuisson": null}}, {"pk": 257, "model": "base.produitvendu", "fields": {"produit": 5, "contient": [], "dishes": [], "made_with": 3, "notes": [], "prix": "6.4", "sauces": [], "date": "2013-12-31T20:45:04.375Z", "sent": false, "cuisson": null}}, {"pk": 258, "model": "base.produitvendu", "fields": {"produit": 5, "contient": [], "dishes": [], "made_with": 3, "notes": [], "prix": "6.4", "sauces": [], "date": "2013-12-31T20:45:04.615Z", "sent": false, "cuisson": null}}, {"pk": 259, "model": "base.produitvendu", "fields": {"produit": 6, "contient": [], "dishes": [], "made_with": 4, "notes": [], "prix": "8.4", "sauces": [], "date": "2013-12-31T20:45:04.903Z", "sent": false, "cuisson": null}}, {"pk": 260, "model": "base.produitvendu", "fields": {"produit": 6, "contient": [], "dishes": [], "made_with": 4, "notes": [], "prix": "8.4", "sauces": [], "date": "2013-12-31T20:45:05.164Z", "sent": false, "cuisson": null}}, {"pk": 261, "model": "base.produitvendu", "fields": {"produit": 6, "contient": [], "dishes": [], "made_with": 4, "notes": [], "prix": "8.4", "sauces": [], "date": "2013-12-31T20:45:05.461Z", "sent": false, "cuisson": null}}, {"pk": 262, "model": "base.produitvendu", "fields": {"produit": 7, "contient": [], "dishes": [], "made_with": 4, "notes": [], "prix": "9.4", "sauces": [], "date": "2013-12-31T20:45:05.780Z", "sent": false, "cuisson": null}}, {"pk": 263, "model": "base.produitvendu", "fields": {"produit": 7, "contient": [], "dishes": [], "made_with": 4, "notes": [], "prix": "9.4", "sauces": [], "date": "2013-12-31T20:45:06.111Z", "sent": false, "cuisson": null}}, {"pk": 264, "model": "base.produitvendu", "fields": {"produit": 7, "contient": [], "dishes": [], "made_with": 4, "notes": [], "prix": "9.4", "sauces": [], "date": "2013-12-31T20:45:06.503Z", "sent": false, "cuisson": null}}, {"pk": 265, "model": "base.produitvendu", "fields": {"produit": 3, "contient": [], "dishes": [], "made_with": 2, "notes": [], "prix": "2.8", "sauces": [], "date": "2013-12-31T20:45:06.826Z", "sent": false, "cuisson": null}}, {"pk": 266, "model": "base.produitvendu", "fields": {"produit": 3, "contient": [], "dishes": [], "made_with": 2, "notes": [], "prix": "2.8", "sauces": [], "date": "2013-12-31T20:45:07.212Z", "sent": false, "cuisson": null}}, {"pk": 267, "model": "base.produitvendu", "fields": {"produit": 3, "contient": [], "dishes": [], "made_with": 2, "notes": [], "prix": "2.8", "sauces": [], "date": "2013-12-31T20:45:07.569Z", "sent": false, "cuisson": null}}, {"pk": 268, "model": "base.produitvendu", "fields": {"produit": 8, "contient": [269, 270], "dishes": [], "made_with": null, "notes": [], "prix": "0", "sauces": [], "date": "2013-12-31T20:45:07.965Z", "sent": false, "cuisson": null}}, {"pk": 269, "model": "base.produitvendu", "fields": {"produit": 4, "contient": [268], "dishes": [], "made_with": null, "notes": [], "prix": "0", "sauces": [], "date": "2013-12-31T20:45:07.996Z", "sent": false, "cuisson": null}}, {"pk": 270, "model": "base.produitvendu", "fields": {"produit": 7, "contient": [268], "dishes": [], "made_with": null, "notes": [], "prix": "0", "sauces": [], "date": "2013-12-31T20:45:08.093Z", "sent": false, "cuisson": null}}, {"pk": 1, "model": "base.follow", "fields": {"category": 3, "date": "2013-12-31T20:43:59.897Z", "produits": [22, 23, 24, 19, 20, 21]}}, {"pk": 2, "model": "base.follow", "fields": {"category": 3, "date": "2013-12-31T20:44:10.434Z", "produits": [58, 59, 60, 55, 56, 57]}}, {"pk": 3, "model": "base.follow", "fields": {"category": 3, "date": "2013-12-31T20:44:20.753Z", "produits": [94, 95, 96, 91, 92, 93]}}, {"pk": 4, "model": "base.follow", "fields": {"category": 3, "date": "2013-12-31T20:44:31.211Z", "produits": [130, 131, 132, 127, 128, 129]}}, {"pk": 5, "model": "base.follow", "fields": {"category": 3, "date": "2013-12-31T20:44:41.753Z", "produits": [166, 167, 168, 163, 164, 165]}}, {"pk": 6, "model": "base.follow", "fields": {"category": 3, "date": "2013-12-31T20:44:52.193Z", "produits": [202, 203, 204, 199, 200, 201]}}, {"pk": 7, "model": "base.follow", "fields": {"category": 3, "date": "2013-12-31T20:45:02.646Z", "produits": [238, 239, 240, 235, 236, 237]}}, {"pk": 1, "model": "base.paiementtype", "fields": {"nom": "AMEX", "fixed_value": false}}, {"pk": 2, "model": "base.paiementtype", "fields": {"nom": "ANCV", "fixed_value": true}}, {"pk": 3, "model": "base.paiementtype", "fields": {"nom": "CB", "fixed_value": false}}, {"pk": 4, "model": "base.paiementtype", "fields": {"nom": "Cheque", "fixed_value": false}}, {"pk": 5, "model": "base.paiementtype", "fields": {"nom": "Espece", "fixed_value": false}}, {"pk": 6, "model": "base.paiementtype", "fields": {"nom": "Tic. Resto.", "fixed_value": true}}, {"pk": 1, "model": "base.paiement", "fields": {"date": "2013-12-31T20:45:08.194Z", "nb_tickets": 0, "valeur_unitaire": "1", "type": 3, "montant": "91.2"}}, {"pk": 1, "model": "base.facture", "fields": {"onsite": true, "vats": [1, 2], "paiements": [], "total_ttc": "91.2", "category_to_follow": 3, "produits": [13, 14, 15, 4, 5, 6, 1, 2, 3, 7, 8, 9, 10, 11, 12], "following": [], "couverts": 9, "restant_a_payer": "91.2", "table": 14, "saved_in_stats": false, "date_creation": "2013-12-31T20:43:49.999Z", "surcharge": false}}, {"pk": 2, "model": "base.facture", "fields": {"onsite": true, "vats": [3, 4], "paiements": [], "total_ttc": "91.2", "category_to_follow": 4, "produits": [31, 32, 33, 22, 23, 24, 19, 20, 21, 25, 26, 27, 28, 29, 30], "following": [1], "couverts": 10, "restant_a_payer": "91.2", "table": 24, "saved_in_stats": false, "date_creation": "2013-12-31T20:43:54.896Z", "surcharge": true}}, {"pk": 3, "model": "base.facture", "fields": {"onsite": true, "vats": [5, 6], "paiements": [], "total_ttc": "91.2", "category_to_follow": 3, "produits": [49, 50, 51, 40, 41, 42, 37, 38, 39, 43, 44, 45, 46, 47, 48], "following": [], "couverts": 8, "restant_a_payer": "91.2", "table": 19, "saved_in_stats": false, "date_creation": "2013-12-31T20:44:00.651Z", "surcharge": true}}, {"pk": 4, "model": "base.facture", "fields": {"onsite": true, "vats": [7, 8], "paiements": [], "total_ttc": "91.2", "category_to_follow": 4, "produits": [67, 68, 69, 58, 59, 60, 55, 56, 57, 61, 62, 63, 64, 65, 66], "following": [2], "couverts": 12, "restant_a_payer": "91.2", "table": 25, "saved_in_stats": false, "date_creation": "2013-12-31T20:44:05.579Z", "surcharge": true}}, {"pk": 5, "model": "base.facture", "fields": {"onsite": true, "vats": [9, 10], "paiements": [], "total_ttc": "91.2", "category_to_follow": 3, "produits": [85, 86, 87, 76, 77, 78, 73, 74, 75, 79, 80, 81, 82, 83, 84], "following": [], "couverts": 11, "restant_a_payer": "91.2", "table": 11, "saved_in_stats": false, "date_creation": "2013-12-31T20:44:11.243Z", "surcharge": false}}, {"pk": 6, "model": "base.facture", "fields": {"onsite": true, "vats": [11, 12], "paiements": [], "total_ttc": "91.2", "category_to_follow": 4, "produits": [103, 104, 105, 94, 95, 96, 91, 92, 93, 97, 98, 99, 100, 101, 102], "following": [3], "couverts": 13, "restant_a_payer": "91.2", "table": 22, "saved_in_stats": false, "date_creation": "2013-12-31T20:44:15.995Z", "surcharge": true}}, {"pk": 7, "model": "base.facture", "fields": {"onsite": true, "vats": [13, 14], "paiements": [], "total_ttc": "91.2", "category_to_follow": 3, "produits": [121, 122, 123, 112, 113, 114, 109, 110, 111, 115, 116, 117, 118, 119, 120], "following": [], "couverts": 8, "restant_a_payer": "91.2", "table": 21, "saved_in_stats": false, "date_creation": "2013-12-31T20:44:21.502Z", "surcharge": true}}, {"pk": 8, "model": "base.facture", "fields": {"onsite": true, "vats": [15, 16], "paiements": [], "total_ttc": "91.2", "category_to_follow": 4, "produits": [139, 140, 141, 130, 131, 132, 127, 128, 129, 133, 134, 135, 136, 137, 138], "following": [4], "couverts": 6, "restant_a_payer": "91.2", "table": 23, "saved_in_stats": false, "date_creation": "2013-12-31T20:44:26.407Z", "surcharge": true}}, {"pk": 9, "model": "base.facture", "fields": {"onsite": true, "vats": [17, 18], "paiements": [], "total_ttc": "91.2", "category_to_follow": 3, "produits": [157, 158, 159, 148, 149, 150, 145, 146, 147, 151, 152, 153, 154, 155, 156], "following": [], "couverts": 12, "restant_a_payer": "91.2", "table": 19, "saved_in_stats": false, "date_creation": "2013-12-31T20:44:31.984Z", "surcharge": true}}, {"pk": 10, "model": "base.facture", "fields": {"onsite": true, "vats": [19, 20], "paiements": [], "total_ttc": "91.2", "category_to_follow": 4, "produits": [175, 176, 177, 166, 167, 168, 163, 164, 165, 169, 170, 171, 172, 173, 174], "following": [5], "couverts": 12, "restant_a_payer": "91.2", "table": 23, "saved_in_stats": false, "date_creation": "2013-12-31T20:44:36.855Z", "surcharge": true}}, {"pk": 11, "model": "base.facture", "fields": {"onsite": true, "vats": [21, 22], "paiements": [], "total_ttc": "91.2", "category_to_follow": 3, "produits": [193, 194, 195, 184, 185, 186, 181, 182, 183, 187, 188, 189, 190, 191, 192], "following": [], "couverts": 9, "restant_a_payer": "91.2", "table": 14, "saved_in_stats": false, "date_creation": "2013-12-31T20:44:42.500Z", "surcharge": false}}, {"pk": 12, "model": "base.facture", "fields": {"onsite": true, "vats": [23, 24], "paiements": [], "total_ttc": "91.2", "category_to_follow": 4, "produits": [211, 212, 213, 202, 203, 204, 199, 200, 201, 205, 206, 207, 208, 209, 210], "following": [6], "couverts": 1, "restant_a_payer": "91.2", "table": 17, "saved_in_stats": false, "date_creation": "2013-12-31T20:44:47.347Z", "surcharge": true}}, {"pk": 13, "model": "base.facture", "fields": {"onsite": true, "vats": [25, 26], "paiements": [], "total_ttc": "91.2", "category_to_follow": 3, "produits": [229, 230, 231, 220, 221, 222, 217, 218, 219, 223, 224, 225, 226, 227, 228], "following": [], "couverts": 9, "restant_a_payer": "91.2", "table": 26, "saved_in_stats": false, "date_creation": "2013-12-31T20:44:52.961Z", "surcharge": true}}, {"pk": 14, "model": "base.facture", "fields": {"onsite": true, "vats": [27, 28], "paiements": [], "total_ttc": "91.2", "category_to_follow": 4, "produits": [247, 248, 249, 238, 239, 240, 235, 236, 237, 241, 242, 243, 244, 245, 246], "following": [7], "couverts": 11, "restant_a_payer": "91.2", "table": 26, "saved_in_stats": false, "date_creation": "2013-12-31T20:44:57.844Z", "surcharge": true}}, {"pk": 15, "model": "base.facture", "fields": {"onsite": true, "vats": [29, 30], "paiements": [1], "total_ttc": "91.2", "category_to_follow": 3, "produits": [265, 266, 267, 256, 257, 258, 253, 254, 255, 259, 260, 261, 262, 263, 264], "following": [], "couverts": 1, "restant_a_payer": "0", "table": 21, "saved_in_stats": false, "date_creation": "2013-12-31T20:45:03.395Z", "surcharge": true}}, {"pk": 1, "model": "base.monthlystat", "fields": {"month": 1, "value": "100", "key": "total_ttc", "year": 2013}}, {"pk": 2, "model": "base.monthlystat", "fields": {"month": 1, "value": "40", "key": "bar_total_ttc", "year": 2013}}, {"pk": 3, "model": "base.monthlystat", "fields": {"month": 1, "value": "60", "key": "guests_total_ttc", "year": 2013}}, {"pk": 4, "model": "base.monthlystat", "fields": {"month": 1, "value": "413", "key": "nb_bills", "year": 2013}}, {"pk": 5, "model": "base.monthlystat", "fields": {"month": 1, "value": "439", "key": "guests_nb", "year": 2013}}, {"pk": 6, "model": "base.monthlystat", "fields": {"month": 1, "value": "226", "key": "guests_average", "year": 2013}}, {"pk": 7, "model": "base.monthlystat", "fields": {"month": 1, "value": "240", "key": "bar_nb", "year": 2013}}, {"pk": 8, "model": "base.monthlystat", "fields": {"month": 1, "value": "287", "key": "bar_average", "year": 2013}}, {"pk": 9, "model": "base.monthlystat", "fields": {"month": 2, "value": "200", "key": "total_ttc", "year": 2013}}, {"pk": 10, "model": "base.monthlystat", "fields": {"month": 2, "value": "80", "key": "bar_total_ttc", "year": 2013}}, {"pk": 11, "model": "base.monthlystat", "fields": {"month": 2, "value": "120", "key": "guests_total_ttc", "year": 2013}}, {"pk": 12, "model": "base.monthlystat", "fields": {"month": 2, "value": "176", "key": "nb_bills", "year": 2013}}, {"pk": 13, "model": "base.monthlystat", "fields": {"month": 2, "value": "236", "key": "guests_nb", "year": 2013}}, {"pk": 14, "model": "base.monthlystat", "fields": {"month": 2, "value": "213", "key": "guests_average", "year": 2013}}, {"pk": 15, "model": "base.monthlystat", "fields": {"month": 2, "value": "201", "key": "bar_nb", "year": 2013}}, {"pk": 16, "model": "base.monthlystat", "fields": {"month": 2, "value": "210", "key": "bar_average", "year": 2013}}, {"pk": 17, "model": "base.monthlystat", "fields": {"month": 3, "value": "300", "key": "total_ttc", "year": 2013}}, {"pk": 18, "model": "base.monthlystat", "fields": {"month": 3, "value": "120", "key": "bar_total_ttc", "year": 2013}}, {"pk": 19, "model": "base.monthlystat", "fields": {"month": 3, "value": "180", "key": "guests_total_ttc", "year": 2013}}, {"pk": 20, "model": "base.monthlystat", "fields": {"month": 3, "value": "415", "key": "nb_bills", "year": 2013}}, {"pk": 21, "model": "base.monthlystat", "fields": {"month": 3, "value": "217", "key": "guests_nb", "year": 2013}}, {"pk": 22, "model": "base.monthlystat", "fields": {"month": 3, "value": "333", "key": "guests_average", "year": 2013}}, {"pk": 23, "model": "base.monthlystat", "fields": {"month": 3, "value": "164", "key": "bar_nb", "year": 2013}}, {"pk": 24, "model": "base.monthlystat", "fields": {"month": 3, "value": "65", "key": "bar_average", "year": 2013}}, {"pk": 25, "model": "base.monthlystat", "fields": {"month": 4, "value": "400", "key": "total_ttc", "year": 2013}}, {"pk": 26, "model": "base.monthlystat", "fields": {"month": 4, "value": "160", "key": "bar_total_ttc", "year": 2013}}, {"pk": 27, "model": "base.monthlystat", "fields": {"month": 4, "value": "240", "key": "guests_total_ttc", "year": 2013}}, {"pk": 28, "model": "base.monthlystat", "fields": {"month": 4, "value": "449", "key": "nb_bills", "year": 2013}}, {"pk": 29, "model": "base.monthlystat", "fields": {"month": 4, "value": "67", "key": "guests_nb", "year": 2013}}, {"pk": 30, "model": "base.monthlystat", "fields": {"month": 4, "value": "405", "key": "guests_average", "year": 2013}}, {"pk": 31, "model": "base.monthlystat", "fields": {"month": 4, "value": "375", "key": "bar_nb", "year": 2013}}, {"pk": 32, "model": "base.monthlystat", "fields": {"month": 4, "value": "51", "key": "bar_average", "year": 2013}}, {"pk": 33, "model": "base.monthlystat", "fields": {"month": 5, "value": "500", "key": "total_ttc", "year": 2013}}, {"pk": 34, "model": "base.monthlystat", "fields": {"month": 5, "value": "200", "key": "bar_total_ttc", "year": 2013}}, {"pk": 35, "model": "base.monthlystat", "fields": {"month": 5, "value": "300", "key": "guests_total_ttc", "year": 2013}}, {"pk": 36, "model": "base.monthlystat", "fields": {"month": 5, "value": "282", "key": "nb_bills", "year": 2013}}, {"pk": 37, "model": "base.monthlystat", "fields": {"month": 5, "value": "406", "key": "guests_nb", "year": 2013}}, {"pk": 38, "model": "base.monthlystat", "fields": {"month": 5, "value": "152", "key": "guests_average", "year": 2013}}, {"pk": 39, "model": "base.monthlystat", "fields": {"month": 5, "value": "415", "key": "bar_nb", "year": 2013}}, {"pk": 40, "model": "base.monthlystat", "fields": {"month": 5, "value": "124", "key": "bar_average", "year": 2013}}, {"pk": 41, "model": "base.monthlystat", "fields": {"month": 6, "value": "600", "key": "total_ttc", "year": 2013}}, {"pk": 42, "model": "base.monthlystat", "fields": {"month": 6, "value": "240", "key": "bar_total_ttc", "year": 2013}}, {"pk": 43, "model": "base.monthlystat", "fields": {"month": 6, "value": "360", "key": "guests_total_ttc", "year": 2013}}, {"pk": 44, "model": "base.monthlystat", "fields": {"month": 6, "value": "364", "key": "nb_bills", "year": 2013}}, {"pk": 45, "model": "base.monthlystat", "fields": {"month": 6, "value": "277", "key": "guests_nb", "year": 2013}}, {"pk": 46, "model": "base.monthlystat", "fields": {"month": 6, "value": "248", "key": "guests_average", "year": 2013}}, {"pk": 47, "model": "base.monthlystat", "fields": {"month": 6, "value": "342", "key": "bar_nb", "year": 2013}}, {"pk": 48, "model": "base.monthlystat", "fields": {"month": 6, "value": "333", "key": "bar_average", "year": 2013}}, {"pk": 49, "model": "base.monthlystat", "fields": {"month": 7, "value": "700", "key": "total_ttc", "year": 2013}}, {"pk": 50, "model": "base.monthlystat", "fields": {"month": 7, "value": "280", "key": "bar_total_ttc", "year": 2013}}, {"pk": 51, "model": "base.monthlystat", "fields": {"month": 7, "value": "420", "key": "guests_total_ttc", "year": 2013}}, {"pk": 52, "model": "base.monthlystat", "fields": {"month": 7, "value": "498", "key": "nb_bills", "year": 2013}}, {"pk": 53, "model": "base.monthlystat", "fields": {"month": 7, "value": "452", "key": "guests_nb", "year": 2013}}, {"pk": 54, "model": "base.monthlystat", "fields": {"month": 7, "value": "247", "key": "guests_average", "year": 2013}}, {"pk": 55, "model": "base.monthlystat", "fields": {"month": 7, "value": "210", "key": "bar_nb", "year": 2013}}, {"pk": 56, "model": "base.monthlystat", "fields": {"month": 7, "value": "288", "key": "bar_average", "year": 2013}}, {"pk": 57, "model": "base.monthlystat", "fields": {"month": 8, "value": "800", "key": "total_ttc", "year": 2013}}, {"pk": 58, "model": "base.monthlystat", "fields": {"month": 8, "value": "320", "key": "bar_total_ttc", "year": 2013}}, {"pk": 59, "model": "base.monthlystat", "fields": {"month": 8, "value": "480", "key": "guests_total_ttc", "year": 2013}}, {"pk": 60, "model": "base.monthlystat", "fields": {"month": 8, "value": "380", "key": "nb_bills", "year": 2013}}, {"pk": 61, "model": "base.monthlystat", "fields": {"month": 8, "value": "439", "key": "guests_nb", "year": 2013}}, {"pk": 62, "model": "base.monthlystat", "fields": {"month": 8, "value": "424", "key": "guests_average", "year": 2013}}, {"pk": 63, "model": "base.monthlystat", "fields": {"month": 8, "value": "486", "key": "bar_nb", "year": 2013}}, {"pk": 64, "model": "base.monthlystat", "fields": {"month": 8, "value": "416", "key": "bar_average", "year": 2013}}, {"pk": 65, "model": "base.monthlystat", "fields": {"month": 9, "value": "900", "key": "total_ttc", "year": 2013}}, {"pk": 66, "model": "base.monthlystat", "fields": {"month": 9, "value": "360", "key": "bar_total_ttc", "year": 2013}}, {"pk": 67, "model": "base.monthlystat", "fields": {"month": 9, "value": "540", "key": "guests_total_ttc", "year": 2013}}, {"pk": 68, "model": "base.monthlystat", "fields": {"month": 9, "value": "192", "key": "nb_bills", "year": 2013}}, {"pk": 69, "model": "base.monthlystat", "fields": {"month": 9, "value": "260", "key": "guests_nb", "year": 2013}}, {"pk": 70, "model": "base.monthlystat", "fields": {"month": 9, "value": "249", "key": "guests_average", "year": 2013}}, {"pk": 71, "model": "base.monthlystat", "fields": {"month": 9, "value": "315", "key": "bar_nb", "year": 2013}}, {"pk": 72, "model": "base.monthlystat", "fields": {"month": 9, "value": "220", "key": "bar_average", "year": 2013}}, {"pk": 73, "model": "base.monthlystat", "fields": {"month": 10, "value": "1000", "key": "total_ttc", "year": 2013}}, {"pk": 74, "model": "base.monthlystat", "fields": {"month": 10, "value": "400", "key": "bar_total_ttc", "year": 2013}}, {"pk": 75, "model": "base.monthlystat", "fields": {"month": 10, "value": "600", "key": "guests_total_ttc", "year": 2013}}, {"pk": 76, "model": "base.monthlystat", "fields": {"month": 10, "value": "65", "key": "nb_bills", "year": 2013}}, {"pk": 77, "model": "base.monthlystat", "fields": {"month": 10, "value": "406", "key": "guests_nb", "year": 2013}}, {"pk": 78, "model": "base.monthlystat", "fields": {"month": 10, "value": "372", "key": "guests_average", "year": 2013}}, {"pk": 79, "model": "base.monthlystat", "fields": {"month": 10, "value": "423", "key": "bar_nb", "year": 2013}}, {"pk": 80, "model": "base.monthlystat", "fields": {"month": 10, "value": "401", "key": "bar_average", "year": 2013}}, {"pk": 81, "model": "base.monthlystat", "fields": {"month": 11, "value": "1100", "key": "total_ttc", "year": 2013}}, {"pk": 82, "model": "base.monthlystat", "fields": {"month": 11, "value": "440", "key": "bar_total_ttc", "year": 2013}}, {"pk": 83, "model": "base.monthlystat", "fields": {"month": 11, "value": "660", "key": "guests_total_ttc", "year": 2013}}, {"pk": 84, "model": "base.monthlystat", "fields": {"month": 11, "value": "304", "key": "nb_bills", "year": 2013}}, {"pk": 85, "model": "base.monthlystat", "fields": {"month": 11, "value": "128", "key": "guests_nb", "year": 2013}}, {"pk": 86, "model": "base.monthlystat", "fields": {"month": 11, "value": "308", "key": "guests_average", "year": 2013}}, {"pk": 87, "model": "base.monthlystat", "fields": {"month": 11, "value": "402", "key": "bar_nb", "year": 2013}}, {"pk": 88, "model": "base.monthlystat", "fields": {"month": 11, "value": "376", "key": "bar_average", "year": 2013}}, {"pk": 89, "model": "base.monthlystat", "fields": {"month": 12, "value": "1200", "key": "total_ttc", "year": 2013}}, {"pk": 90, "model": "base.monthlystat", "fields": {"month": 12, "value": "480", "key": "bar_total_ttc", "year": 2013}}, {"pk": 91, "model": "base.monthlystat", "fields": {"month": 12, "value": "720", "key": "guests_total_ttc", "year": 2013}}, {"pk": 92, "model": "base.monthlystat", "fields": {"month": 12, "value": "184", "key": "nb_bills", "year": 2013}}, {"pk": 93, "model": "base.monthlystat", "fields": {"month": 12, "value": "263", "key": "guests_nb", "year": 2013}}, {"pk": 94, "model": "base.monthlystat", "fields": {"month": 12, "value": "67", "key": "guests_average", "year": 2013}}, {"pk": 95, "model": "base.monthlystat", "fields": {"month": 12, "value": "84", "key": "bar_nb", "year": 2013}}, {"pk": 96, "model": "base.monthlystat", "fields": {"month": 12, "value": "58", "key": "bar_average", "year": 2013}}, {"pk": 1, "model": "base.dailystat", "fields": {"date": "2013-10-01", "value": "234", "key": "total_ttc"}}, {"pk": 1, "model": "base.zone", "fields": {"nom": "Bar", "surtaxe": false}}, {"pk": 2, "model": "base.zone", "fields": {"nom": "Rez de chaussee", "surtaxe": false}}, {"pk": 3, "model": "base.zone", "fields": {"nom": "Terrasse", "surtaxe": true}}, {"pk": 1, "model": "base.table", "fields": {"nom": "T--", "zone": 1}}, {"pk": 2, "model": "base.table", "fields": {"nom": "T01", "zone": 2}}, {"pk": 3, "model": "base.table", "fields": {"nom": "T02", "zone": 2}}, {"pk": 4, "model": "base.table", "fields": {"nom": "T03", "zone": 2}}, {"pk": 5, "model": "base.table", "fields": {"nom": "T04", "zone": 2}}, {"pk": 6, "model": "base.table", "fields": {"nom": "T05", "zone": 2}}, {"pk": 7, "model": "base.table", "fields": {"nom": "T06", "zone": 2}}, {"pk": 8, "model": "base.table", "fields": {"nom": "T07", "zone": 2}}, {"pk": 9, "model": "base.table", "fields": {"nom": "T08", "zone": 2}}, {"pk": 10, "model": "base.table", "fields": {"nom": "T09", "zone": 2}}, {"pk": 11, "model": "base.table", "fields": {"nom": "T10", "zone": 2}}, {"pk": 12, "model": "base.table", "fields": {"nom": "T11", "zone": 2}}, {"pk": 13, "model": "base.table", "fields": {"nom": "T12", "zone": 2}}, {"pk": 14, "model": "base.table", "fields": {"nom": "T13", "zone": 2}}, {"pk": 15, "model": "base.table", "fields": {"nom": "T14", "zone": 2}}, {"pk": 16, "model": "base.table", "fields": {"nom": "T15", "zone": 3}}, {"pk": 17, "model": "base.table", "fields": {"nom": "T16", "zone": 3}}, {"pk": 18, "model": "base.table", "fields": {"nom": "T17", "zone": 3}}, {"pk": 19, "model": "base.table", "fields": {"nom": "T18", "zone": 3}}, {"pk": 20, "model": "base.table", "fields": {"nom": "T19", "zone": 3}}, {"pk": 21, "model": "base.table", "fields": {"nom": "T20", "zone": 3}}, {"pk": 22, "model": "base.table", "fields": {"nom": "T21", "zone": 3}}, {"pk": 23, "model": "base.table", "fields": {"nom": "T22", "zone": 3}}, {"pk": 24, "model": "base.table", "fields": {"nom": "T23", "zone": 3}}, {"pk": 25, "model": "base.table", "fields": {"nom": "T24", "zone": 3}}, {"pk": 26, "model": "base.table", "fields": {"nom": "T25", "zone": 3}}, {"pk": 1, "model": "base.vatonbill", "fields": {"total": "0", "vat": 2}}, {"pk": 2, "model": "base.vatonbill", "fields": {"total": "0", "vat": 1}}, {"pk": 3, "model": "base.vatonbill", "fields": {"total": "5.4", "vat": 2}}, {"pk": 4, "model": "base.vatonbill", "fields": {"total": "1.38", "vat": 1}}, {"pk": 5, "model": "base.vatonbill", "fields": {"total": "5.4", "vat": 2}}, {"pk": 6, "model": "base.vatonbill", "fields": {"total": "1.38", "vat": 1}}, {"pk": 7, "model": "base.vatonbill", "fields": {"total": "5.4", "vat": 2}}, {"pk": 8, "model": "base.vatonbill", "fields": {"total": "1.38", "vat": 1}}, {"pk": 9, "model": "base.vatonbill", "fields": {"total": "5.4", "vat": 2}}, {"pk": 10, "model": "base.vatonbill", "fields": {"total": "1.38", "vat": 1}}, {"pk": 11, "model": "base.vatonbill", "fields": {"total": "5.4", "vat": 2}}, {"pk": 12, "model": "base.vatonbill", "fields": {"total": "1.38", "vat": 1}}, {"pk": 13, "model": "base.vatonbill", "fields": {"total": "5.4", "vat": 2}}, {"pk": 14, "model": "base.vatonbill", "fields": {"total": "1.38", "vat": 1}}, {"pk": 15, "model": "base.vatonbill", "fields": {"total": "5.4", "vat": 2}}, {"pk": 16, "model": "base.vatonbill", "fields": {"total": "1.38", "vat": 1}}, {"pk": 17, "model": "base.vatonbill", "fields": {"total": "5.4", "vat": 2}}, {"pk": 18, "model": "base.vatonbill", "fields": {"total": "1.38", "vat": 1}}, {"pk": 19, "model": "base.vatonbill", "fields": {"total": "5.4", "vat": 2}}, {"pk": 20, "model": "base.vatonbill", "fields": {"total": "1.38", "vat": 1}}, {"pk": 21, "model": "base.vatonbill", "fields": {"total": "5.4", "vat": 2}}, {"pk": 22, "model": "base.vatonbill", "fields": {"total": "1.38", "vat": 1}}, {"pk": 23, "model": "base.vatonbill", "fields": {"total": "5.4", "vat": 2}}, {"pk": 24, "model": "base.vatonbill", "fields": {"total": "1.38", "vat": 1}}, {"pk": 25, "model": "base.vatonbill", "fields": {"total": "5.4", "vat": 2}}, {"pk": 26, "model": "base.vatonbill", "fields": {"total": "1.38", "vat": 1}}, {"pk": 27, "model": "base.vatonbill", "fields": {"total": "5.4", "vat": 2}}, {"pk": 28, "model": "base.vatonbill", "fields": {"total": "1.38", "vat": 1}}, {"pk": 29, "model": "base.vatonbill", "fields": {"total": "5.4", "vat": 2}}, {"pk": 30, "model": "base.vatonbill", "fields": {"total": "1.38", "vat": 1}}]