[{"pk": 1, "model": "south.migrationhistory", "fields": {"applied": "2013-12-17T10:39:44.504Z", "app_name": "base", "migration": "0001_initial"}}, {"pk": 2, "model": "south.migrationhistory", "fields": {"applied": "2013-12-17T10:39:44.549Z", "app_name": "base", "migration": "0002_auto__add_vat__add_field_categorie_vat_onsite__add_field_categorie_vat"}}, {"pk": 3, "model": "south.migrationhistory", "fields": {"applied": "2013-12-17T10:39:44.576Z", "app_name": "base", "migration": "0003_auto__del_field_categorie_alcool"}}, {"pk": 4, "model": "south.migrationhistory", "fields": {"applied": "2013-12-17T10:39:44.605Z", "app_name": "base", "migration": "0004_auto__add_field_vat_value"}}, {"pk": 5, "model": "south.migrationhistory", "fields": {"applied": "2013-12-17T10:39:44.633Z", "app_name": "base", "migration": "0005_auto__chg_field_vat_value"}}, {"pk": 6, "model": "south.migrationhistory", "fields": {"applied": "2013-12-17T10:39:44.662Z", "app_name": "base", "migration": "0006_auto__chg_field_vat_value"}}, {"pk": 7, "model": "south.migrationhistory", "fields": {"applied": "2013-12-17T10:39:44.690Z", "app_name": "base", "migration": "0007_auto__add_field_facture_onsite"}}, {"pk": 8, "model": "south.migrationhistory", "fields": {"applied": "2013-12-17T10:39:44.719Z", "app_name": "base", "migration": "0008_auto__del_field_paiementtype_priorite__del_field_paiementtype_nom_fact"}}, {"pk": 9, "model": "south.migrationhistory", "fields": {"applied": "2013-12-17T10:39:44.753Z", "app_name": "base", "migration": "0009_auto__add_vatonbill__add_field_facture_total_ttc"}}, {"pk": 10, "model": "south.migrationhistory", "fields": {"applied": "2013-12-17T10:39:44.781Z", "app_name": "base", "migration": "0010_facture_total_ttc"}}, {"pk": 11, "model": "south.migrationhistory", "fields": {"applied": "2013-12-17T10:39:44.814Z", "app_name": "base", "migration": "0011_auto__del_field_facture_montant_alcool__del_field_facture_montant_norm"}}, {"pk": 12, "model": "south.migrationhistory", "fields": {"applied": "2013-12-17T10:39:44.845Z", "app_name": "base", "migration": "0012_auto__add_field_cuisson_nom_facture"}}, {"pk": 13, "model": "south.migrationhistory", "fields": {"applied": "2013-12-17T10:39:44.877Z", "app_name": "base", "migration": "0013_auto__add_printer"}}, {"pk": 14, "model": "south.migrationhistory", "fields": {"applied": "2013-12-17T10:39:44.909Z", "app_name": "base", "migration": "0014_auto__add_field_printer_width"}}, {"pk": 15, "model": "south.migrationhistory", "fields": {"applied": "2013-12-17T10:39:44.943Z", "app_name": "base", "migration": "0015_auto__add_field_categorie_made_in_kitchen"}}, {"pk": 16, "model": "south.migrationhistory", "fields": {"applied": "2013-12-17T10:39:44.977Z", "app_name": "base", "migration": "0016_auto__add_field_produitvendu_made_with__add_field_produitvendu_sent"}}, {"pk": 17, "model": "south.migrationhistory", "fields": {"applied": "2013-12-17T10:39:45.011Z", "app_name": "base", "migration": "0017_auto__chg_field_produitvendu_made_with"}}, {"pk": 18, "model": "south.migrationhistory", "fields": {"applied": "2013-12-17T10:39:45.044Z", "app_name": "base", "migration": "0018_auto__del_field_suivi_etat__add_field_suivi_category"}}, {"pk": 19, "model": "south.migrationhistory", "fields": {"applied": "2013-12-17T10:39:45.080Z", "app_name": "base", "migration": "0019_auto__add_field_produit_vat_onsite__add_field_produit_vat_takeaway"}}, {"pk": 20, "model": "south.migrationhistory", "fields": {"applied": "2013-12-17T10:39:45.110Z", "app_name": "base", "migration": "0020_auto"}}, {"pk": 21, "model": "south.migrationhistory", "fields": {"applied": "2013-12-17T10:39:45.151Z", "app_name": "base", "migration": "0021_auto__del_etat__del_couleur__del_field_categorie_couleur__add_field_ca"}}, {"pk": 22, "model": "south.migrationhistory", "fields": {"applied": "2013-12-17T10:39:45.180Z", "app_name": "base", "migration": "0022_auto__add_field_facture_overcharge"}}, {"pk": 23, "model": "south.migrationhistory", "fields": {"applied": "2013-12-17T10:39:45.219Z", "app_name": "base", "migration": "0023_auto__del_suivi__add_follow__add_field_facture_following__add_field_fa"}}, {"pk": 24, "model": "south.migrationhistory", "fields": {"applied": "2013-12-17T10:39:45.252Z", "app_name": "base", "migration": "0024_auto__del_field_facture_following"}}, {"pk": 25, "model": "south.migrationhistory", "fields": {"applied": "2013-12-17T10:39:45.329Z", "app_name": "base", "migration": "0025_auto__chg_field_facture_category_to_follow"}}, {"pk": 26, "model": "south.migrationhistory", "fields": {"applied": "2013-12-17T10:39:45.360Z", "app_name": "base", "migration": "0026_auto__add_config"}}, {"pk": 27, "model": "south.migrationhistory", "fields": {"applied": "2013-12-17T10:39:45.396Z", "app_name": "base", "migration": "0027_auto__del_statsjourcategorie__del_statsjourgeneral__del_statsjourprodu"}}, {"pk": 28, "model": "south.migrationhistory", "fields": {"applied": "2013-12-17T10:39:45.423Z", "app_name": "base", "migration": "0028_auto__del_logtype__del_log"}}, {"pk": 29, "model": "south.migrationhistory", "fields": {"applied": "2013-12-17T10:39:45.457Z", "app_name": "base", "migration": "0029_auto__add_field_produit_price_surcharged__add_field_produit_vat_surcha"}}, {"pk": 30, "model": "south.migrationhistory", "fields": {"applied": "2013-12-17T10:39:45.488Z", "app_name": "base", "migration": "0030_auto__del_field_facture_overcharge__add_field_facture_surcharge"}}, {"pk": 31, "model": "south.migrationhistory", "fields": {"applied": "2013-12-17T10:39:45.518Z", "app_name": "base", "migration": "0031_auto__del_field_produit_nom_facture"}}, {"pk": 32, "model": "south.migrationhistory", "fields": {"applied": "2013-12-17T10:39:45.555Z", "app_name": "django_extensions", "migration": "0001_empty"}}, {"pk": 1, "model": "auth.user", "fields": {"username": "demo", "first_name": "first name", "last_name": "last name", "is_active": true, "is_superuser": false, "is_staff": false, "last_login": "2013-12-17T10:45:13.218Z", "groups": [], "user_permissions": [58, 59, 60, 61, 62, 63, 64, 65, 66], "password": "pbkdf2_sha256$10000$7dp6SdCMt7pR$kZv1kwdOqWfotd9U7HraJ+ihiCNNrJa1ttawRv3+HDM=", "email": "demo@possum-software.org", "date_joined": "2013-12-17T10:45:13.218Z"}}, {"pk": 1, "model": "base.vat", "fields": {"tax": "19.6", "name": "alcool", "value": "0.196"}}, {"pk": 2, "model": "base.vat", "fields": {"tax": "7", "name": "sur place", "value": "0.07"}}, {"pk": 3, "model": "base.vat", "fields": {"tax": "5", "name": "\u00e0 emporter", "value": "0.05"}}, {"pk": 1, "model": "base.categorie", "fields": {"nom": "Jus", "disable_surtaxe": false, "color": "#44b3dc", "vat_takeaway": 3, "priorite": 25, "vat_onsite": 2, "made_in_kitchen": false, "surtaxable": false}}, {"pk": 2, "model": "base.categorie", "fields": {"nom": "Bieres", "disable_surtaxe": false, "color": "#ea97b5", "vat_takeaway": 1, "priorite": 2, "vat_onsite": 1, "made_in_kitchen": false, "surtaxable": false}}, {"pk": 3, "model": "base.categorie", "fields": {"nom": "Entrees", "disable_surtaxe": false, "color": "#ff9f00", "vat_takeaway": 3, "priorite": 5, "vat_onsite": 2, "made_in_kitchen": true, "surtaxable": false}}, {"pk": 4, "model": "base.categorie", "fields": {"nom": "Plat", "disable_surtaxe": false, "color": "#c9a100", "vat_takeaway": 3, "priorite": 10, "vat_onsite": 2, "made_in_kitchen": true, "surtaxable": false}}, {"pk": 5, "model": "base.categorie", "fields": {"nom": "Menu", "disable_surtaxe": false, "color": "#88f027", "vat_takeaway": 3, "priorite": 22, "vat_onsite": 2, "made_in_kitchen": false, "surtaxable": false}}, {"pk": 1, "model": "base.config", "fields": {"value": "5", "key": "payment_for_refunds"}}, {"pk": 2, "model": "base.config", "fields": {"value": "0.20", "key": "price_surcharge"}}, {"pk": 1, "model": "base.cuisson", "fields": {"nom_facture": "B", "nom": "bleu", "priorite": 10, "color": "#8CC6D7"}}, {"pk": 2, "model": "base.cuisson", "fields": {"nom_facture": "S", "nom": "saignant", "priorite": 15, "color": "#DB0B32"}}, {"pk": 3, "model": "base.cuisson", "fields": {"nom_facture": "AP", "nom": "\u00e0 point", "priorite": 20, "color": "#C44C51"}}, {"pk": 4, "model": "base.cuisson", "fields": {"nom_facture": "BC", "nom": "bien cuit", "priorite": 25, "color": "#B78178"}}, {"pk": 1, "model": "base.produit", "fields": {"nom": "jus abricot", "categories_ok": [], "choix_sauce": false, "choix_accompagnement": false, "choix_cuisson": false, "vat_takeaway": "0.13", "vat_surcharged": "0.18", "prix": "2.8", "price_surcharged": "2.8", "vat_onsite": "0.18", "produits_ok": [], "categorie": 1, "actif": true}}, {"pk": 2, "model": "base.produit", "fields": {"nom": "jus pomme", "categories_ok": [], "choix_sauce": false, "choix_accompagnement": false, "choix_cuisson": false, "vat_takeaway": "0.13", "vat_surcharged": "0.18", "prix": "2.8", "price_surcharged": "2.8", "vat_onsite": "0.18", "produits_ok": [], "categorie": 1, "actif": true}}, {"pk": 3, "model": "base.produit", "fields": {"nom": "biere 50cl", "categories_ok": [], "choix_sauce": false, "choix_accompagnement": false, "choix_cuisson": false, "vat_takeaway": "0.46", "vat_surcharged": "0.46", "prix": "2.8", "price_surcharged": "2.8", "vat_onsite": "0.46", "produits_ok": [], "categorie": 2, "actif": true}}, {"pk": 4, "model": "base.produit", "fields": {"nom": "salade normande", "categories_ok": [], "choix_sauce": false, "choix_accompagnement": false, "choix_cuisson": false, "vat_takeaway": "0.16", "vat_surcharged": "0.22", "prix": "3.4", "price_surcharged": "3.4", "vat_onsite": "0.22", "produits_ok": [8], "categorie": 3, "actif": true}}, {"pk": 5, "model": "base.produit", "fields": {"nom": "buffet", "categories_ok": [], "choix_sauce": false, "choix_accompagnement": false, "choix_cuisson": false, "vat_takeaway": "0.3", "vat_surcharged": "0.42", "prix": "6.4", "price_surcharged": "6.4", "vat_onsite": "0.42", "produits_ok": [], "categorie": 3, "actif": true}}, {"pk": 6, "model": "base.produit", "fields": {"nom": "entrecote", "categories_ok": [], "choix_sauce": false, "choix_accompagnement": false, "choix_cuisson": true, "vat_takeaway": "0.4", "vat_surcharged": "0.55", "prix": "8.4", "price_surcharged": "8.4", "vat_onsite": "0.55", "produits_ok": [8], "categorie": 4, "actif": true}}, {"pk": 7, "model": "base.produit", "fields": {"nom": "pave de saumon", "categories_ok": [], "choix_sauce": false, "choix_accompagnement": false, "choix_cuisson": false, "vat_takeaway": "0.45", "vat_surcharged": "0.61", "prix": "9.4", "price_surcharged": "9.4", "vat_onsite": "0.61", "produits_ok": [8], "categorie": 4, "actif": true}}, {"pk": 8, "model": "base.produit", "fields": {"nom": "Menu Entree/Plat", "categories_ok": [3, 4], "choix_sauce": false, "choix_accompagnement": false, "choix_cuisson": false, "vat_takeaway": "0.64", "vat_surcharged": "0.88", "prix": "13.4", "price_surcharged": "13.4", "vat_onsite": "0.88", "produits_ok": [4, 6, 7], "categorie": 5, "actif": true}}, {"pk": 1, "model": "base.produitvendu", "fields": {"produit": 4, "contient": [], "prix": "3.4", "made_with": 3, "accompagnement": null, "date": "2013-12-17T10:45:13.378Z", "sauce": null, "sent": false, "cuisson": null}}, {"pk": 2, "model": "base.produitvendu", "fields": {"produit": 4, "contient": [], "prix": "3.4", "made_with": 3, "accompagnement": null, "date": "2013-12-17T10:45:13.404Z", "sauce": null, "sent": false, "cuisson": null}}, {"pk": 3, "model": "base.produitvendu", "fields": {"produit": 4, "contient": [], "prix": "3.4", "made_with": 3, "accompagnement": null, "date": "2013-12-17T10:45:13.425Z", "sauce": null, "sent": false, "cuisson": null}}, {"pk": 4, "model": "base.produitvendu", "fields": {"produit": 5, "contient": [], "prix": "6.4", "made_with": 3, "accompagnement": null, "date": "2013-12-17T10:45:13.447Z", "sauce": null, "sent": false, "cuisson": null}}, {"pk": 5, "model": "base.produitvendu", "fields": {"produit": 5, "contient": [], "prix": "6.4", "made_with": 3, "accompagnement": null, "date": "2013-12-17T10:45:13.474Z", "sauce": null, "sent": false, "cuisson": null}}, {"pk": 6, "model": "base.produitvendu", "fields": {"produit": 5, "contient": [], "prix": "6.4", "made_with": 3, "accompagnement": null, "date": "2013-12-17T10:45:13.503Z", "sauce": null, "sent": false, "cuisson": null}}, {"pk": 7, "model": "base.produitvendu", "fields": {"produit": 6, "contient": [], "prix": "8.4", "made_with": 4, "accompagnement": null, "date": "2013-12-17T10:45:13.536Z", "sauce": null, "sent": false, "cuisson": null}}, {"pk": 8, "model": "base.produitvendu", "fields": {"produit": 6, "contient": [], "prix": "8.4", "made_with": 4, "accompagnement": null, "date": "2013-12-17T10:45:13.575Z", "sauce": null, "sent": false, "cuisson": null}}, {"pk": 9, "model": "base.produitvendu", "fields": {"produit": 6, "contient": [], "prix": "8.4", "made_with": 4, "accompagnement": null, "date": "2013-12-17T10:45:13.615Z", "sauce": null, "sent": false, "cuisson": null}}, {"pk": 10, "model": "base.produitvendu", "fields": {"produit": 7, "contient": [], "prix": "9.4", "made_with": 4, "accompagnement": null, "date": "2013-12-17T10:45:13.658Z", "sauce": null, "sent": false, "cuisson": null}}, {"pk": 11, "model": "base.produitvendu", "fields": {"produit": 7, "contient": [], "prix": "9.4", "made_with": 4, "accompagnement": null, "date": "2013-12-17T10:45:13.708Z", "sauce": null, "sent": false, "cuisson": null}}, {"pk": 12, "model": "base.produitvendu", "fields": {"produit": 7, "contient": [], "prix": "9.4", "made_with": 4, "accompagnement": null, "date": "2013-12-17T10:45:13.760Z", "sauce": null, "sent": false, "cuisson": null}}, {"pk": 13, "model": "base.produitvendu", "fields": {"produit": 3, "contient": [], "prix": "2.8", "made_with": 2, "accompagnement": null, "date": "2013-12-17T10:45:13.815Z", "sauce": null, "sent": false, "cuisson": null}}, {"pk": 14, "model": "base.produitvendu", "fields": {"produit": 3, "contient": [], "prix": "2.8", "made_with": 2, "accompagnement": null, "date": "2013-12-17T10:45:13.877Z", "sauce": null, "sent": false, "cuisson": null}}, {"pk": 15, "model": "base.produitvendu", "fields": {"produit": 3, "contient": [], "prix": "2.8", "made_with": 2, "accompagnement": null, "date": "2013-12-17T10:45:13.938Z", "sauce": null, "sent": false, "cuisson": null}}, {"pk": 16, "model": "base.produitvendu", "fields": {"produit": 8, "contient": [17, 18], "prix": "0", "made_with": null, "accompagnement": null, "date": "2013-12-17T10:45:14.002Z", "sauce": null, "sent": false, "cuisson": null}}, {"pk": 17, "model": "base.produitvendu", "fields": {"produit": 4, "contient": [16], "prix": "0", "made_with": null, "accompagnement": null, "date": "2013-12-17T10:45:14.002Z", "sauce": null, "sent": false, "cuisson": null}}, {"pk": 18, "model": "base.produitvendu", "fields": {"produit": 7, "contient": [16], "prix": "0", "made_with": null, "accompagnement": null, "date": "2013-12-17T10:45:14.005Z", "sauce": null, "sent": false, "cuisson": null}}, {"pk": 19, "model": "base.produitvendu", "fields": {"produit": 4, "contient": [], "prix": "3.4", "made_with": 3, "accompagnement": null, "date": "2013-12-17T10:45:14.010Z", "sauce": null, "sent": true, "cuisson": null}}, {"pk": 20, "model": "base.produitvendu", "fields": {"produit": 4, "contient": [], "prix": "3.4", "made_with": 3, "accompagnement": null, "date": "2013-12-17T10:45:14.034Z", "sauce": null, "sent": true, "cuisson": null}}, {"pk": 21, "model": "base.produitvendu", "fields": {"produit": 4, "contient": [], "prix": "3.4", "made_with": 3, "accompagnement": null, "date": "2013-12-17T10:45:14.052Z", "sauce": null, "sent": true, "cuisson": null}}, {"pk": 22, "model": "base.produitvendu", "fields": {"produit": 5, "contient": [], "prix": "6.4", "made_with": 3, "accompagnement": null, "date": "2013-12-17T10:45:14.074Z", "sauce": null, "sent": true, "cuisson": null}}, {"pk": 23, "model": "base.produitvendu", "fields": {"produit": 5, "contient": [], "prix": "6.4", "made_with": 3, "accompagnement": null, "date": "2013-12-17T10:45:14.100Z", "sauce": null, "sent": true, "cuisson": null}}, {"pk": 24, "model": "base.produitvendu", "fields": {"produit": 5, "contient": [], "prix": "6.4", "made_with": 3, "accompagnement": null, "date": "2013-12-17T10:45:14.129Z", "sauce": null, "sent": true, "cuisson": null}}, {"pk": 25, "model": "base.produitvendu", "fields": {"produit": 6, "contient": [], "prix": "8.4", "made_with": 4, "accompagnement": null, "date": "2013-12-17T10:45:14.163Z", "sauce": null, "sent": false, "cuisson": null}}, {"pk": 26, "model": "base.produitvendu", "fields": {"produit": 6, "contient": [], "prix": "8.4", "made_with": 4, "accompagnement": null, "date": "2013-12-17T10:45:14.201Z", "sauce": null, "sent": false, "cuisson": null}}, {"pk": 27, "model": "base.produitvendu", "fields": {"produit": 6, "contient": [], "prix": "8.4", "made_with": 4, "accompagnement": null, "date": "2013-12-17T10:45:14.242Z", "sauce": null, "sent": false, "cuisson": null}}, {"pk": 28, "model": "base.produitvendu", "fields": {"produit": 7, "contient": [], "prix": "9.4", "made_with": 4, "accompagnement": null, "date": "2013-12-17T10:45:14.285Z", "sauce": null, "sent": false, "cuisson": null}}, {"pk": 29, "model": "base.produitvendu", "fields": {"produit": 7, "contient": [], "prix": "9.4", "made_with": 4, "accompagnement": null, "date": "2013-12-17T10:45:14.334Z", "sauce": null, "sent": false, "cuisson": null}}, {"pk": 30, "model": "base.produitvendu", "fields": {"produit": 7, "contient": [], "prix": "9.4", "made_with": 4, "accompagnement": null, "date": "2013-12-17T10:45:14.385Z", "sauce": null, "sent": false, "cuisson": null}}, {"pk": 31, "model": "base.produitvendu", "fields": {"produit": 3, "contient": [], "prix": "2.8", "made_with": 2, "accompagnement": null, "date": "2013-12-17T10:45:14.441Z", "sauce": null, "sent": false, "cuisson": null}}, {"pk": 32, "model": "base.produitvendu", "fields": {"produit": 3, "contient": [], "prix": "2.8", "made_with": 2, "accompagnement": null, "date": "2013-12-17T10:45:14.500Z", "sauce": null, "sent": false, "cuisson": null}}, {"pk": 33, "model": "base.produitvendu", "fields": {"produit": 3, "contient": [], "prix": "2.8", "made_with": 2, "accompagnement": null, "date": "2013-12-17T10:45:14.561Z", "sauce": null, "sent": false, "cuisson": null}}, {"pk": 34, "model": "base.produitvendu", "fields": {"produit": 8, "contient": [35, 36], "prix": "0", "made_with": null, "accompagnement": null, "date": "2013-12-17T10:45:14.626Z", "sauce": null, "sent": false, "cuisson": null}}, {"pk": 35, "model": "base.produitvendu", "fields": {"produit": 4, "contient": [34], "prix": "0", "made_with": null, "accompagnement": null, "date": "2013-12-17T10:45:14.626Z", "sauce": null, "sent": false, "cuisson": null}}, {"pk": 36, "model": "base.produitvendu", "fields": {"produit": 7, "contient": [34], "prix": "0", "made_with": null, "accompagnement": null, "date": "2013-12-17T10:45:14.629Z", "sauce": null, "sent": false, "cuisson": null}}, {"pk": 37, "model": "base.produitvendu", "fields": {"produit": 4, "contient": [], "prix": "3.4", "made_with": 3, "accompagnement": null, "date": "2013-12-17T10:45:14.732Z", "sauce": null, "sent": false, "cuisson": null}}, {"pk": 38, "model": "base.produitvendu", "fields": {"produit": 4, "contient": [], "prix": "3.4", "made_with": 3, "accompagnement": null, "date": "2013-12-17T10:45:14.748Z", "sauce": null, "sent": false, "cuisson": null}}, {"pk": 39, "model": "base.produitvendu", "fields": {"produit": 4, "contient": [], "prix": "3.4", "made_with": 3, "accompagnement": null, "date": "2013-12-17T10:45:14.766Z", "sauce": null, "sent": false, "cuisson": null}}, {"pk": 40, "model": "base.produitvendu", "fields": {"produit": 5, "contient": [], "prix": "6.4", "made_with": 3, "accompagnement": null, "date": "2013-12-17T10:45:14.788Z", "sauce": null, "sent": false, "cuisson": null}}, {"pk": 41, "model": "base.produitvendu", "fields": {"produit": 5, "contient": [], "prix": "6.4", "made_with": 3, "accompagnement": null, "date": "2013-12-17T10:45:14.814Z", "sauce": null, "sent": false, "cuisson": null}}, {"pk": 42, "model": "base.produitvendu", "fields": {"produit": 5, "contient": [], "prix": "6.4", "made_with": 3, "accompagnement": null, "date": "2013-12-17T10:45:14.843Z", "sauce": null, "sent": false, "cuisson": null}}, {"pk": 43, "model": "base.produitvendu", "fields": {"produit": 6, "contient": [], "prix": "8.4", "made_with": 4, "accompagnement": null, "date": "2013-12-17T10:45:14.877Z", "sauce": null, "sent": false, "cuisson": null}}, {"pk": 44, "model": "base.produitvendu", "fields": {"produit": 6, "contient": [], "prix": "8.4", "made_with": 4, "accompagnement": null, "date": "2013-12-17T10:45:14.913Z", "sauce": null, "sent": false, "cuisson": null}}, {"pk": 45, "model": "base.produitvendu", "fields": {"produit": 6, "contient": [], "prix": "8.4", "made_with": 4, "accompagnement": null, "date": "2013-12-17T10:45:14.954Z", "sauce": null, "sent": false, "cuisson": null}}, {"pk": 46, "model": "base.produitvendu", "fields": {"produit": 7, "contient": [], "prix": "9.4", "made_with": 4, "accompagnement": null, "date": "2013-12-17T10:45:14.999Z", "sauce": null, "sent": false, "cuisson": null}}, {"pk": 47, "model": "base.produitvendu", "fields": {"produit": 7, "contient": [], "prix": "9.4", "made_with": 4, "accompagnement": null, "date": "2013-12-17T10:45:15.046Z", "sauce": null, "sent": false, "cuisson": null}}, {"pk": 48, "model": "base.produitvendu", "fields": {"produit": 7, "contient": [], "prix": "9.4", "made_with": 4, "accompagnement": null, "date": "2013-12-17T10:45:15.098Z", "sauce": null, "sent": false, "cuisson": null}}, {"pk": 49, "model": "base.produitvendu", "fields": {"produit": 3, "contient": [], "prix": "2.8", "made_with": 2, "accompagnement": null, "date": "2013-12-17T10:45:15.153Z", "sauce": null, "sent": false, "cuisson": null}}, {"pk": 50, "model": "base.produitvendu", "fields": {"produit": 3, "contient": [], "prix": "2.8", "made_with": 2, "accompagnement": null, "date": "2013-12-17T10:45:15.213Z", "sauce": null, "sent": false, "cuisson": null}}, {"pk": 51, "model": "base.produitvendu", "fields": {"produit": 3, "contient": [], "prix": "2.8", "made_with": 2, "accompagnement": null, "date": "2013-12-17T10:45:15.276Z", "sauce": null, "sent": false, "cuisson": null}}, {"pk": 52, "model": "base.produitvendu", "fields": {"produit": 8, "contient": [53, 54], "prix": "0", "made_with": null, "accompagnement": null, "date": "2013-12-17T10:45:15.340Z", "sauce": null, "sent": false, "cuisson": null}}, {"pk": 53, "model": "base.produitvendu", "fields": {"produit": 4, "contient": [52], "prix": "0", "made_with": null, "accompagnement": null, "date": "2013-12-17T10:45:15.341Z", "sauce": null, "sent": false, "cuisson": null}}, {"pk": 54, "model": "base.produitvendu", "fields": {"produit": 7, "contient": [52], "prix": "0", "made_with": null, "accompagnement": null, "date": "2013-12-17T10:45:15.343Z", "sauce": null, "sent": false, "cuisson": null}}, {"pk": 55, "model": "base.produitvendu", "fields": {"produit": 4, "contient": [], "prix": "3.4", "made_with": 3, "accompagnement": null, "date": "2013-12-17T10:45:15.348Z", "sauce": null, "sent": true, "cuisson": null}}, {"pk": 56, "model": "base.produitvendu", "fields": {"produit": 4, "contient": [], "prix": "3.4", "made_with": 3, "accompagnement": null, "date": "2013-12-17T10:45:15.372Z", "sauce": null, "sent": true, "cuisson": null}}, {"pk": 57, "model": "base.produitvendu", "fields": {"produit": 4, "contient": [], "prix": "3.4", "made_with": 3, "accompagnement": null, "date": "2013-12-17T10:45:15.390Z", "sauce": null, "sent": true, "cuisson": null}}, {"pk": 58, "model": "base.produitvendu", "fields": {"produit": 5, "contient": [], "prix": "6.4", "made_with": 3, "accompagnement": null, "date": "2013-12-17T10:45:15.412Z", "sauce": null, "sent": true, "cuisson": null}}, {"pk": 59, "model": "base.produitvendu", "fields": {"produit": 5, "contient": [], "prix": "6.4", "made_with": 3, "accompagnement": null, "date": "2013-12-17T10:45:15.438Z", "sauce": null, "sent": true, "cuisson": null}}, {"pk": 60, "model": "base.produitvendu", "fields": {"produit": 5, "contient": [], "prix": "6.4", "made_with": 3, "accompagnement": null, "date": "2013-12-17T10:45:15.468Z", "sauce": null, "sent": true, "cuisson": null}}, {"pk": 61, "model": "base.produitvendu", "fields": {"produit": 6, "contient": [], "prix": "8.4", "made_with": 4, "accompagnement": null, "date": "2013-12-17T10:45:15.501Z", "sauce": null, "sent": false, "cuisson": null}}, {"pk": 62, "model": "base.produitvendu", "fields": {"produit": 6, "contient": [], "prix": "8.4", "made_with": 4, "accompagnement": null, "date": "2013-12-17T10:45:15.538Z", "sauce": null, "sent": false, "cuisson": null}}, {"pk": 63, "model": "base.produitvendu", "fields": {"produit": 6, "contient": [], "prix": "8.4", "made_with": 4, "accompagnement": null, "date": "2013-12-17T10:45:15.579Z", "sauce": null, "sent": false, "cuisson": null}}, {"pk": 64, "model": "base.produitvendu", "fields": {"produit": 7, "contient": [], "prix": "9.4", "made_with": 4, "accompagnement": null, "date": "2013-12-17T10:45:15.623Z", "sauce": null, "sent": false, "cuisson": null}}, {"pk": 65, "model": "base.produitvendu", "fields": {"produit": 7, "contient": [], "prix": "9.4", "made_with": 4, "accompagnement": null, "date": "2013-12-17T10:45:15.671Z", "sauce": null, "sent": false, "cuisson": null}}, {"pk": 66, "model": "base.produitvendu", "fields": {"produit": 7, "contient": [], "prix": "9.4", "made_with": 4, "accompagnement": null, "date": "2013-12-17T10:45:15.724Z", "sauce": null, "sent": false, "cuisson": null}}, {"pk": 67, "model": "base.produitvendu", "fields": {"produit": 3, "contient": [], "prix": "2.8", "made_with": 2, "accompagnement": null, "date": "2013-12-17T10:45:15.780Z", "sauce": null, "sent": false, "cuisson": null}}, {"pk": 68, "model": "base.produitvendu", "fields": {"produit": 3, "contient": [], "prix": "2.8", "made_with": 2, "accompagnement": null, "date": "2013-12-17T10:45:15.841Z", "sauce": null, "sent": false, "cuisson": null}}, {"pk": 69, "model": "base.produitvendu", "fields": {"produit": 3, "contient": [], "prix": "2.8", "made_with": 2, "accompagnement": null, "date": "2013-12-17T10:45:15.902Z", "sauce": null, "sent": false, "cuisson": null}}, {"pk": 70, "model": "base.produitvendu", "fields": {"produit": 8, "contient": [71, 72], "prix": "0", "made_with": null, "accompagnement": null, "date": "2013-12-17T10:45:15.966Z", "sauce": null, "sent": false, "cuisson": null}}, {"pk": 71, "model": "base.produitvendu", "fields": {"produit": 4, "contient": [70], "prix": "0", "made_with": null, "accompagnement": null, "date": "2013-12-17T10:45:15.966Z", "sauce": null, "sent": false, "cuisson": null}}, {"pk": 72, "model": "base.produitvendu", "fields": {"produit": 7, "contient": [70], "prix": "0", "made_with": null, "accompagnement": null, "date": "2013-12-17T10:45:15.969Z", "sauce": null, "sent": false, "cuisson": null}}, {"pk": 73, "model": "base.produitvendu", "fields": {"produit": 4, "contient": [], "prix": "3.4", "made_with": 3, "accompagnement": null, "date": "2013-12-17T10:45:16.071Z", "sauce": null, "sent": false, "cuisson": null}}, {"pk": 74, "model": "base.produitvendu", "fields": {"produit": 4, "contient": [], "prix": "3.4", "made_with": 3, "accompagnement": null, "date": "2013-12-17T10:45:16.087Z", "sauce": null, "sent": false, "cuisson": null}}, {"pk": 75, "model": "base.produitvendu", "fields": {"produit": 4, "contient": [], "prix": "3.4", "made_with": 3, "accompagnement": null, "date": "2013-12-17T10:45:16.106Z", "sauce": null, "sent": false, "cuisson": null}}, {"pk": 76, "model": "base.produitvendu", "fields": {"produit": 5, "contient": [], "prix": "6.4", "made_with": 3, "accompagnement": null, "date": "2013-12-17T10:45:16.128Z", "sauce": null, "sent": false, "cuisson": null}}, {"pk": 77, "model": "base.produitvendu", "fields": {"produit": 5, "contient": [], "prix": "6.4", "made_with": 3, "accompagnement": null, "date": "2013-12-17T10:45:16.154Z", "sauce": null, "sent": false, "cuisson": null}}, {"pk": 78, "model": "base.produitvendu", "fields": {"produit": 5, "contient": [], "prix": "6.4", "made_with": 3, "accompagnement": null, "date": "2013-12-17T10:45:16.183Z", "sauce": null, "sent": false, "cuisson": null}}, {"pk": 79, "model": "base.produitvendu", "fields": {"produit": 6, "contient": [], "prix": "8.4", "made_with": 4, "accompagnement": null, "date": "2013-12-17T10:45:16.216Z", "sauce": null, "sent": false, "cuisson": null}}, {"pk": 80, "model": "base.produitvendu", "fields": {"produit": 6, "contient": [], "prix": "8.4", "made_with": 4, "accompagnement": null, "date": "2013-12-17T10:45:16.253Z", "sauce": null, "sent": false, "cuisson": null}}, {"pk": 81, "model": "base.produitvendu", "fields": {"produit": 6, "contient": [], "prix": "8.4", "made_with": 4, "accompagnement": null, "date": "2013-12-17T10:45:16.294Z", "sauce": null, "sent": false, "cuisson": null}}, {"pk": 82, "model": "base.produitvendu", "fields": {"produit": 7, "contient": [], "prix": "9.4", "made_with": 4, "accompagnement": null, "date": "2013-12-17T10:45:16.339Z", "sauce": null, "sent": false, "cuisson": null}}, {"pk": 83, "model": "base.produitvendu", "fields": {"produit": 7, "contient": [], "prix": "9.4", "made_with": 4, "accompagnement": null, "date": "2013-12-17T10:45:16.388Z", "sauce": null, "sent": false, "cuisson": null}}, {"pk": 84, "model": "base.produitvendu", "fields": {"produit": 7, "contient": [], "prix": "9.4", "made_with": 4, "accompagnement": null, "date": "2013-12-17T10:45:16.439Z", "sauce": null, "sent": false, "cuisson": null}}, {"pk": 85, "model": "base.produitvendu", "fields": {"produit": 3, "contient": [], "prix": "2.8", "made_with": 2, "accompagnement": null, "date": "2013-12-17T10:45:16.494Z", "sauce": null, "sent": false, "cuisson": null}}, {"pk": 86, "model": "base.produitvendu", "fields": {"produit": 3, "contient": [], "prix": "2.8", "made_with": 2, "accompagnement": null, "date": "2013-12-17T10:45:16.554Z", "sauce": null, "sent": false, "cuisson": null}}, {"pk": 87, "model": "base.produitvendu", "fields": {"produit": 3, "contient": [], "prix": "2.8", "made_with": 2, "accompagnement": null, "date": "2013-12-17T10:45:16.615Z", "sauce": null, "sent": false, "cuisson": null}}, {"pk": 88, "model": "base.produitvendu", "fields": {"produit": 8, "contient": [89, 90], "prix": "0", "made_with": null, "accompagnement": null, "date": "2013-12-17T10:45:16.680Z", "sauce": null, "sent": false, "cuisson": null}}, {"pk": 89, "model": "base.produitvendu", "fields": {"produit": 4, "contient": [88], "prix": "0", "made_with": null, "accompagnement": null, "date": "2013-12-17T10:45:16.681Z", "sauce": null, "sent": false, "cuisson": null}}, {"pk": 90, "model": "base.produitvendu", "fields": {"produit": 7, "contient": [88], "prix": "0", "made_with": null, "accompagnement": null, "date": "2013-12-17T10:45:16.683Z", "sauce": null, "sent": false, "cuisson": null}}, {"pk": 91, "model": "base.produitvendu", "fields": {"produit": 4, "contient": [], "prix": "3.4", "made_with": 3, "accompagnement": null, "date": "2013-12-17T10:45:16.688Z", "sauce": null, "sent": true, "cuisson": null}}, {"pk": 92, "model": "base.produitvendu", "fields": {"produit": 4, "contient": [], "prix": "3.4", "made_with": 3, "accompagnement": null, "date": "2013-12-17T10:45:16.703Z", "sauce": null, "sent": true, "cuisson": null}}, {"pk": 93, "model": "base.produitvendu", "fields": {"produit": 4, "contient": [], "prix": "3.4", "made_with": 3, "accompagnement": null, "date": "2013-12-17T10:45:16.722Z", "sauce": null, "sent": true, "cuisson": null}}, {"pk": 94, "model": "base.produitvendu", "fields": {"produit": 5, "contient": [], "prix": "6.4", "made_with": 3, "accompagnement": null, "date": "2013-12-17T10:45:16.744Z", "sauce": null, "sent": true, "cuisson": null}}, {"pk": 95, "model": "base.produitvendu", "fields": {"produit": 5, "contient": [], "prix": "6.4", "made_with": 3, "accompagnement": null, "date": "2013-12-17T10:45:16.770Z", "sauce": null, "sent": true, "cuisson": null}}, {"pk": 96, "model": "base.produitvendu", "fields": {"produit": 5, "contient": [], "prix": "6.4", "made_with": 3, "accompagnement": null, "date": "2013-12-17T10:45:16.799Z", "sauce": null, "sent": true, "cuisson": null}}, {"pk": 97, "model": "base.produitvendu", "fields": {"produit": 6, "contient": [], "prix": "8.4", "made_with": 4, "accompagnement": null, "date": "2013-12-17T10:45:16.832Z", "sauce": null, "sent": false, "cuisson": null}}, {"pk": 98, "model": "base.produitvendu", "fields": {"produit": 6, "contient": [], "prix": "8.4", "made_with": 4, "accompagnement": null, "date": "2013-12-17T10:45:16.869Z", "sauce": null, "sent": false, "cuisson": null}}, {"pk": 99, "model": "base.produitvendu", "fields": {"produit": 6, "contient": [], "prix": "8.4", "made_with": 4, "accompagnement": null, "date": "2013-12-17T10:45:16.910Z", "sauce": null, "sent": false, "cuisson": null}}, {"pk": 100, "model": "base.produitvendu", "fields": {"produit": 7, "contient": [], "prix": "9.4", "made_with": 4, "accompagnement": null, "date": "2013-12-17T10:45:16.955Z", "sauce": null, "sent": false, "cuisson": null}}, {"pk": 101, "model": "base.produitvendu", "fields": {"produit": 7, "contient": [], "prix": "9.4", "made_with": 4, "accompagnement": null, "date": "2013-12-17T10:45:17.003Z", "sauce": null, "sent": false, "cuisson": null}}, {"pk": 102, "model": "base.produitvendu", "fields": {"produit": 7, "contient": [], "prix": "9.4", "made_with": 4, "accompagnement": null, "date": "2013-12-17T10:45:17.055Z", "sauce": null, "sent": false, "cuisson": null}}, {"pk": 103, "model": "base.produitvendu", "fields": {"produit": 3, "contient": [], "prix": "2.8", "made_with": 2, "accompagnement": null, "date": "2013-12-17T10:45:17.110Z", "sauce": null, "sent": false, "cuisson": null}}, {"pk": 104, "model": "base.produitvendu", "fields": {"produit": 3, "contient": [], "prix": "2.8", "made_with": 2, "accompagnement": null, "date": "2013-12-17T10:45:17.170Z", "sauce": null, "sent": false, "cuisson": null}}, {"pk": 105, "model": "base.produitvendu", "fields": {"produit": 3, "contient": [], "prix": "2.8", "made_with": 2, "accompagnement": null, "date": "2013-12-17T10:45:17.233Z", "sauce": null, "sent": false, "cuisson": null}}, {"pk": 106, "model": "base.produitvendu", "fields": {"produit": 8, "contient": [107, 108], "prix": "0", "made_with": null, "accompagnement": null, "date": "2013-12-17T10:45:17.298Z", "sauce": null, "sent": false, "cuisson": null}}, {"pk": 107, "model": "base.produitvendu", "fields": {"produit": 4, "contient": [106], "prix": "0", "made_with": null, "accompagnement": null, "date": "2013-12-17T10:45:17.298Z", "sauce": null, "sent": false, "cuisson": null}}, {"pk": 108, "model": "base.produitvendu", "fields": {"produit": 7, "contient": [106], "prix": "0", "made_with": null, "accompagnement": null, "date": "2013-12-17T10:45:17.300Z", "sauce": null, "sent": false, "cuisson": null}}, {"pk": 109, "model": "base.produitvendu", "fields": {"produit": 4, "contient": [], "prix": "3.4", "made_with": 3, "accompagnement": null, "date": "2013-12-17T10:45:17.402Z", "sauce": null, "sent": false, "cuisson": null}}, {"pk": 110, "model": "base.produitvendu", "fields": {"produit": 4, "contient": [], "prix": "3.4", "made_with": 3, "accompagnement": null, "date": "2013-12-17T10:45:17.427Z", "sauce": null, "sent": false, "cuisson": null}}, {"pk": 111, "model": "base.produitvendu", "fields": {"produit": 4, "contient": [], "prix": "3.4", "made_with": 3, "accompagnement": null, "date": "2013-12-17T10:45:17.445Z", "sauce": null, "sent": false, "cuisson": null}}, {"pk": 112, "model": "base.produitvendu", "fields": {"produit": 5, "contient": [], "prix": "6.4", "made_with": 3, "accompagnement": null, "date": "2013-12-17T10:45:17.467Z", "sauce": null, "sent": false, "cuisson": null}}, {"pk": 113, "model": "base.produitvendu", "fields": {"produit": 5, "contient": [], "prix": "6.4", "made_with": 3, "accompagnement": null, "date": "2013-12-17T10:45:17.493Z", "sauce": null, "sent": false, "cuisson": null}}, {"pk": 114, "model": "base.produitvendu", "fields": {"produit": 5, "contient": [], "prix": "6.4", "made_with": 3, "accompagnement": null, "date": "2013-12-17T10:45:17.523Z", "sauce": null, "sent": false, "cuisson": null}}, {"pk": 115, "model": "base.produitvendu", "fields": {"produit": 6, "contient": [], "prix": "8.4", "made_with": 4, "accompagnement": null, "date": "2013-12-17T10:45:17.556Z", "sauce": null, "sent": false, "cuisson": null}}, {"pk": 116, "model": "base.produitvendu", "fields": {"produit": 6, "contient": [], "prix": "8.4", "made_with": 4, "accompagnement": null, "date": "2013-12-17T10:45:17.595Z", "sauce": null, "sent": false, "cuisson": null}}, {"pk": 117, "model": "base.produitvendu", "fields": {"produit": 6, "contient": [], "prix": "8.4", "made_with": 4, "accompagnement": null, "date": "2013-12-17T10:45:17.637Z", "sauce": null, "sent": false, "cuisson": null}}, {"pk": 118, "model": "base.produitvendu", "fields": {"produit": 7, "contient": [], "prix": "9.4", "made_with": 4, "accompagnement": null, "date": "2013-12-17T10:45:17.682Z", "sauce": null, "sent": false, "cuisson": null}}, {"pk": 119, "model": "base.produitvendu", "fields": {"produit": 7, "contient": [], "prix": "9.4", "made_with": 4, "accompagnement": null, "date": "2013-12-17T10:45:17.731Z", "sauce": null, "sent": false, "cuisson": null}}, {"pk": 120, "model": "base.produitvendu", "fields": {"produit": 7, "contient": [], "prix": "9.4", "made_with": 4, "accompagnement": null, "date": "2013-12-17T10:45:17.784Z", "sauce": null, "sent": false, "cuisson": null}}, {"pk": 121, "model": "base.produitvendu", "fields": {"produit": 3, "contient": [], "prix": "2.8", "made_with": 2, "accompagnement": null, "date": "2013-12-17T10:45:17.840Z", "sauce": null, "sent": false, "cuisson": null}}, {"pk": 122, "model": "base.produitvendu", "fields": {"produit": 3, "contient": [], "prix": "2.8", "made_with": 2, "accompagnement": null, "date": "2013-12-17T10:45:17.899Z", "sauce": null, "sent": false, "cuisson": null}}, {"pk": 123, "model": "base.produitvendu", "fields": {"produit": 3, "contient": [], "prix": "2.8", "made_with": 2, "accompagnement": null, "date": "2013-12-17T10:45:17.960Z", "sauce": null, "sent": false, "cuisson": null}}, {"pk": 124, "model": "base.produitvendu", "fields": {"produit": 8, "contient": [125, 126], "prix": "0", "made_with": null, "accompagnement": null, "date": "2013-12-17T10:45:18.024Z", "sauce": null, "sent": false, "cuisson": null}}, {"pk": 125, "model": "base.produitvendu", "fields": {"produit": 4, "contient": [124], "prix": "0", "made_with": null, "accompagnement": null, "date": "2013-12-17T10:45:18.025Z", "sauce": null, "sent": false, "cuisson": null}}, {"pk": 126, "model": "base.produitvendu", "fields": {"produit": 7, "contient": [124], "prix": "0", "made_with": null, "accompagnement": null, "date": "2013-12-17T10:45:18.027Z", "sauce": null, "sent": false, "cuisson": null}}, {"pk": 127, "model": "base.produitvendu", "fields": {"produit": 4, "contient": [], "prix": "3.4", "made_with": 3, "accompagnement": null, "date": "2013-12-17T10:45:18.032Z", "sauce": null, "sent": true, "cuisson": null}}, {"pk": 128, "model": "base.produitvendu", "fields": {"produit": 4, "contient": [], "prix": "3.4", "made_with": 3, "accompagnement": null, "date": "2013-12-17T10:45:18.055Z", "sauce": null, "sent": true, "cuisson": null}}, {"pk": 129, "model": "base.produitvendu", "fields": {"produit": 4, "contient": [], "prix": "3.4", "made_with": 3, "accompagnement": null, "date": "2013-12-17T10:45:18.075Z", "sauce": null, "sent": true, "cuisson": null}}, {"pk": 130, "model": "base.produitvendu", "fields": {"produit": 5, "contient": [], "prix": "6.4", "made_with": 3, "accompagnement": null, "date": "2013-12-17T10:45:18.096Z", "sauce": null, "sent": true, "cuisson": null}}, {"pk": 131, "model": "base.produitvendu", "fields": {"produit": 5, "contient": [], "prix": "6.4", "made_with": 3, "accompagnement": null, "date": "2013-12-17T10:45:18.122Z", "sauce": null, "sent": true, "cuisson": null}}, {"pk": 132, "model": "base.produitvendu", "fields": {"produit": 5, "contient": [], "prix": "6.4", "made_with": 3, "accompagnement": null, "date": "2013-12-17T10:45:18.152Z", "sauce": null, "sent": true, "cuisson": null}}, {"pk": 133, "model": "base.produitvendu", "fields": {"produit": 6, "contient": [], "prix": "8.4", "made_with": 4, "accompagnement": null, "date": "2013-12-17T10:45:18.185Z", "sauce": null, "sent": false, "cuisson": null}}, {"pk": 134, "model": "base.produitvendu", "fields": {"produit": 6, "contient": [], "prix": "8.4", "made_with": 4, "accompagnement": null, "date": "2013-12-17T10:45:18.222Z", "sauce": null, "sent": false, "cuisson": null}}, {"pk": 135, "model": "base.produitvendu", "fields": {"produit": 6, "contient": [], "prix": "8.4", "made_with": 4, "accompagnement": null, "date": "2013-12-17T10:45:18.264Z", "sauce": null, "sent": false, "cuisson": null}}, {"pk": 136, "model": "base.produitvendu", "fields": {"produit": 7, "contient": [], "prix": "9.4", "made_with": 4, "accompagnement": null, "date": "2013-12-17T10:45:18.308Z", "sauce": null, "sent": false, "cuisson": null}}, {"pk": 137, "model": "base.produitvendu", "fields": {"produit": 7, "contient": [], "prix": "9.4", "made_with": 4, "accompagnement": null, "date": "2013-12-17T10:45:18.358Z", "sauce": null, "sent": false, "cuisson": null}}, {"pk": 138, "model": "base.produitvendu", "fields": {"produit": 7, "contient": [], "prix": "9.4", "made_with": 4, "accompagnement": null, "date": "2013-12-17T10:45:18.409Z", "sauce": null, "sent": false, "cuisson": null}}, {"pk": 139, "model": "base.produitvendu", "fields": {"produit": 3, "contient": [], "prix": "2.8", "made_with": 2, "accompagnement": null, "date": "2013-12-17T10:45:18.464Z", "sauce": null, "sent": false, "cuisson": null}}, {"pk": 140, "model": "base.produitvendu", "fields": {"produit": 3, "contient": [], "prix": "2.8", "made_with": 2, "accompagnement": null, "date": "2013-12-17T10:45:18.524Z", "sauce": null, "sent": false, "cuisson": null}}, {"pk": 141, "model": "base.produitvendu", "fields": {"produit": 3, "contient": [], "prix": "2.8", "made_with": 2, "accompagnement": null, "date": "2013-12-17T10:45:18.586Z", "sauce": null, "sent": false, "cuisson": null}}, {"pk": 142, "model": "base.produitvendu", "fields": {"produit": 8, "contient": [143, 144], "prix": "0", "made_with": null, "accompagnement": null, "date": "2013-12-17T10:45:18.651Z", "sauce": null, "sent": false, "cuisson": null}}, {"pk": 143, "model": "base.produitvendu", "fields": {"produit": 4, "contient": [142], "prix": "0", "made_with": null, "accompagnement": null, "date": "2013-12-17T10:45:18.652Z", "sauce": null, "sent": false, "cuisson": null}}, {"pk": 144, "model": "base.produitvendu", "fields": {"produit": 7, "contient": [142], "prix": "0", "made_with": null, "accompagnement": null, "date": "2013-12-17T10:45:18.654Z", "sauce": null, "sent": false, "cuisson": null}}, {"pk": 145, "model": "base.produitvendu", "fields": {"produit": 4, "contient": [], "prix": "3.4", "made_with": 3, "accompagnement": null, "date": "2013-12-17T10:45:18.757Z", "sauce": null, "sent": false, "cuisson": null}}, {"pk": 146, "model": "base.produitvendu", "fields": {"produit": 4, "contient": [], "prix": "3.4", "made_with": 3, "accompagnement": null, "date": "2013-12-17T10:45:18.782Z", "sauce": null, "sent": false, "cuisson": null}}, {"pk": 147, "model": "base.produitvendu", "fields": {"produit": 4, "contient": [], "prix": "3.4", "made_with": 3, "accompagnement": null, "date": "2013-12-17T10:45:18.800Z", "sauce": null, "sent": false, "cuisson": null}}, {"pk": 148, "model": "base.produitvendu", "fields": {"produit": 5, "contient": [], "prix": "6.4", "made_with": 3, "accompagnement": null, "date": "2013-12-17T10:45:18.822Z", "sauce": null, "sent": false, "cuisson": null}}, {"pk": 149, "model": "base.produitvendu", "fields": {"produit": 5, "contient": [], "prix": "6.4", "made_with": 3, "accompagnement": null, "date": "2013-12-17T10:45:18.848Z", "sauce": null, "sent": false, "cuisson": null}}, {"pk": 150, "model": "base.produitvendu", "fields": {"produit": 5, "contient": [], "prix": "6.4", "made_with": 3, "accompagnement": null, "date": "2013-12-17T10:45:18.878Z", "sauce": null, "sent": false, "cuisson": null}}, {"pk": 151, "model": "base.produitvendu", "fields": {"produit": 6, "contient": [], "prix": "8.4", "made_with": 4, "accompagnement": null, "date": "2013-12-17T10:45:18.914Z", "sauce": null, "sent": false, "cuisson": null}}, {"pk": 152, "model": "base.produitvendu", "fields": {"produit": 6, "contient": [], "prix": "8.4", "made_with": 4, "accompagnement": null, "date": "2013-12-17T10:45:18.955Z", "sauce": null, "sent": false, "cuisson": null}}, {"pk": 153, "model": "base.produitvendu", "fields": {"produit": 6, "contient": [], "prix": "8.4", "made_with": 4, "accompagnement": null, "date": "2013-12-17T10:45:19.000Z", "sauce": null, "sent": false, "cuisson": null}}, {"pk": 154, "model": "base.produitvendu", "fields": {"produit": 7, "contient": [], "prix": "9.4", "made_with": 4, "accompagnement": null, "date": "2013-12-17T10:45:19.048Z", "sauce": null, "sent": false, "cuisson": null}}, {"pk": 155, "model": "base.produitvendu", "fields": {"produit": 7, "contient": [], "prix": "9.4", "made_with": 4, "accompagnement": null, "date": "2013-12-17T10:45:19.101Z", "sauce": null, "sent": false, "cuisson": null}}, {"pk": 156, "model": "base.produitvendu", "fields": {"produit": 7, "contient": [], "prix": "9.4", "made_with": 4, "accompagnement": null, "date": "2013-12-17T10:45:19.158Z", "sauce": null, "sent": false, "cuisson": null}}, {"pk": 157, "model": "base.produitvendu", "fields": {"produit": 3, "contient": [], "prix": "2.8", "made_with": 2, "accompagnement": null, "date": "2013-12-17T10:45:19.220Z", "sauce": null, "sent": false, "cuisson": null}}, {"pk": 158, "model": "base.produitvendu", "fields": {"produit": 3, "contient": [], "prix": "2.8", "made_with": 2, "accompagnement": null, "date": "2013-12-17T10:45:19.286Z", "sauce": null, "sent": false, "cuisson": null}}, {"pk": 159, "model": "base.produitvendu", "fields": {"produit": 3, "contient": [], "prix": "2.8", "made_with": 2, "accompagnement": null, "date": "2013-12-17T10:45:19.353Z", "sauce": null, "sent": false, "cuisson": null}}, {"pk": 160, "model": "base.produitvendu", "fields": {"produit": 8, "contient": [161, 162], "prix": "0", "made_with": null, "accompagnement": null, "date": "2013-12-17T10:45:19.422Z", "sauce": null, "sent": false, "cuisson": null}}, {"pk": 161, "model": "base.produitvendu", "fields": {"produit": 4, "contient": [160], "prix": "0", "made_with": null, "accompagnement": null, "date": "2013-12-17T10:45:19.422Z", "sauce": null, "sent": false, "cuisson": null}}, {"pk": 162, "model": "base.produitvendu", "fields": {"produit": 7, "contient": [160], "prix": "0", "made_with": null, "accompagnement": null, "date": "2013-12-17T10:45:19.425Z", "sauce": null, "sent": false, "cuisson": null}}, {"pk": 163, "model": "base.produitvendu", "fields": {"produit": 4, "contient": [], "prix": "3.4", "made_with": 3, "accompagnement": null, "date": "2013-12-17T10:45:19.431Z", "sauce": null, "sent": true, "cuisson": null}}, {"pk": 164, "model": "base.produitvendu", "fields": {"produit": 4, "contient": [], "prix": "3.4", "made_with": 3, "accompagnement": null, "date": "2013-12-17T10:45:19.457Z", "sauce": null, "sent": true, "cuisson": null}}, {"pk": 165, "model": "base.produitvendu", "fields": {"produit": 4, "contient": [], "prix": "3.4", "made_with": 3, "accompagnement": null, "date": "2013-12-17T10:45:19.477Z", "sauce": null, "sent": true, "cuisson": null}}, {"pk": 166, "model": "base.produitvendu", "fields": {"produit": 5, "contient": [], "prix": "6.4", "made_with": 3, "accompagnement": null, "date": "2013-12-17T10:45:19.503Z", "sauce": null, "sent": true, "cuisson": null}}, {"pk": 167, "model": "base.produitvendu", "fields": {"produit": 5, "contient": [], "prix": "6.4", "made_with": 3, "accompagnement": null, "date": "2013-12-17T10:45:19.530Z", "sauce": null, "sent": true, "cuisson": null}}, {"pk": 168, "model": "base.produitvendu", "fields": {"produit": 5, "contient": [], "prix": "6.4", "made_with": 3, "accompagnement": null, "date": "2013-12-17T10:45:19.561Z", "sauce": null, "sent": true, "cuisson": null}}, {"pk": 169, "model": "base.produitvendu", "fields": {"produit": 6, "contient": [], "prix": "8.4", "made_with": 4, "accompagnement": null, "date": "2013-12-17T10:45:19.597Z", "sauce": null, "sent": false, "cuisson": null}}, {"pk": 170, "model": "base.produitvendu", "fields": {"produit": 6, "contient": [], "prix": "8.4", "made_with": 4, "accompagnement": null, "date": "2013-12-17T10:45:19.636Z", "sauce": null, "sent": false, "cuisson": null}}, {"pk": 171, "model": "base.produitvendu", "fields": {"produit": 6, "contient": [], "prix": "8.4", "made_with": 4, "accompagnement": null, "date": "2013-12-17T10:45:19.680Z", "sauce": null, "sent": false, "cuisson": null}}, {"pk": 172, "model": "base.produitvendu", "fields": {"produit": 7, "contient": [], "prix": "9.4", "made_with": 4, "accompagnement": null, "date": "2013-12-17T10:45:19.729Z", "sauce": null, "sent": false, "cuisson": null}}, {"pk": 173, "model": "base.produitvendu", "fields": {"produit": 7, "contient": [], "prix": "9.4", "made_with": 4, "accompagnement": null, "date": "2013-12-17T10:45:19.780Z", "sauce": null, "sent": false, "cuisson": null}}, {"pk": 174, "model": "base.produitvendu", "fields": {"produit": 7, "contient": [], "prix": "9.4", "made_with": 4, "accompagnement": null, "date": "2013-12-17T10:45:19.835Z", "sauce": null, "sent": false, "cuisson": null}}, {"pk": 175, "model": "base.produitvendu", "fields": {"produit": 3, "contient": [], "prix": "2.8", "made_with": 2, "accompagnement": null, "date": "2013-12-17T10:45:19.894Z", "sauce": null, "sent": false, "cuisson": null}}, {"pk": 176, "model": "base.produitvendu", "fields": {"produit": 3, "contient": [], "prix": "2.8", "made_with": 2, "accompagnement": null, "date": "2013-12-17T10:45:19.970Z", "sauce": null, "sent": false, "cuisson": null}}, {"pk": 177, "model": "base.produitvendu", "fields": {"produit": 3, "contient": [], "prix": "2.8", "made_with": 2, "accompagnement": null, "date": "2013-12-17T10:45:20.054Z", "sauce": null, "sent": false, "cuisson": null}}, {"pk": 178, "model": "base.produitvendu", "fields": {"produit": 8, "contient": [179, 180], "prix": "0", "made_with": null, "accompagnement": null, "date": "2013-12-17T10:45:20.120Z", "sauce": null, "sent": false, "cuisson": null}}, {"pk": 179, "model": "base.produitvendu", "fields": {"produit": 4, "contient": [178], "prix": "0", "made_with": null, "accompagnement": null, "date": "2013-12-17T10:45:20.121Z", "sauce": null, "sent": false, "cuisson": null}}, {"pk": 180, "model": "base.produitvendu", "fields": {"produit": 7, "contient": [178], "prix": "0", "made_with": null, "accompagnement": null, "date": "2013-12-17T10:45:20.123Z", "sauce": null, "sent": false, "cuisson": null}}, {"pk": 181, "model": "base.produitvendu", "fields": {"produit": 4, "contient": [], "prix": "3.4", "made_with": 3, "accompagnement": null, "date": "2013-12-17T10:45:20.228Z", "sauce": null, "sent": false, "cuisson": null}}, {"pk": 182, "model": "base.produitvendu", "fields": {"produit": 4, "contient": [], "prix": "3.4", "made_with": 3, "accompagnement": null, "date": "2013-12-17T10:45:20.252Z", "sauce": null, "sent": false, "cuisson": null}}, {"pk": 183, "model": "base.produitvendu", "fields": {"produit": 4, "contient": [], "prix": "3.4", "made_with": 3, "accompagnement": null, "date": "2013-12-17T10:45:20.272Z", "sauce": null, "sent": false, "cuisson": null}}, {"pk": 184, "model": "base.produitvendu", "fields": {"produit": 5, "contient": [], "prix": "6.4", "made_with": 3, "accompagnement": null, "date": "2013-12-17T10:45:20.293Z", "sauce": null, "sent": false, "cuisson": null}}, {"pk": 185, "model": "base.produitvendu", "fields": {"produit": 5, "contient": [], "prix": "6.4", "made_with": 3, "accompagnement": null, "date": "2013-12-17T10:45:20.319Z", "sauce": null, "sent": false, "cuisson": null}}, {"pk": 186, "model": "base.produitvendu", "fields": {"produit": 5, "contient": [], "prix": "6.4", "made_with": 3, "accompagnement": null, "date": "2013-12-17T10:45:20.351Z", "sauce": null, "sent": false, "cuisson": null}}, {"pk": 187, "model": "base.produitvendu", "fields": {"produit": 6, "contient": [], "prix": "8.4", "made_with": 4, "accompagnement": null, "date": "2013-12-17T10:45:20.385Z", "sauce": null, "sent": false, "cuisson": null}}, {"pk": 188, "model": "base.produitvendu", "fields": {"produit": 6, "contient": [], "prix": "8.4", "made_with": 4, "accompagnement": null, "date": "2013-12-17T10:45:20.425Z", "sauce": null, "sent": false, "cuisson": null}}, {"pk": 189, "model": "base.produitvendu", "fields": {"produit": 6, "contient": [], "prix": "8.4", "made_with": 4, "accompagnement": null, "date": "2013-12-17T10:45:20.467Z", "sauce": null, "sent": false, "cuisson": null}}, {"pk": 190, "model": "base.produitvendu", "fields": {"produit": 7, "contient": [], "prix": "9.4", "made_with": 4, "accompagnement": null, "date": "2013-12-17T10:45:20.514Z", "sauce": null, "sent": false, "cuisson": null}}, {"pk": 191, "model": "base.produitvendu", "fields": {"produit": 7, "contient": [], "prix": "9.4", "made_with": 4, "accompagnement": null, "date": "2013-12-17T10:45:20.565Z", "sauce": null, "sent": false, "cuisson": null}}, {"pk": 192, "model": "base.produitvendu", "fields": {"produit": 7, "contient": [], "prix": "9.4", "made_with": 4, "accompagnement": null, "date": "2013-12-17T10:45:20.619Z", "sauce": null, "sent": false, "cuisson": null}}, {"pk": 193, "model": "base.produitvendu", "fields": {"produit": 3, "contient": [], "prix": "2.8", "made_with": 2, "accompagnement": null, "date": "2013-12-17T10:45:20.677Z", "sauce": null, "sent": false, "cuisson": null}}, {"pk": 194, "model": "base.produitvendu", "fields": {"produit": 3, "contient": [], "prix": "2.8", "made_with": 2, "accompagnement": null, "date": "2013-12-17T10:45:20.737Z", "sauce": null, "sent": false, "cuisson": null}}, {"pk": 195, "model": "base.produitvendu", "fields": {"produit": 3, "contient": [], "prix": "2.8", "made_with": 2, "accompagnement": null, "date": "2013-12-17T10:45:20.799Z", "sauce": null, "sent": false, "cuisson": null}}, {"pk": 196, "model": "base.produitvendu", "fields": {"produit": 8, "contient": [197, 198], "prix": "0", "made_with": null, "accompagnement": null, "date": "2013-12-17T10:45:20.864Z", "sauce": null, "sent": false, "cuisson": null}}, {"pk": 197, "model": "base.produitvendu", "fields": {"produit": 4, "contient": [196], "prix": "0", "made_with": null, "accompagnement": null, "date": "2013-12-17T10:45:20.864Z", "sauce": null, "sent": false, "cuisson": null}}, {"pk": 198, "model": "base.produitvendu", "fields": {"produit": 7, "contient": [196], "prix": "0", "made_with": null, "accompagnement": null, "date": "2013-12-17T10:45:20.867Z", "sauce": null, "sent": false, "cuisson": null}}, {"pk": 199, "model": "base.produitvendu", "fields": {"produit": 4, "contient": [], "prix": "3.4", "made_with": 3, "accompagnement": null, "date": "2013-12-17T10:45:20.872Z", "sauce": null, "sent": true, "cuisson": null}}, {"pk": 200, "model": "base.produitvendu", "fields": {"produit": 4, "contient": [], "prix": "3.4", "made_with": 3, "accompagnement": null, "date": "2013-12-17T10:45:20.895Z", "sauce": null, "sent": true, "cuisson": null}}, {"pk": 201, "model": "base.produitvendu", "fields": {"produit": 4, "contient": [], "prix": "3.4", "made_with": 3, "accompagnement": null, "date": "2013-12-17T10:45:20.914Z", "sauce": null, "sent": true, "cuisson": null}}, {"pk": 202, "model": "base.produitvendu", "fields": {"produit": 5, "contient": [], "prix": "6.4", "made_with": 3, "accompagnement": null, "date": "2013-12-17T10:45:20.935Z", "sauce": null, "sent": true, "cuisson": null}}, {"pk": 203, "model": "base.produitvendu", "fields": {"produit": 5, "contient": [], "prix": "6.4", "made_with": 3, "accompagnement": null, "date": "2013-12-17T10:45:20.962Z", "sauce": null, "sent": true, "cuisson": null}}, {"pk": 204, "model": "base.produitvendu", "fields": {"produit": 5, "contient": [], "prix": "6.4", "made_with": 3, "accompagnement": null, "date": "2013-12-17T10:45:20.991Z", "sauce": null, "sent": true, "cuisson": null}}, {"pk": 205, "model": "base.produitvendu", "fields": {"produit": 6, "contient": [], "prix": "8.4", "made_with": 4, "accompagnement": null, "date": "2013-12-17T10:45:21.024Z", "sauce": null, "sent": false, "cuisson": null}}, {"pk": 206, "model": "base.produitvendu", "fields": {"produit": 6, "contient": [], "prix": "8.4", "made_with": 4, "accompagnement": null, "date": "2013-12-17T10:45:21.062Z", "sauce": null, "sent": false, "cuisson": null}}, {"pk": 207, "model": "base.produitvendu", "fields": {"produit": 6, "contient": [], "prix": "8.4", "made_with": 4, "accompagnement": null, "date": "2013-12-17T10:45:21.103Z", "sauce": null, "sent": false, "cuisson": null}}, {"pk": 208, "model": "base.produitvendu", "fields": {"produit": 7, "contient": [], "prix": "9.4", "made_with": 4, "accompagnement": null, "date": "2013-12-17T10:45:21.147Z", "sauce": null, "sent": false, "cuisson": null}}, {"pk": 209, "model": "base.produitvendu", "fields": {"produit": 7, "contient": [], "prix": "9.4", "made_with": 4, "accompagnement": null, "date": "2013-12-17T10:45:21.196Z", "sauce": null, "sent": false, "cuisson": null}}, {"pk": 210, "model": "base.produitvendu", "fields": {"produit": 7, "contient": [], "prix": "9.4", "made_with": 4, "accompagnement": null, "date": "2013-12-17T10:45:21.248Z", "sauce": null, "sent": false, "cuisson": null}}, {"pk": 211, "model": "base.produitvendu", "fields": {"produit": 3, "contient": [], "prix": "2.8", "made_with": 2, "accompagnement": null, "date": "2013-12-17T10:45:21.304Z", "sauce": null, "sent": false, "cuisson": null}}, {"pk": 212, "model": "base.produitvendu", "fields": {"produit": 3, "contient": [], "prix": "2.8", "made_with": 2, "accompagnement": null, "date": "2013-12-17T10:45:21.365Z", "sauce": null, "sent": false, "cuisson": null}}, {"pk": 213, "model": "base.produitvendu", "fields": {"produit": 3, "contient": [], "prix": "2.8", "made_with": 2, "accompagnement": null, "date": "2013-12-17T10:45:21.426Z", "sauce": null, "sent": false, "cuisson": null}}, {"pk": 214, "model": "base.produitvendu", "fields": {"produit": 8, "contient": [215, 216], "prix": "0", "made_with": null, "accompagnement": null, "date": "2013-12-17T10:45:21.491Z", "sauce": null, "sent": false, "cuisson": null}}, {"pk": 215, "model": "base.produitvendu", "fields": {"produit": 4, "contient": [214], "prix": "0", "made_with": null, "accompagnement": null, "date": "2013-12-17T10:45:21.491Z", "sauce": null, "sent": false, "cuisson": null}}, {"pk": 216, "model": "base.produitvendu", "fields": {"produit": 7, "contient": [214], "prix": "0", "made_with": null, "accompagnement": null, "date": "2013-12-17T10:45:21.494Z", "sauce": null, "sent": false, "cuisson": null}}, {"pk": 217, "model": "base.produitvendu", "fields": {"produit": 4, "contient": [], "prix": "3.4", "made_with": 3, "accompagnement": null, "date": "2013-12-17T10:45:21.597Z", "sauce": null, "sent": false, "cuisson": null}}, {"pk": 218, "model": "base.produitvendu", "fields": {"produit": 4, "contient": [], "prix": "3.4", "made_with": 3, "accompagnement": null, "date": "2013-12-17T10:45:21.622Z", "sauce": null, "sent": false, "cuisson": null}}, {"pk": 219, "model": "base.produitvendu", "fields": {"produit": 4, "contient": [], "prix": "3.4", "made_with": 3, "accompagnement": null, "date": "2013-12-17T10:45:21.640Z", "sauce": null, "sent": false, "cuisson": null}}, {"pk": 220, "model": "base.produitvendu", "fields": {"produit": 5, "contient": [], "prix": "6.4", "made_with": 3, "accompagnement": null, "date": "2013-12-17T10:45:21.662Z", "sauce": null, "sent": false, "cuisson": null}}, {"pk": 221, "model": "base.produitvendu", "fields": {"produit": 5, "contient": [], "prix": "6.4", "made_with": 3, "accompagnement": null, "date": "2013-12-17T10:45:21.688Z", "sauce": null, "sent": false, "cuisson": null}}, {"pk": 222, "model": "base.produitvendu", "fields": {"produit": 5, "contient": [], "prix": "6.4", "made_with": 3, "accompagnement": null, "date": "2013-12-17T10:45:21.717Z", "sauce": null, "sent": false, "cuisson": null}}, {"pk": 223, "model": "base.produitvendu", "fields": {"produit": 6, "contient": [], "prix": "8.4", "made_with": 4, "accompagnement": null, "date": "2013-12-17T10:45:21.753Z", "sauce": null, "sent": false, "cuisson": null}}, {"pk": 224, "model": "base.produitvendu", "fields": {"produit": 6, "contient": [], "prix": "8.4", "made_with": 4, "accompagnement": null, "date": "2013-12-17T10:45:21.806Z", "sauce": null, "sent": false, "cuisson": null}}, {"pk": 225, "model": "base.produitvendu", "fields": {"produit": 6, "contient": [], "prix": "8.4", "made_with": 4, "accompagnement": null, "date": "2013-12-17T10:45:21.848Z", "sauce": null, "sent": false, "cuisson": null}}, {"pk": 226, "model": "base.produitvendu", "fields": {"produit": 7, "contient": [], "prix": "9.4", "made_with": 4, "accompagnement": null, "date": "2013-12-17T10:45:21.892Z", "sauce": null, "sent": false, "cuisson": null}}, {"pk": 227, "model": "base.produitvendu", "fields": {"produit": 7, "contient": [], "prix": "9.4", "made_with": 4, "accompagnement": null, "date": "2013-12-17T10:45:21.940Z", "sauce": null, "sent": false, "cuisson": null}}, {"pk": 228, "model": "base.produitvendu", "fields": {"produit": 7, "contient": [], "prix": "9.4", "made_with": 4, "accompagnement": null, "date": "2013-12-17T10:45:21.991Z", "sauce": null, "sent": false, "cuisson": null}}, {"pk": 229, "model": "base.produitvendu", "fields": {"produit": 3, "contient": [], "prix": "2.8", "made_with": 2, "accompagnement": null, "date": "2013-12-17T10:45:22.046Z", "sauce": null, "sent": false, "cuisson": null}}, {"pk": 230, "model": "base.produitvendu", "fields": {"produit": 3, "contient": [], "prix": "2.8", "made_with": 2, "accompagnement": null, "date": "2013-12-17T10:45:22.107Z", "sauce": null, "sent": false, "cuisson": null}}, {"pk": 231, "model": "base.produitvendu", "fields": {"produit": 3, "contient": [], "prix": "2.8", "made_with": 2, "accompagnement": null, "date": "2013-12-17T10:45:22.169Z", "sauce": null, "sent": false, "cuisson": null}}, {"pk": 232, "model": "base.produitvendu", "fields": {"produit": 8, "contient": [233, 234], "prix": "0", "made_with": null, "accompagnement": null, "date": "2013-12-17T10:45:22.233Z", "sauce": null, "sent": false, "cuisson": null}}, {"pk": 233, "model": "base.produitvendu", "fields": {"produit": 4, "contient": [232], "prix": "0", "made_with": null, "accompagnement": null, "date": "2013-12-17T10:45:22.233Z", "sauce": null, "sent": false, "cuisson": null}}, {"pk": 234, "model": "base.produitvendu", "fields": {"produit": 7, "contient": [232], "prix": "0", "made_with": null, "accompagnement": null, "date": "2013-12-17T10:45:22.236Z", "sauce": null, "sent": false, "cuisson": null}}, {"pk": 235, "model": "base.produitvendu", "fields": {"produit": 4, "contient": [], "prix": "3.4", "made_with": 3, "accompagnement": null, "date": "2013-12-17T10:45:22.240Z", "sauce": null, "sent": true, "cuisson": null}}, {"pk": 236, "model": "base.produitvendu", "fields": {"produit": 4, "contient": [], "prix": "3.4", "made_with": 3, "accompagnement": null, "date": "2013-12-17T10:45:22.264Z", "sauce": null, "sent": true, "cuisson": null}}, {"pk": 237, "model": "base.produitvendu", "fields": {"produit": 4, "contient": [], "prix": "3.4", "made_with": 3, "accompagnement": null, "date": "2013-12-17T10:45:22.283Z", "sauce": null, "sent": true, "cuisson": null}}, {"pk": 238, "model": "base.produitvendu", "fields": {"produit": 5, "contient": [], "prix": "6.4", "made_with": 3, "accompagnement": null, "date": "2013-12-17T10:45:22.305Z", "sauce": null, "sent": true, "cuisson": null}}, {"pk": 239, "model": "base.produitvendu", "fields": {"produit": 5, "contient": [], "prix": "6.4", "made_with": 3, "accompagnement": null, "date": "2013-12-17T10:45:22.330Z", "sauce": null, "sent": true, "cuisson": null}}, {"pk": 240, "model": "base.produitvendu", "fields": {"produit": 5, "contient": [], "prix": "6.4", "made_with": 3, "accompagnement": null, "date": "2013-12-17T10:45:22.360Z", "sauce": null, "sent": true, "cuisson": null}}, {"pk": 241, "model": "base.produitvendu", "fields": {"produit": 6, "contient": [], "prix": "8.4", "made_with": 4, "accompagnement": null, "date": "2013-12-17T10:45:22.392Z", "sauce": null, "sent": false, "cuisson": null}}, {"pk": 242, "model": "base.produitvendu", "fields": {"produit": 6, "contient": [], "prix": "8.4", "made_with": 4, "accompagnement": null, "date": "2013-12-17T10:45:22.430Z", "sauce": null, "sent": false, "cuisson": null}}, {"pk": 243, "model": "base.produitvendu", "fields": {"produit": 6, "contient": [], "prix": "8.4", "made_with": 4, "accompagnement": null, "date": "2013-12-17T10:45:22.471Z", "sauce": null, "sent": false, "cuisson": null}}, {"pk": 244, "model": "base.produitvendu", "fields": {"produit": 7, "contient": [], "prix": "9.4", "made_with": 4, "accompagnement": null, "date": "2013-12-17T10:45:22.515Z", "sauce": null, "sent": false, "cuisson": null}}, {"pk": 245, "model": "base.produitvendu", "fields": {"produit": 7, "contient": [], "prix": "9.4", "made_with": 4, "accompagnement": null, "date": "2013-12-17T10:45:22.564Z", "sauce": null, "sent": false, "cuisson": null}}, {"pk": 246, "model": "base.produitvendu", "fields": {"produit": 7, "contient": [], "prix": "9.4", "made_with": 4, "accompagnement": null, "date": "2013-12-17T10:45:22.616Z", "sauce": null, "sent": false, "cuisson": null}}, {"pk": 247, "model": "base.produitvendu", "fields": {"produit": 3, "contient": [], "prix": "2.8", "made_with": 2, "accompagnement": null, "date": "2013-12-17T10:45:22.671Z", "sauce": null, "sent": false, "cuisson": null}}, {"pk": 248, "model": "base.produitvendu", "fields": {"produit": 3, "contient": [], "prix": "2.8", "made_with": 2, "accompagnement": null, "date": "2013-12-17T10:45:22.730Z", "sauce": null, "sent": false, "cuisson": null}}, {"pk": 249, "model": "base.produitvendu", "fields": {"produit": 3, "contient": [], "prix": "2.8", "made_with": 2, "accompagnement": null, "date": "2013-12-17T10:45:22.791Z", "sauce": null, "sent": false, "cuisson": null}}, {"pk": 250, "model": "base.produitvendu", "fields": {"produit": 8, "contient": [251, 252], "prix": "0", "made_with": null, "accompagnement": null, "date": "2013-12-17T10:45:22.854Z", "sauce": null, "sent": false, "cuisson": null}}, {"pk": 251, "model": "base.produitvendu", "fields": {"produit": 4, "contient": [250], "prix": "0", "made_with": null, "accompagnement": null, "date": "2013-12-17T10:45:22.855Z", "sauce": null, "sent": false, "cuisson": null}}, {"pk": 252, "model": "base.produitvendu", "fields": {"produit": 7, "contient": [250], "prix": "0", "made_with": null, "accompagnement": null, "date": "2013-12-17T10:45:22.857Z", "sauce": null, "sent": false, "cuisson": null}}, {"pk": 253, "model": "base.produitvendu", "fields": {"produit": 4, "contient": [], "prix": "3.4", "made_with": 3, "accompagnement": null, "date": "2013-12-17T10:45:22.974Z", "sauce": null, "sent": false, "cuisson": null}}, {"pk": 254, "model": "base.produitvendu", "fields": {"produit": 4, "contient": [], "prix": "3.4", "made_with": 3, "accompagnement": null, "date": "2013-12-17T10:45:22.991Z", "sauce": null, "sent": false, "cuisson": null}}, {"pk": 255, "model": "base.produitvendu", "fields": {"produit": 4, "contient": [], "prix": "3.4", "made_with": 3, "accompagnement": null, "date": "2013-12-17T10:45:23.010Z", "sauce": null, "sent": false, "cuisson": null}}, {"pk": 256, "model": "base.produitvendu", "fields": {"produit": 5, "contient": [], "prix": "6.4", "made_with": 3, "accompagnement": null, "date": "2013-12-17T10:45:23.032Z", "sauce": null, "sent": false, "cuisson": null}}, {"pk": 257, "model": "base.produitvendu", "fields": {"produit": 5, "contient": [], "prix": "6.4", "made_with": 3, "accompagnement": null, "date": "2013-12-17T10:45:23.059Z", "sauce": null, "sent": false, "cuisson": null}}, {"pk": 258, "model": "base.produitvendu", "fields": {"produit": 5, "contient": [], "prix": "6.4", "made_with": 3, "accompagnement": null, "date": "2013-12-17T10:45:23.088Z", "sauce": null, "sent": false, "cuisson": null}}, {"pk": 259, "model": "base.produitvendu", "fields": {"produit": 6, "contient": [], "prix": "8.4", "made_with": 4, "accompagnement": null, "date": "2013-12-17T10:45:23.121Z", "sauce": null, "sent": false, "cuisson": null}}, {"pk": 260, "model": "base.produitvendu", "fields": {"produit": 6, "contient": [], "prix": "8.4", "made_with": 4, "accompagnement": null, "date": "2013-12-17T10:45:23.167Z", "sauce": null, "sent": false, "cuisson": null}}, {"pk": 261, "model": "base.produitvendu", "fields": {"produit": 6, "contient": [], "prix": "8.4", "made_with": 4, "accompagnement": null, "date": "2013-12-17T10:45:23.212Z", "sauce": null, "sent": false, "cuisson": null}}, {"pk": 262, "model": "base.produitvendu", "fields": {"produit": 7, "contient": [], "prix": "9.4", "made_with": 4, "accompagnement": null, "date": "2013-12-17T10:45:23.257Z", "sauce": null, "sent": false, "cuisson": null}}, {"pk": 263, "model": "base.produitvendu", "fields": {"produit": 7, "contient": [], "prix": "9.4", "made_with": 4, "accompagnement": null, "date": "2013-12-17T10:45:23.304Z", "sauce": null, "sent": false, "cuisson": null}}, {"pk": 264, "model": "base.produitvendu", "fields": {"produit": 7, "contient": [], "prix": "9.4", "made_with": 4, "accompagnement": null, "date": "2013-12-17T10:45:23.357Z", "sauce": null, "sent": false, "cuisson": null}}, {"pk": 265, "model": "base.produitvendu", "fields": {"produit": 3, "contient": [], "prix": "2.8", "made_with": 2, "accompagnement": null, "date": "2013-12-17T10:45:23.412Z", "sauce": null, "sent": false, "cuisson": null}}, {"pk": 266, "model": "base.produitvendu", "fields": {"produit": 3, "contient": [], "prix": "2.8", "made_with": 2, "accompagnement": null, "date": "2013-12-17T10:45:23.471Z", "sauce": null, "sent": false, "cuisson": null}}, {"pk": 267, "model": "base.produitvendu", "fields": {"produit": 3, "contient": [], "prix": "2.8", "made_with": 2, "accompagnement": null, "date": "2013-12-17T10:45:23.533Z", "sauce": null, "sent": false, "cuisson": null}}, {"pk": 268, "model": "base.produitvendu", "fields": {"produit": 8, "contient": [269, 270], "prix": "0", "made_with": null, "accompagnement": null, "date": "2013-12-17T10:45:23.597Z", "sauce": null, "sent": false, "cuisson": null}}, {"pk": 269, "model": "base.produitvendu", "fields": {"produit": 4, "contient": [268], "prix": "0", "made_with": null, "accompagnement": null, "date": "2013-12-17T10:45:23.597Z", "sauce": null, "sent": false, "cuisson": null}}, {"pk": 270, "model": "base.produitvendu", "fields": {"produit": 7, "contient": [268], "prix": "0", "made_with": null, "accompagnement": null, "date": "2013-12-17T10:45:23.600Z", "sauce": null, "sent": false, "cuisson": null}}, {"pk": 1, "model": "base.follow", "fields": {"category": 3, "date": "2013-12-17T10:45:14.632Z", "produits": [22, 23, 24, 19, 20, 21]}}, {"pk": 2, "model": "base.follow", "fields": {"category": 3, "date": "2013-12-17T10:45:15.973Z", "produits": [58, 59, 60, 55, 56, 57]}}, {"pk": 3, "model": "base.follow", "fields": {"category": 3, "date": "2013-12-17T10:45:17.304Z", "produits": [94, 95, 96, 91, 92, 93]}}, {"pk": 4, "model": "base.follow", "fields": {"category": 3, "date": "2013-12-17T10:45:18.658Z", "produits": [130, 131, 132, 127, 128, 129]}}, {"pk": 5, "model": "base.follow", "fields": {"category": 3, "date": "2013-12-17T10:45:20.127Z", "produits": [166, 167, 168, 163, 164, 165]}}, {"pk": 6, "model": "base.follow", "fields": {"category": 3, "date": "2013-12-17T10:45:21.497Z", "produits": [202, 203, 204, 199, 200, 201]}}, {"pk": 7, "model": "base.follow", "fields": {"category": 3, "date": "2013-12-17T10:45:22.861Z", "produits": [238, 239, 240, 235, 236, 237]}}, {"pk": 1, "model": "base.paiementtype", "fields": {"nom": "AMEX", "fixed_value": false}}, {"pk": 2, "model": "base.paiementtype", "fields": {"nom": "ANCV", "fixed_value": true}}, {"pk": 3, "model": "base.paiementtype", "fields": {"nom": "CB", "fixed_value": false}}, {"pk": 4, "model": "base.paiementtype", "fields": {"nom": "Cheque", "fixed_value": false}}, {"pk": 5, "model": "base.paiementtype", "fields": {"nom": "Espece", "fixed_value": false}}, {"pk": 6, "model": "base.paiementtype", "fields": {"nom": "Tic. Resto.", "fixed_value": true}}, {"pk": 1, "model": "base.paiement", "fields": {"date": "2013-12-17T10:45:23.604Z", "nb_tickets": 0, "valeur_unitaire": "1", "type": 3, "montant": "91.2"}}, {"pk": 1, "model": "base.facture", "fields": {"onsite": true, "vats": [1, 2], "paiements": [], "total_ttc": "91.2", "category_to_follow": 3, "produits": [13, 14, 15, 4, 5, 6, 1, 2, 3, 7, 8, 9, 10, 11, 12], "following": [], "couverts": 7, "restant_a_payer": "91.2", "table": 22, "saved_in_stats": false, "date_creation": "2013-12-17T10:45:13.379Z", "surcharge": true}}, {"pk": 2, "model": "base.facture", "fields": {"onsite": true, "vats": [3, 4], "paiements": [], "total_ttc": "91.2", "category_to_follow": 4, "produits": [31, 32, 33, 22, 23, 24, 19, 20, 21, 25, 26, 27, 28, 29, 30], "following": [1], "couverts": 15, "restant_a_payer": "91.2", "table": 26, "saved_in_stats": false, "date_creation": "2013-12-17T10:45:14.011Z", "surcharge": true}}, {"pk": 3, "model": "base.facture", "fields": {"onsite": true, "vats": [5, 6], "paiements": [], "total_ttc": "91.2", "category_to_follow": 3, "produits": [49, 50, 51, 40, 41, 42, 37, 38, 39, 43, 44, 45, 46, 47, 48], "following": [], "couverts": 2, "restant_a_payer": "91.2", "table": 14, "saved_in_stats": false, "date_creation": "2013-12-17T10:45:14.733Z", "surcharge": false}}, {"pk": 4, "model": "base.facture", "fields": {"onsite": true, "vats": [7, 8], "paiements": [], "total_ttc": "91.2", "category_to_follow": 4, "produits": [67, 68, 69, 58, 59, 60, 55, 56, 57, 61, 62, 63, 64, 65, 66], "following": [2], "couverts": 9, "restant_a_payer": "91.2", "table": 24, "saved_in_stats": false, "date_creation": "2013-12-17T10:45:15.348Z", "surcharge": true}}, {"pk": 5, "model": "base.facture", "fields": {"onsite": true, "vats": [9, 10], "paiements": [], "total_ttc": "91.2", "category_to_follow": 3, "produits": [85, 86, 87, 76, 77, 78, 73, 74, 75, 79, 80, 81, 82, 83, 84], "following": [], "couverts": 4, "restant_a_payer": "91.2", "table": 14, "saved_in_stats": false, "date_creation": "2013-12-17T10:45:16.072Z", "surcharge": false}}, {"pk": 6, "model": "base.facture", "fields": {"onsite": true, "vats": [11, 12], "paiements": [], "total_ttc": "91.2", "category_to_follow": 4, "produits": [103, 104, 105, 94, 95, 96, 91, 92, 93, 97, 98, 99, 100, 101, 102], "following": [3], "couverts": 10, "restant_a_payer": "91.2", "table": 15, "saved_in_stats": false, "date_creation": "2013-12-17T10:45:16.688Z", "surcharge": false}}, {"pk": 7, "model": "base.facture", "fields": {"onsite": true, "vats": [13, 14], "paiements": [], "total_ttc": "91.2", "category_to_follow": 3, "produits": [121, 122, 123, 112, 113, 114, 109, 110, 111, 115, 116, 117, 118, 119, 120], "following": [], "couverts": 7, "restant_a_payer": "91.2", "table": 17, "saved_in_stats": false, "date_creation": "2013-12-17T10:45:17.403Z", "surcharge": true}}, {"pk": 8, "model": "base.facture", "fields": {"onsite": true, "vats": [15, 16], "paiements": [], "total_ttc": "91.2", "category_to_follow": 4, "produits": [139, 140, 141, 130, 131, 132, 127, 128, 129, 133, 134, 135, 136, 137, 138], "following": [4], "couverts": 3, "restant_a_payer": "91.2", "table": 20, "saved_in_stats": false, "date_creation": "2013-12-17T10:45:18.032Z", "surcharge": true}}, {"pk": 9, "model": "base.facture", "fields": {"onsite": true, "vats": [17, 18], "paiements": [], "total_ttc": "91.2", "category_to_follow": 3, "produits": [157, 158, 159, 148, 149, 150, 145, 146, 147, 151, 152, 153, 154, 155, 156], "following": [], "couverts": 9, "restant_a_payer": "91.2", "table": 24, "saved_in_stats": false, "date_creation": "2013-12-17T10:45:18.758Z", "surcharge": true}}, {"pk": 10, "model": "base.facture", "fields": {"onsite": true, "vats": [19, 20], "paiements": [], "total_ttc": "91.2", "category_to_follow": 4, "produits": [175, 176, 177, 166, 167, 168, 163, 164, 165, 169, 170, 171, 172, 173, 174], "following": [5], "couverts": 6, "restant_a_payer": "91.2", "table": 18, "saved_in_stats": false, "date_creation": "2013-12-17T10:45:19.432Z", "surcharge": true}}, {"pk": 11, "model": "base.facture", "fields": {"onsite": true, "vats": [21, 22], "paiements": [], "total_ttc": "91.2", "category_to_follow": 3, "produits": [193, 194, 195, 184, 185, 186, 181, 182, 183, 187, 188, 189, 190, 191, 192], "following": [], "couverts": 4, "restant_a_payer": "91.2", "table": 18, "saved_in_stats": false, "date_creation": "2013-12-17T10:45:20.229Z", "surcharge": true}}, {"pk": 12, "model": "base.facture", "fields": {"onsite": true, "vats": [23, 24], "paiements": [], "total_ttc": "91.2", "category_to_follow": 4, "produits": [211, 212, 213, 202, 203, 204, 199, 200, 201, 205, 206, 207, 208, 209, 210], "following": [6], "couverts": 1, "restant_a_payer": "91.2", "table": 22, "saved_in_stats": false, "date_creation": "2013-12-17T10:45:20.872Z", "surcharge": true}}, {"pk": 13, "model": "base.facture", "fields": {"onsite": true, "vats": [25, 26], "paiements": [], "total_ttc": "91.2", "category_to_follow": 3, "produits": [229, 230, 231, 220, 221, 222, 217, 218, 219, 223, 224, 225, 226, 227, 228], "following": [], "couverts": 1, "restant_a_payer": "91.2", "table": 25, "saved_in_stats": false, "date_creation": "2013-12-17T10:45:21.598Z", "surcharge": true}}, {"pk": 14, "model": "base.facture", "fields": {"onsite": true, "vats": [27, 28], "paiements": [], "total_ttc": "91.2", "category_to_follow": 4, "produits": [247, 248, 249, 238, 239, 240, 235, 236, 237, 241, 242, 243, 244, 245, 246], "following": [7], "couverts": 13, "restant_a_payer": "91.2", "table": 21, "saved_in_stats": false, "date_creation": "2013-12-17T10:45:22.241Z", "surcharge": true}}, {"pk": 15, "model": "base.facture", "fields": {"onsite": true, "vats": [29, 30], "paiements": [1], "total_ttc": "91.2", "category_to_follow": 3, "produits": [265, 266, 267, 256, 257, 258, 253, 254, 255, 259, 260, 261, 262, 263, 264], "following": [], "couverts": 1, "restant_a_payer": "0", "table": 14, "saved_in_stats": false, "date_creation": "2013-12-17T10:45:22.975Z", "surcharge": false}}, {"pk": 1, "model": "base.monthlystat", "fields": {"month": 1, "value": "100", "key": "total_ttc", "year": 2013}}, {"pk": 2, "model": "base.monthlystat", "fields": {"month": 1, "value": "40", "key": "bar_total_ttc", "year": 2013}}, {"pk": 3, "model": "base.monthlystat", "fields": {"month": 1, "value": "60", "key": "guests_total_ttc", "year": 2013}}, {"pk": 4, "model": "base.monthlystat", "fields": {"month": 1, "value": "330", "key": "nb_bills", "year": 2013}}, {"pk": 5, "model": "base.monthlystat", "fields": {"month": 1, "value": "264", "key": "guests_nb", "year": 2013}}, {"pk": 6, "model": "base.monthlystat", "fields": {"month": 1, "value": "445", "key": "guests_average", "year": 2013}}, {"pk": 7, "model": "base.monthlystat", "fields": {"month": 1, "value": "456", "key": "bar_nb", "year": 2013}}, {"pk": 8, "model": "base.monthlystat", "fields": {"month": 1, "value": "279", "key": "bar_average", "year": 2013}}, {"pk": 9, "model": "base.monthlystat", "fields": {"month": 2, "value": "200", "key": "total_ttc", "year": 2013}}, {"pk": 10, "model": "base.monthlystat", "fields": {"month": 2, "value": "80", "key": "bar_total_ttc", "year": 2013}}, {"pk": 11, "model": "base.monthlystat", "fields": {"month": 2, "value": "120", "key": "guests_total_ttc", "year": 2013}}, {"pk": 12, "model": "base.monthlystat", "fields": {"month": 2, "value": "353", "key": "nb_bills", "year": 2013}}, {"pk": 13, "model": "base.monthlystat", "fields": {"month": 2, "value": "204", "key": "guests_nb", "year": 2013}}, {"pk": 14, "model": "base.monthlystat", "fields": {"month": 2, "value": "218", "key": "guests_average", "year": 2013}}, {"pk": 15, "model": "base.monthlystat", "fields": {"month": 2, "value": "395", "key": "bar_nb", "year": 2013}}, {"pk": 16, "model": "base.monthlystat", "fields": {"month": 2, "value": "460", "key": "bar_average", "year": 2013}}, {"pk": 17, "model": "base.monthlystat", "fields": {"month": 3, "value": "300", "key": "total_ttc", "year": 2013}}, {"pk": 18, "model": "base.monthlystat", "fields": {"month": 3, "value": "120", "key": "bar_total_ttc", "year": 2013}}, {"pk": 19, "model": "base.monthlystat", "fields": {"month": 3, "value": "180", "key": "guests_total_ttc", "year": 2013}}, {"pk": 20, "model": "base.monthlystat", "fields": {"month": 3, "value": "405", "key": "nb_bills", "year": 2013}}, {"pk": 21, "model": "base.monthlystat", "fields": {"month": 3, "value": "198", "key": "guests_nb", "year": 2013}}, {"pk": 22, "model": "base.monthlystat", "fields": {"month": 3, "value": "372", "key": "guests_average", "year": 2013}}, {"pk": 23, "model": "base.monthlystat", "fields": {"month": 3, "value": "420", "key": "bar_nb", "year": 2013}}, {"pk": 24, "model": "base.monthlystat", "fields": {"month": 3, "value": "362", "key": "bar_average", "year": 2013}}, {"pk": 25, "model": "base.monthlystat", "fields": {"month": 4, "value": "400", "key": "total_ttc", "year": 2013}}, {"pk": 26, "model": "base.monthlystat", "fields": {"month": 4, "value": "160", "key": "bar_total_ttc", "year": 2013}}, {"pk": 27, "model": "base.monthlystat", "fields": {"month": 4, "value": "240", "key": "guests_total_ttc", "year": 2013}}, {"pk": 28, "model": "base.monthlystat", "fields": {"month": 4, "value": "147", "key": "nb_bills", "year": 2013}}, {"pk": 29, "model": "base.monthlystat", "fields": {"month": 4, "value": "478", "key": "guests_nb", "year": 2013}}, {"pk": 30, "model": "base.monthlystat", "fields": {"month": 4, "value": "189", "key": "guests_average", "year": 2013}}, {"pk": 31, "model": "base.monthlystat", "fields": {"month": 4, "value": "288", "key": "bar_nb", "year": 2013}}, {"pk": 32, "model": "base.monthlystat", "fields": {"month": 4, "value": "270", "key": "bar_average", "year": 2013}}, {"pk": 33, "model": "base.monthlystat", "fields": {"month": 5, "value": "500", "key": "total_ttc", "year": 2013}}, {"pk": 34, "model": "base.monthlystat", "fields": {"month": 5, "value": "200", "key": "bar_total_ttc", "year": 2013}}, {"pk": 35, "model": "base.monthlystat", "fields": {"month": 5, "value": "300", "key": "guests_total_ttc", "year": 2013}}, {"pk": 36, "model": "base.monthlystat", "fields": {"month": 5, "value": "215", "key": "nb_bills", "year": 2013}}, {"pk": 37, "model": "base.monthlystat", "fields": {"month": 5, "value": "441", "key": "guests_nb", "year": 2013}}, {"pk": 38, "model": "base.monthlystat", "fields": {"month": 5, "value": "340", "key": "guests_average", "year": 2013}}, {"pk": 39, "model": "base.monthlystat", "fields": {"month": 5, "value": "388", "key": "bar_nb", "year": 2013}}, {"pk": 40, "model": "base.monthlystat", "fields": {"month": 5, "value": "499", "key": "bar_average", "year": 2013}}, {"pk": 41, "model": "base.monthlystat", "fields": {"month": 6, "value": "600", "key": "total_ttc", "year": 2013}}, {"pk": 42, "model": "base.monthlystat", "fields": {"month": 6, "value": "240", "key": "bar_total_ttc", "year": 2013}}, {"pk": 43, "model": "base.monthlystat", "fields": {"month": 6, "value": "360", "key": "guests_total_ttc", "year": 2013}}, {"pk": 44, "model": "base.monthlystat", "fields": {"month": 6, "value": "361", "key": "nb_bills", "year": 2013}}, {"pk": 45, "model": "base.monthlystat", "fields": {"month": 6, "value": "317", "key": "guests_nb", "year": 2013}}, {"pk": 46, "model": "base.monthlystat", "fields": {"month": 6, "value": "463", "key": "guests_average", "year": 2013}}, {"pk": 47, "model": "base.monthlystat", "fields": {"month": 6, "value": "301", "key": "bar_nb", "year": 2013}}, {"pk": 48, "model": "base.monthlystat", "fields": {"month": 6, "value": "494", "key": "bar_average", "year": 2013}}, {"pk": 49, "model": "base.monthlystat", "fields": {"month": 7, "value": "700", "key": "total_ttc", "year": 2013}}, {"pk": 50, "model": "base.monthlystat", "fields": {"month": 7, "value": "280", "key": "bar_total_ttc", "year": 2013}}, {"pk": 51, "model": "base.monthlystat", "fields": {"month": 7, "value": "420", "key": "guests_total_ttc", "year": 2013}}, {"pk": 52, "model": "base.monthlystat", "fields": {"month": 7, "value": "122", "key": "nb_bills", "year": 2013}}, {"pk": 53, "model": "base.monthlystat", "fields": {"month": 7, "value": "212", "key": "guests_nb", "year": 2013}}, {"pk": 54, "model": "base.monthlystat", "fields": {"month": 7, "value": "162", "key": "guests_average", "year": 2013}}, {"pk": 55, "model": "base.monthlystat", "fields": {"month": 7, "value": "481", "key": "bar_nb", "year": 2013}}, {"pk": 56, "model": "base.monthlystat", "fields": {"month": 7, "value": "199", "key": "bar_average", "year": 2013}}, {"pk": 57, "model": "base.monthlystat", "fields": {"month": 8, "value": "800", "key": "total_ttc", "year": 2013}}, {"pk": 58, "model": "base.monthlystat", "fields": {"month": 8, "value": "320", "key": "bar_total_ttc", "year": 2013}}, {"pk": 59, "model": "base.monthlystat", "fields": {"month": 8, "value": "480", "key": "guests_total_ttc", "year": 2013}}, {"pk": 60, "model": "base.monthlystat", "fields": {"month": 8, "value": "413", "key": "nb_bills", "year": 2013}}, {"pk": 61, "model": "base.monthlystat", "fields": {"month": 8, "value": "441", "key": "guests_nb", "year": 2013}}, {"pk": 62, "model": "base.monthlystat", "fields": {"month": 8, "value": "259", "key": "guests_average", "year": 2013}}, {"pk": 63, "model": "base.monthlystat", "fields": {"month": 8, "value": "292", "key": "bar_nb", "year": 2013}}, {"pk": 64, "model": "base.monthlystat", "fields": {"month": 8, "value": "457", "key": "bar_average", "year": 2013}}, {"pk": 65, "model": "base.monthlystat", "fields": {"month": 9, "value": "900", "key": "total_ttc", "year": 2013}}, {"pk": 66, "model": "base.monthlystat", "fields": {"month": 9, "value": "360", "key": "bar_total_ttc", "year": 2013}}, {"pk": 67, "model": "base.monthlystat", "fields": {"month": 9, "value": "540", "key": "guests_total_ttc", "year": 2013}}, {"pk": 68, "model": "base.monthlystat", "fields": {"month": 9, "value": "403", "key": "nb_bills", "year": 2013}}, {"pk": 69, "model": "base.monthlystat", "fields": {"month": 9, "value": "61", "key": "guests_nb", "year": 2013}}, {"pk": 70, "model": "base.monthlystat", "fields": {"month": 9, "value": "50", "key": "guests_average", "year": 2013}}, {"pk": 71, "model": "base.monthlystat", "fields": {"month": 9, "value": "273", "key": "bar_nb", "year": 2013}}, {"pk": 72, "model": "base.monthlystat", "fields": {"month": 9, "value": "219", "key": "bar_average", "year": 2013}}, {"pk": 73, "model": "base.monthlystat", "fields": {"month": 10, "value": "1000", "key": "total_ttc", "year": 2013}}, {"pk": 74, "model": "base.monthlystat", "fields": {"month": 10, "value": "400", "key": "bar_total_ttc", "year": 2013}}, {"pk": 75, "model": "base.monthlystat", "fields": {"month": 10, "value": "600", "key": "guests_total_ttc", "year": 2013}}, {"pk": 76, "model": "base.monthlystat", "fields": {"month": 10, "value": "271", "key": "nb_bills", "year": 2013}}, {"pk": 77, "model": "base.monthlystat", "fields": {"month": 10, "value": "81", "key": "guests_nb", "year": 2013}}, {"pk": 78, "model": "base.monthlystat", "fields": {"month": 10, "value": "221", "key": "guests_average", "year": 2013}}, {"pk": 79, "model": "base.monthlystat", "fields": {"month": 10, "value": "174", "key": "bar_nb", "year": 2013}}, {"pk": 80, "model": "base.monthlystat", "fields": {"month": 10, "value": "188", "key": "bar_average", "year": 2013}}, {"pk": 81, "model": "base.monthlystat", "fields": {"month": 11, "value": "1100", "key": "total_ttc", "year": 2013}}, {"pk": 82, "model": "base.monthlystat", "fields": {"month": 11, "value": "440", "key": "bar_total_ttc", "year": 2013}}, {"pk": 83, "model": "base.monthlystat", "fields": {"month": 11, "value": "660", "key": "guests_total_ttc", "year": 2013}}, {"pk": 84, "model": "base.monthlystat", "fields": {"month": 11, "value": "277", "key": "nb_bills", "year": 2013}}, {"pk": 85, "model": "base.monthlystat", "fields": {"month": 11, "value": "308", "key": "guests_nb", "year": 2013}}, {"pk": 86, "model": "base.monthlystat", "fields": {"month": 11, "value": "78", "key": "guests_average", "year": 2013}}, {"pk": 87, "model": "base.monthlystat", "fields": {"month": 11, "value": "50", "key": "bar_nb", "year": 2013}}, {"pk": 88, "model": "base.monthlystat", "fields": {"month": 11, "value": "293", "key": "bar_average", "year": 2013}}, {"pk": 89, "model": "base.monthlystat", "fields": {"month": 12, "value": "1200", "key": "total_ttc", "year": 2013}}, {"pk": 90, "model": "base.monthlystat", "fields": {"month": 12, "value": "480", "key": "bar_total_ttc", "year": 2013}}, {"pk": 91, "model": "base.monthlystat", "fields": {"month": 12, "value": "720", "key": "guests_total_ttc", "year": 2013}}, {"pk": 92, "model": "base.monthlystat", "fields": {"month": 12, "value": "275", "key": "nb_bills", "year": 2013}}, {"pk": 93, "model": "base.monthlystat", "fields": {"month": 12, "value": "170", "key": "guests_nb", "year": 2013}}, {"pk": 94, "model": "base.monthlystat", "fields": {"month": 12, "value": "384", "key": "guests_average", "year": 2013}}, {"pk": 95, "model": "base.monthlystat", "fields": {"month": 12, "value": "305", "key": "bar_nb", "year": 2013}}, {"pk": 96, "model": "base.monthlystat", "fields": {"month": 12, "value": "412", "key": "bar_average", "year": 2013}}, {"pk": 1, "model": "base.dailystat", "fields": {"date": "2013-10-01", "value": "234", "key": "total_ttc"}}, {"pk": 1, "model": "base.zone", "fields": {"nom": "Bar", "surtaxe": false}}, {"pk": 2, "model": "base.zone", "fields": {"nom": "Rez de chaussee", "surtaxe": false}}, {"pk": 3, "model": "base.zone", "fields": {"nom": "Terrasse", "surtaxe": true}}, {"pk": 1, "model": "base.table", "fields": {"nom": "T--", "zone": 1}}, {"pk": 2, "model": "base.table", "fields": {"nom": "T01", "zone": 2}}, {"pk": 3, "model": "base.table", "fields": {"nom": "T02", "zone": 2}}, {"pk": 4, "model": "base.table", "fields": {"nom": "T03", "zone": 2}}, {"pk": 5, "model": "base.table", "fields": {"nom": "T04", "zone": 2}}, {"pk": 6, "model": "base.table", "fields": {"nom": "T05", "zone": 2}}, {"pk": 7, "model": "base.table", "fields": {"nom": "T06", "zone": 2}}, {"pk": 8, "model": "base.table", "fields": {"nom": "T07", "zone": 2}}, {"pk": 9, "model": "base.table", "fields": {"nom": "T08", "zone": 2}}, {"pk": 10, "model": "base.table", "fields": {"nom": "T09", "zone": 2}}, {"pk": 11, "model": "base.table", "fields": {"nom": "T10", "zone": 2}}, {"pk": 12, "model": "base.table", "fields": {"nom": "T11", "zone": 2}}, {"pk": 13, "model": "base.table", "fields": {"nom": "T12", "zone": 2}}, {"pk": 14, "model": "base.table", "fields": {"nom": "T13", "zone": 2}}, {"pk": 15, "model": "base.table", "fields": {"nom": "T14", "zone": 2}}, {"pk": 16, "model": "base.table", "fields": {"nom": "T15", "zone": 3}}, {"pk": 17, "model": "base.table", "fields": {"nom": "T16", "zone": 3}}, {"pk": 18, "model": "base.table", "fields": {"nom": "T17", "zone": 3}}, {"pk": 19, "model": "base.table", "fields": {"nom": "T18", "zone": 3}}, {"pk": 20, "model": "base.table", "fields": {"nom": "T19", "zone": 3}}, {"pk": 21, "model": "base.table", "fields": {"nom": "T20", "zone": 3}}, {"pk": 22, "model": "base.table", "fields": {"nom": "T21", "zone": 3}}, {"pk": 23, "model": "base.table", "fields": {"nom": "T22", "zone": 3}}, {"pk": 24, "model": "base.table", "fields": {"nom": "T23", "zone": 3}}, {"pk": 25, "model": "base.table", "fields": {"nom": "T24", "zone": 3}}, {"pk": 26, "model": "base.table", "fields": {"nom": "T25", "zone": 3}}, {"pk": 1, "model": "base.vatonbill", "fields": {"total": "5.4", "vat": 2}}, {"pk": 2, "model": "base.vatonbill", "fields": {"total": "1.38", "vat": 1}}, {"pk": 3, "model": "base.vatonbill", "fields": {"total": "5.4", "vat": 2}}, {"pk": 4, "model": "base.vatonbill", "fields": {"total": "1.38", "vat": 1}}, {"pk": 5, "model": "base.vatonbill", "fields": {"total": "5.4", "vat": 2}}, {"pk": 6, "model": "base.vatonbill", "fields": {"total": "1.38", "vat": 1}}, {"pk": 7, "model": "base.vatonbill", "fields": {"total": "5.4", "vat": 2}}, {"pk": 8, "model": "base.vatonbill", "fields": {"total": "1.38", "vat": 1}}, {"pk": 9, "model": "base.vatonbill", "fields": {"total": "5.4", "vat": 2}}, {"pk": 10, "model": "base.vatonbill", "fields": {"total": "1.38", "vat": 1}}, {"pk": 11, "model": "base.vatonbill", "fields": {"total": "5.4", "vat": 2}}, {"pk": 12, "model": "base.vatonbill", "fields": {"total": "1.38", "vat": 1}}, {"pk": 13, "model": "base.vatonbill", "fields": {"total": "5.4", "vat": 2}}, {"pk": 14, "model": "base.vatonbill", "fields": {"total": "1.38", "vat": 1}}, {"pk": 15, "model": "base.vatonbill", "fields": {"total": "5.4", "vat": 2}}, {"pk": 16, "model": "base.vatonbill", "fields": {"total": "1.38", "vat": 1}}, {"pk": 17, "model": "base.vatonbill", "fields": {"total": "5.4", "vat": 2}}, {"pk": 18, "model": "base.vatonbill", "fields": {"total": "1.38", "vat": 1}}, {"pk": 19, "model": "base.vatonbill", "fields": {"total": "5.4", "vat": 2}}, {"pk": 20, "model": "base.vatonbill", "fields": {"total": "1.38", "vat": 1}}, {"pk": 21, "model": "base.vatonbill", "fields": {"total": "5.4", "vat": 2}}, {"pk": 22, "model": "base.vatonbill", "fields": {"total": "1.38", "vat": 1}}, {"pk": 23, "model": "base.vatonbill", "fields": {"total": "5.4", "vat": 2}}, {"pk": 24, "model": "base.vatonbill", "fields": {"total": "1.38", "vat": 1}}, {"pk": 25, "model": "base.vatonbill", "fields": {"total": "5.4", "vat": 2}}, {"pk": 26, "model": "base.vatonbill", "fields": {"total": "1.38", "vat": 1}}, {"pk": 27, "model": "base.vatonbill", "fields": {"total": "5.4", "vat": 2}}, {"pk": 28, "model": "base.vatonbill", "fields": {"total": "1.38", "vat": 1}}, {"pk": 29, "model": "base.vatonbill", "fields": {"total": "5.4", "vat": 2}}, {"pk": 30, "model": "base.vatonbill", "fields": {"total": "1.38", "vat": 1}}]