[{"pk": 1, "model": "south.migrationhistory", "fields": {"applied": "2013-12-30T14:19:22.303Z", "app_name": "base", "migration": "0001_initial"}}, {"pk": 2, "model": "south.migrationhistory", "fields": {"applied": "2013-12-30T14:19:22.607Z", "app_name": "base", "migration": "0002_auto__add_vat__add_field_categorie_vat_onsite__add_field_categorie_vat"}}, {"pk": 3, "model": "south.migrationhistory", "fields": {"applied": "2013-12-30T14:19:22.826Z", "app_name": "base", "migration": "0003_auto__del_field_categorie_alcool"}}, {"pk": 4, "model": "south.migrationhistory", "fields": {"applied": "2013-12-30T14:19:23.013Z", "app_name": "base", "migration": "0004_auto__add_field_vat_value"}}, {"pk": 5, "model": "south.migrationhistory", "fields": {"applied": "2013-12-30T14:19:23.179Z", "app_name": "base", "migration": "0005_auto__chg_field_vat_value"}}, {"pk": 6, "model": "south.migrationhistory", "fields": {"applied": "2013-12-30T14:19:23.359Z", "app_name": "base", "migration": "0006_auto__chg_field_vat_value"}}, {"pk": 7, "model": "south.migrationhistory", "fields": {"applied": "2013-12-30T14:19:23.569Z", "app_name": "base", "migration": "0007_auto__add_field_facture_onsite"}}, {"pk": 8, "model": "south.migrationhistory", "fields": {"applied": "2013-12-30T14:19:23.849Z", "app_name": "base", "migration": "0008_auto__del_field_paiementtype_priorite__del_field_paiementtype_nom_fact"}}, {"pk": 9, "model": "south.migrationhistory", "fields": {"applied": "2013-12-30T14:19:24.130Z", "app_name": "base", "migration": "0009_auto__add_vatonbill__add_field_facture_total_ttc"}}, {"pk": 10, "model": "south.migrationhistory", "fields": {"applied": "2013-12-30T14:19:24.273Z", "app_name": "base", "migration": "0010_facture_total_ttc"}}, {"pk": 11, "model": "south.migrationhistory", "fields": {"applied": "2013-12-30T14:19:24.565Z", "app_name": "base", "migration": "0011_auto__del_field_facture_montant_alcool__del_field_facture_montant_norm"}}, {"pk": 12, "model": "south.migrationhistory", "fields": {"applied": "2013-12-30T14:19:24.738Z", "app_name": "base", "migration": "0012_auto__add_field_cuisson_nom_facture"}}, {"pk": 13, "model": "south.migrationhistory", "fields": {"applied": "2013-12-30T14:19:24.883Z", "app_name": "base", "migration": "0013_auto__add_printer"}}, {"pk": 14, "model": "south.migrationhistory", "fields": {"applied": "2013-12-30T14:19:25.061Z", "app_name": "base", "migration": "0014_auto__add_field_printer_width"}}, {"pk": 15, "model": "south.migrationhistory", "fields": {"applied": "2013-12-30T14:19:25.299Z", "app_name": "base", "migration": "0015_auto__add_field_categorie_made_in_kitchen"}}, {"pk": 16, "model": "south.migrationhistory", "fields": {"applied": "2013-12-30T14:19:25.600Z", "app_name": "base", "migration": "0016_auto__add_field_produitvendu_made_with__add_field_produitvendu_sent"}}, {"pk": 17, "model": "south.migrationhistory", "fields": {"applied": "2013-12-30T14:19:25.780Z", "app_name": "base", "migration": "0017_auto__chg_field_produitvendu_made_with"}}, {"pk": 18, "model": "south.migrationhistory", "fields": {"applied": "2013-12-30T14:19:26.121Z", "app_name": "base", "migration": "0018_auto__del_field_suivi_etat__add_field_suivi_category"}}, {"pk": 19, "model": "south.migrationhistory", "fields": {"applied": "2013-12-30T14:19:26.391Z", "app_name": "base", "migration": "0019_auto__add_field_produit_vat_onsite__add_field_produit_vat_takeaway"}}, {"pk": 20, "model": "south.migrationhistory", "fields": {"applied": "2013-12-30T14:19:26.535Z", "app_name": "base", "migration": "0020_auto"}}, {"pk": 21, "model": "south.migrationhistory", "fields": {"applied": "2013-12-30T14:19:27.265Z", "app_name": "base", "migration": "0021_auto__del_etat__del_couleur__del_field_categorie_couleur__add_field_ca"}}, {"pk": 22, "model": "south.migrationhistory", "fields": {"applied": "2013-12-30T14:19:27.494Z", "app_name": "base", "migration": "0022_auto__add_field_facture_overcharge"}}, {"pk": 23, "model": "south.migrationhistory", "fields": {"applied": "2013-12-30T14:19:27.940Z", "app_name": "base", "migration": "0023_auto__del_suivi__add_follow__add_field_facture_following__add_field_fa"}}, {"pk": 24, "model": "south.migrationhistory", "fields": {"applied": "2013-12-30T14:19:28.348Z", "app_name": "base", "migration": "0024_auto__del_field_facture_following"}}, {"pk": 25, "model": "south.migrationhistory", "fields": {"applied": "2013-12-30T14:19:28.544Z", "app_name": "base", "migration": "0025_auto__chg_field_facture_category_to_follow"}}, {"pk": 26, "model": "south.migrationhistory", "fields": {"applied": "2013-12-30T14:19:28.723Z", "app_name": "base", "migration": "0026_auto__add_config"}}, {"pk": 27, "model": "south.migrationhistory", "fields": {"applied": "2013-12-30T14:19:29.045Z", "app_name": "base", "migration": "0027_auto__del_statsjourcategorie__del_statsjourgeneral__del_statsjourprodu"}}, {"pk": 28, "model": "south.migrationhistory", "fields": {"applied": "2013-12-30T14:19:29.217Z", "app_name": "base", "migration": "0028_auto__del_logtype__del_log"}}, {"pk": 29, "model": "south.migrationhistory", "fields": {"applied": "2013-12-30T14:19:29.546Z", "app_name": "base", "migration": "0029_auto__add_field_produit_price_surcharged__add_field_produit_vat_surcha"}}, {"pk": 30, "model": "south.migrationhistory", "fields": {"applied": "2013-12-30T14:19:29.828Z", "app_name": "base", "migration": "0030_auto__del_field_facture_overcharge__add_field_facture_surcharge"}}, {"pk": 31, "model": "south.migrationhistory", "fields": {"applied": "2013-12-30T14:19:30.014Z", "app_name": "base", "migration": "0031_auto__del_field_produit_nom_facture"}}, {"pk": 32, "model": "south.migrationhistory", "fields": {"applied": "2013-12-30T14:19:30.888Z", "app_name": "base", "migration": "0032_auto__del_accompagnement__add_dish__add_field_sauce_nom_facture__del_f"}}, {"pk": 33, "model": "south.migrationhistory", "fields": {"applied": "2013-12-30T14:19:31.470Z", "app_name": "django_extensions", "migration": "0001_empty"}}, {"pk": 1, "model": "auth.user", "fields": {"username": "demo", "first_name": "first name", "last_name": "last name", "is_active": true, "is_superuser": false, "is_staff": false, "last_login": "2013-12-30T14:19:37.005Z", "groups": [], "user_permissions": [58, 59, 60, 61, 62, 63, 64, 65, 66], "password": "pbkdf2_sha256$10000$7oAdNU9QOa48$8RG2BUsDSrVSHsssP0OvDESAwwumWZHSbWeqYnVqyTY=", "email": "demo@possum-software.org", "date_joined": "2013-12-30T14:19:37.005Z"}}, {"pk": 1, "model": "base.vat", "fields": {"tax": "19.6", "name": "alcool", "value": "0.196"}}, {"pk": 2, "model": "base.vat", "fields": {"tax": "7", "name": "sur place", "value": "0.07"}}, {"pk": 3, "model": "base.vat", "fields": {"tax": "5", "name": "\u00e0 emporter", "value": "0.05"}}, {"pk": 1, "model": "base.cuisson", "fields": {"nom_facture": "B", "nom": "bleu", "priorite": 10, "color": "#8CC6D7"}}, {"pk": 2, "model": "base.cuisson", "fields": {"nom_facture": "S", "nom": "saignant", "priorite": 15, "color": "#DB0B32"}}, {"pk": 3, "model": "base.cuisson", "fields": {"nom_facture": "AP", "nom": "\u00e0 point", "priorite": 20, "color": "#C44C51"}}, {"pk": 4, "model": "base.cuisson", "fields": {"nom_facture": "BC", "nom": "bien cuit", "priorite": 25, "color": "#B78178"}}, {"pk": 1, "model": "base.categorie", "fields": {"nom": "Jus", "disable_surtaxe": false, "color": "#44b3dc", "available_sauces": [], "vat_takeaway": 3, "priorite": 25, "available_dishes": [], "vat_onsite": 2, "made_in_kitchen": false, "surtaxable": false}}, {"pk": 2, "model": "base.categorie", "fields": {"nom": "Bieres", "disable_surtaxe": false, "color": "#ea97b5", "available_sauces": [], "vat_takeaway": 1, "priorite": 2, "available_dishes": [], "vat_onsite": 1, "made_in_kitchen": false, "surtaxable": false}}, {"pk": 3, "model": "base.categorie", "fields": {"nom": "Entrees", "disable_surtaxe": false, "color": "#ff9f00", "available_sauces": [], "vat_takeaway": 3, "priorite": 5, "available_dishes": [], "vat_onsite": 2, "made_in_kitchen": true, "surtaxable": false}}, {"pk": 4, "model": "base.categorie", "fields": {"nom": "Plat", "disable_surtaxe": false, "color": "#c9a100", "available_sauces": [], "vat_takeaway": 3, "priorite": 10, "available_dishes": [], "vat_onsite": 2, "made_in_kitchen": true, "surtaxable": false}}, {"pk": 5, "model": "base.categorie", "fields": {"nom": "Menu", "disable_surtaxe": false, "color": "#88f027", "available_sauces": [], "vat_takeaway": 3, "priorite": 22, "available_dishes": [], "vat_onsite": 2, "made_in_kitchen": false, "surtaxable": false}}, {"pk": 1, "model": "base.config", "fields": {"value": "5", "key": "payment_for_refunds"}}, {"pk": 2, "model": "base.config", "fields": {"value": "0.20", "key": "price_surcharge"}}, {"pk": 1, "model": "base.produit", "fields": {"nom": "jus abricot", "categories_ok": [], "choix_sauce": false, "choix_cuisson": false, "vat_takeaway": "0.13", "vat_surcharged": "0.18", "prix": "2.8", "price_surcharged": "2.8", "vat_onsite": "0.18", "choix_dish": false, "categorie": 1, "actif": true, "produits_ok": []}}, {"pk": 2, "model": "base.produit", "fields": {"nom": "jus pomme", "categories_ok": [], "choix_sauce": false, "choix_cuisson": false, "vat_takeaway": "0.13", "vat_surcharged": "0.18", "prix": "2.8", "price_surcharged": "2.8", "vat_onsite": "0.18", "choix_dish": false, "categorie": 1, "actif": true, "produits_ok": []}}, {"pk": 3, "model": "base.produit", "fields": {"nom": "biere 50cl", "categories_ok": [], "choix_sauce": false, "choix_cuisson": false, "vat_takeaway": "0.46", "vat_surcharged": "0.46", "prix": "2.8", "price_surcharged": "2.8", "vat_onsite": "0.46", "choix_dish": false, "categorie": 2, "actif": true, "produits_ok": []}}, {"pk": 4, "model": "base.produit", "fields": {"nom": "salade normande", "categories_ok": [], "choix_sauce": false, "choix_cuisson": false, "vat_takeaway": "0.16", "vat_surcharged": "0.22", "prix": "3.4", "price_surcharged": "3.4", "vat_onsite": "0.22", "choix_dish": false, "categorie": 3, "actif": true, "produits_ok": [8]}}, {"pk": 5, "model": "base.produit", "fields": {"nom": "buffet", "categories_ok": [], "choix_sauce": false, "choix_cuisson": false, "vat_takeaway": "0.3", "vat_surcharged": "0.42", "prix": "6.4", "price_surcharged": "6.4", "vat_onsite": "0.42", "choix_dish": false, "categorie": 3, "actif": true, "produits_ok": []}}, {"pk": 6, "model": "base.produit", "fields": {"nom": "entrecote", "categories_ok": [], "choix_sauce": false, "choix_cuisson": true, "vat_takeaway": "0.4", "vat_surcharged": "0.55", "prix": "8.4", "price_surcharged": "8.4", "vat_onsite": "0.55", "choix_dish": false, "categorie": 4, "actif": true, "produits_ok": [8]}}, {"pk": 7, "model": "base.produit", "fields": {"nom": "pave de saumon", "categories_ok": [], "choix_sauce": false, "choix_cuisson": false, "vat_takeaway": "0.45", "vat_surcharged": "0.61", "prix": "9.4", "price_surcharged": "9.4", "vat_onsite": "0.61", "choix_dish": false, "categorie": 4, "actif": true, "produits_ok": [8]}}, {"pk": 8, "model": "base.produit", "fields": {"nom": "Menu Entree/Plat", "categories_ok": [3, 4], "choix_sauce": false, "choix_cuisson": false, "vat_takeaway": "0.64", "vat_surcharged": "0.88", "prix": "13.4", "price_surcharged": "13.4", "vat_onsite": "0.88", "choix_dish": false, "categorie": 5, "actif": true, "produits_ok": [4, 6, 7]}}, {"pk": 1, "model": "base.produitvendu", "fields": {"produit": 4, "contient": [], "dishes": [], "made_with": 3, "prix": "3.4", "sauces": [], "date": "2013-12-30T14:19:41.370Z", "sent": false, "cuisson": null}}, {"pk": 2, "model": "base.produitvendu", "fields": {"produit": 4, "contient": [], "dishes": [], "made_with": 3, "prix": "3.4", "sauces": [], "date": "2013-12-30T14:19:41.726Z", "sent": false, "cuisson": null}}, {"pk": 3, "model": "base.produitvendu", "fields": {"produit": 4, "contient": [], "dishes": [], "made_with": 3, "prix": "3.4", "sauces": [], "date": "2013-12-30T14:19:42.007Z", "sent": false, "cuisson": null}}, {"pk": 4, "model": "base.produitvendu", "fields": {"produit": 5, "contient": [], "dishes": [], "made_with": 3, "prix": "6.4", "sauces": [], "date": "2013-12-30T14:19:42.217Z", "sent": false, "cuisson": null}}, {"pk": 5, "model": "base.produitvendu", "fields": {"produit": 5, "contient": [], "dishes": [], "made_with": 3, "prix": "6.4", "sauces": [], "date": "2013-12-30T14:19:42.495Z", "sent": false, "cuisson": null}}, {"pk": 6, "model": "base.produitvendu", "fields": {"produit": 5, "contient": [], "dishes": [], "made_with": 3, "prix": "6.4", "sauces": [], "date": "2013-12-30T14:19:42.724Z", "sent": false, "cuisson": null}}, {"pk": 7, "model": "base.produitvendu", "fields": {"produit": 6, "contient": [], "dishes": [], "made_with": 4, "prix": "8.4", "sauces": [], "date": "2013-12-30T14:19:42.990Z", "sent": false, "cuisson": null}}, {"pk": 8, "model": "base.produitvendu", "fields": {"produit": 6, "contient": [], "dishes": [], "made_with": 4, "prix": "8.4", "sauces": [], "date": "2013-12-30T14:19:43.328Z", "sent": false, "cuisson": null}}, {"pk": 9, "model": "base.produitvendu", "fields": {"produit": 6, "contient": [], "dishes": [], "made_with": 4, "prix": "8.4", "sauces": [], "date": "2013-12-30T14:19:43.616Z", "sent": false, "cuisson": null}}, {"pk": 10, "model": "base.produitvendu", "fields": {"produit": 7, "contient": [], "dishes": [], "made_with": 4, "prix": "9.4", "sauces": [], "date": "2013-12-30T14:19:43.925Z", "sent": false, "cuisson": null}}, {"pk": 11, "model": "base.produitvendu", "fields": {"produit": 7, "contient": [], "dishes": [], "made_with": 4, "prix": "9.4", "sauces": [], "date": "2013-12-30T14:19:44.295Z", "sent": false, "cuisson": null}}, {"pk": 12, "model": "base.produitvendu", "fields": {"produit": 7, "contient": [], "dishes": [], "made_with": 4, "prix": "9.4", "sauces": [], "date": "2013-12-30T14:19:44.649Z", "sent": false, "cuisson": null}}, {"pk": 13, "model": "base.produitvendu", "fields": {"produit": 3, "contient": [], "dishes": [], "made_with": 2, "prix": "2.8", "sauces": [], "date": "2013-12-30T14:19:44.967Z", "sent": false, "cuisson": null}}, {"pk": 14, "model": "base.produitvendu", "fields": {"produit": 3, "contient": [], "dishes": [], "made_with": 2, "prix": "2.8", "sauces": [], "date": "2013-12-30T14:19:45.457Z", "sent": false, "cuisson": null}}, {"pk": 15, "model": "base.produitvendu", "fields": {"produit": 3, "contient": [], "dishes": [], "made_with": 2, "prix": "2.8", "sauces": [], "date": "2013-12-30T14:19:45.798Z", "sent": false, "cuisson": null}}, {"pk": 16, "model": "base.produitvendu", "fields": {"produit": 8, "contient": [17, 18], "dishes": [], "made_with": null, "prix": "0", "sauces": [], "date": "2013-12-30T14:19:46.187Z", "sent": false, "cuisson": null}}, {"pk": 17, "model": "base.produitvendu", "fields": {"produit": 4, "contient": [16], "dishes": [], "made_with": null, "prix": "0", "sauces": [], "date": "2013-12-30T14:19:46.218Z", "sent": false, "cuisson": null}}, {"pk": 18, "model": "base.produitvendu", "fields": {"produit": 7, "contient": [16], "dishes": [], "made_with": null, "prix": "0", "sauces": [], "date": "2013-12-30T14:19:46.313Z", "sent": false, "cuisson": null}}, {"pk": 19, "model": "base.produitvendu", "fields": {"produit": 4, "contient": [], "dishes": [], "made_with": 3, "prix": "3.4", "sauces": [], "date": "2013-12-30T14:19:46.438Z", "sent": true, "cuisson": null}}, {"pk": 20, "model": "base.produitvendu", "fields": {"produit": 4, "contient": [], "dishes": [], "made_with": 3, "prix": "3.4", "sauces": [], "date": "2013-12-30T14:19:46.640Z", "sent": true, "cuisson": null}}, {"pk": 21, "model": "base.produitvendu", "fields": {"produit": 4, "contient": [], "dishes": [], "made_with": 3, "prix": "3.4", "sauces": [], "date": "2013-12-30T14:19:46.909Z", "sent": true, "cuisson": null}}, {"pk": 22, "model": "base.produitvendu", "fields": {"produit": 5, "contient": [], "dishes": [], "made_with": 3, "prix": "6.4", "sauces": [], "date": "2013-12-30T14:19:47.109Z", "sent": true, "cuisson": null}}, {"pk": 23, "model": "base.produitvendu", "fields": {"produit": 5, "contient": [], "dishes": [], "made_with": 3, "prix": "6.4", "sauces": [], "date": "2013-12-30T14:19:47.338Z", "sent": true, "cuisson": null}}, {"pk": 24, "model": "base.produitvendu", "fields": {"produit": 5, "contient": [], "dishes": [], "made_with": 3, "prix": "6.4", "sauces": [], "date": "2013-12-30T14:19:47.638Z", "sent": true, "cuisson": null}}, {"pk": 25, "model": "base.produitvendu", "fields": {"produit": 6, "contient": [], "dishes": [], "made_with": 4, "prix": "8.4", "sauces": [], "date": "2013-12-30T14:19:47.871Z", "sent": false, "cuisson": null}}, {"pk": 26, "model": "base.produitvendu", "fields": {"produit": 6, "contient": [], "dishes": [], "made_with": 4, "prix": "8.4", "sauces": [], "date": "2013-12-30T14:19:48.167Z", "sent": false, "cuisson": null}}, {"pk": 27, "model": "base.produitvendu", "fields": {"produit": 6, "contient": [], "dishes": [], "made_with": 4, "prix": "8.4", "sauces": [], "date": "2013-12-30T14:19:48.487Z", "sent": false, "cuisson": null}}, {"pk": 28, "model": "base.produitvendu", "fields": {"produit": 7, "contient": [], "dishes": [], "made_with": 4, "prix": "9.4", "sauces": [], "date": "2013-12-30T14:19:48.790Z", "sent": false, "cuisson": null}}, {"pk": 29, "model": "base.produitvendu", "fields": {"produit": 7, "contient": [], "dishes": [], "made_with": 4, "prix": "9.4", "sauces": [], "date": "2013-12-30T14:19:49.111Z", "sent": false, "cuisson": null}}, {"pk": 30, "model": "base.produitvendu", "fields": {"produit": 7, "contient": [], "dishes": [], "made_with": 4, "prix": "9.4", "sauces": [], "date": "2013-12-30T14:19:49.457Z", "sent": false, "cuisson": null}}, {"pk": 31, "model": "base.produitvendu", "fields": {"produit": 3, "contient": [], "dishes": [], "made_with": 2, "prix": "2.8", "sauces": [], "date": "2013-12-30T14:19:49.827Z", "sent": false, "cuisson": null}}, {"pk": 32, "model": "base.produitvendu", "fields": {"produit": 3, "contient": [], "dishes": [], "made_with": 2, "prix": "2.8", "sauces": [], "date": "2013-12-30T14:19:50.210Z", "sent": false, "cuisson": null}}, {"pk": 33, "model": "base.produitvendu", "fields": {"produit": 3, "contient": [], "dishes": [], "made_with": 2, "prix": "2.8", "sauces": [], "date": "2013-12-30T14:19:50.601Z", "sent": false, "cuisson": null}}, {"pk": 34, "model": "base.produitvendu", "fields": {"produit": 8, "contient": [35, 36], "dishes": [], "made_with": null, "prix": "0", "sauces": [], "date": "2013-12-30T14:19:51.003Z", "sent": false, "cuisson": null}}, {"pk": 35, "model": "base.produitvendu", "fields": {"produit": 4, "contient": [34], "dishes": [], "made_with": null, "prix": "0", "sauces": [], "date": "2013-12-30T14:19:51.017Z", "sent": false, "cuisson": null}}, {"pk": 36, "model": "base.produitvendu", "fields": {"produit": 7, "contient": [34], "dishes": [], "made_with": null, "prix": "0", "sauces": [], "date": "2013-12-30T14:19:51.060Z", "sent": false, "cuisson": null}}, {"pk": 37, "model": "base.produitvendu", "fields": {"produit": 4, "contient": [], "dishes": [], "made_with": 3, "prix": "3.4", "sauces": [], "date": "2013-12-30T14:19:51.877Z", "sent": false, "cuisson": null}}, {"pk": 38, "model": "base.produitvendu", "fields": {"produit": 4, "contient": [], "dishes": [], "made_with": 3, "prix": "3.4", "sauces": [], "date": "2013-12-30T14:19:52.248Z", "sent": false, "cuisson": null}}, {"pk": 39, "model": "base.produitvendu", "fields": {"produit": 4, "contient": [], "dishes": [], "made_with": 3, "prix": "3.4", "sauces": [], "date": "2013-12-30T14:19:52.419Z", "sent": false, "cuisson": null}}, {"pk": 40, "model": "base.produitvendu", "fields": {"produit": 5, "contient": [], "dishes": [], "made_with": 3, "prix": "6.4", "sauces": [], "date": "2013-12-30T14:19:52.642Z", "sent": false, "cuisson": null}}, {"pk": 41, "model": "base.produitvendu", "fields": {"produit": 5, "contient": [], "dishes": [], "made_with": 3, "prix": "6.4", "sauces": [], "date": "2013-12-30T14:19:52.920Z", "sent": false, "cuisson": null}}, {"pk": 42, "model": "base.produitvendu", "fields": {"produit": 5, "contient": [], "dishes": [], "made_with": 3, "prix": "6.4", "sauces": [], "date": "2013-12-30T14:19:53.123Z", "sent": false, "cuisson": null}}, {"pk": 43, "model": "base.produitvendu", "fields": {"produit": 6, "contient": [], "dishes": [], "made_with": 4, "prix": "8.4", "sauces": [], "date": "2013-12-30T14:19:53.413Z", "sent": false, "cuisson": null}}, {"pk": 44, "model": "base.produitvendu", "fields": {"produit": 6, "contient": [], "dishes": [], "made_with": 4, "prix": "8.4", "sauces": [], "date": "2013-12-30T14:19:53.715Z", "sent": false, "cuisson": null}}, {"pk": 45, "model": "base.produitvendu", "fields": {"produit": 6, "contient": [], "dishes": [], "made_with": 4, "prix": "8.4", "sauces": [], "date": "2013-12-30T14:19:54.038Z", "sent": false, "cuisson": null}}, {"pk": 46, "model": "base.produitvendu", "fields": {"produit": 7, "contient": [], "dishes": [], "made_with": 4, "prix": "9.4", "sauces": [], "date": "2013-12-30T14:19:54.388Z", "sent": false, "cuisson": null}}, {"pk": 47, "model": "base.produitvendu", "fields": {"produit": 7, "contient": [], "dishes": [], "made_with": 4, "prix": "9.4", "sauces": [], "date": "2013-12-30T14:19:54.667Z", "sent": false, "cuisson": null}}, {"pk": 48, "model": "base.produitvendu", "fields": {"produit": 7, "contient": [], "dishes": [], "made_with": 4, "prix": "9.4", "sauces": [], "date": "2013-12-30T14:19:54.997Z", "sent": false, "cuisson": null}}, {"pk": 49, "model": "base.produitvendu", "fields": {"produit": 3, "contient": [], "dishes": [], "made_with": 2, "prix": "2.8", "sauces": [], "date": "2013-12-30T14:19:55.346Z", "sent": false, "cuisson": null}}, {"pk": 50, "model": "base.produitvendu", "fields": {"produit": 3, "contient": [], "dishes": [], "made_with": 2, "prix": "2.8", "sauces": [], "date": "2013-12-30T14:19:55.774Z", "sent": false, "cuisson": null}}, {"pk": 51, "model": "base.produitvendu", "fields": {"produit": 3, "contient": [], "dishes": [], "made_with": 2, "prix": "2.8", "sauces": [], "date": "2013-12-30T14:19:56.148Z", "sent": false, "cuisson": null}}, {"pk": 52, "model": "base.produitvendu", "fields": {"produit": 8, "contient": [53, 54], "dishes": [], "made_with": null, "prix": "0", "sauces": [], "date": "2013-12-30T14:19:56.512Z", "sent": false, "cuisson": null}}, {"pk": 53, "model": "base.produitvendu", "fields": {"produit": 4, "contient": [52], "dishes": [], "made_with": null, "prix": "0", "sauces": [], "date": "2013-12-30T14:19:56.534Z", "sent": false, "cuisson": null}}, {"pk": 54, "model": "base.produitvendu", "fields": {"produit": 7, "contient": [52], "dishes": [], "made_with": null, "prix": "0", "sauces": [], "date": "2013-12-30T14:19:56.615Z", "sent": false, "cuisson": null}}, {"pk": 55, "model": "base.produitvendu", "fields": {"produit": 4, "contient": [], "dishes": [], "made_with": 3, "prix": "3.4", "sauces": [], "date": "2013-12-30T14:19:56.764Z", "sent": true, "cuisson": null}}, {"pk": 56, "model": "base.produitvendu", "fields": {"produit": 4, "contient": [], "dishes": [], "made_with": 3, "prix": "3.4", "sauces": [], "date": "2013-12-30T14:19:56.965Z", "sent": true, "cuisson": null}}, {"pk": 57, "model": "base.produitvendu", "fields": {"produit": 4, "contient": [], "dishes": [], "made_with": 3, "prix": "3.4", "sauces": [], "date": "2013-12-30T14:19:57.204Z", "sent": true, "cuisson": null}}, {"pk": 58, "model": "base.produitvendu", "fields": {"produit": 5, "contient": [], "dishes": [], "made_with": 3, "prix": "6.4", "sauces": [], "date": "2013-12-30T14:19:57.446Z", "sent": true, "cuisson": null}}, {"pk": 59, "model": "base.produitvendu", "fields": {"produit": 5, "contient": [], "dishes": [], "made_with": 3, "prix": "6.4", "sauces": [], "date": "2013-12-30T14:19:57.642Z", "sent": true, "cuisson": null}}, {"pk": 60, "model": "base.produitvendu", "fields": {"produit": 5, "contient": [], "dishes": [], "made_with": 3, "prix": "6.4", "sauces": [], "date": "2013-12-30T14:19:57.962Z", "sent": true, "cuisson": null}}, {"pk": 61, "model": "base.produitvendu", "fields": {"produit": 6, "contient": [], "dishes": [], "made_with": 4, "prix": "8.4", "sauces": [], "date": "2013-12-30T14:19:58.237Z", "sent": false, "cuisson": null}}, {"pk": 62, "model": "base.produitvendu", "fields": {"produit": 6, "contient": [], "dishes": [], "made_with": 4, "prix": "8.4", "sauces": [], "date": "2013-12-30T14:19:58.472Z", "sent": false, "cuisson": null}}, {"pk": 63, "model": "base.produitvendu", "fields": {"produit": 6, "contient": [], "dishes": [], "made_with": 4, "prix": "8.4", "sauces": [], "date": "2013-12-30T14:19:58.832Z", "sent": false, "cuisson": null}}, {"pk": 64, "model": "base.produitvendu", "fields": {"produit": 7, "contient": [], "dishes": [], "made_with": 4, "prix": "9.4", "sauces": [], "date": "2013-12-30T14:19:59.143Z", "sent": false, "cuisson": null}}, {"pk": 65, "model": "base.produitvendu", "fields": {"produit": 7, "contient": [], "dishes": [], "made_with": 4, "prix": "9.4", "sauces": [], "date": "2013-12-30T14:19:59.453Z", "sent": false, "cuisson": null}}, {"pk": 66, "model": "base.produitvendu", "fields": {"produit": 7, "contient": [], "dishes": [], "made_with": 4, "prix": "9.4", "sauces": [], "date": "2013-12-30T14:19:59.844Z", "sent": false, "cuisson": null}}, {"pk": 67, "model": "base.produitvendu", "fields": {"produit": 3, "contient": [], "dishes": [], "made_with": 2, "prix": "2.8", "sauces": [], "date": "2013-12-30T14:20:00.182Z", "sent": false, "cuisson": null}}, {"pk": 68, "model": "base.produitvendu", "fields": {"produit": 3, "contient": [], "dishes": [], "made_with": 2, "prix": "2.8", "sauces": [], "date": "2013-12-30T14:20:00.609Z", "sent": false, "cuisson": null}}, {"pk": 69, "model": "base.produitvendu", "fields": {"produit": 3, "contient": [], "dishes": [], "made_with": 2, "prix": "2.8", "sauces": [], "date": "2013-12-30T14:20:01.006Z", "sent": false, "cuisson": null}}, {"pk": 70, "model": "base.produitvendu", "fields": {"produit": 8, "contient": [71, 72], "dishes": [], "made_with": null, "prix": "0", "sauces": [], "date": "2013-12-30T14:20:01.386Z", "sent": false, "cuisson": null}}, {"pk": 71, "model": "base.produitvendu", "fields": {"produit": 4, "contient": [70], "dishes": [], "made_with": null, "prix": "0", "sauces": [], "date": "2013-12-30T14:20:01.409Z", "sent": false, "cuisson": null}}, {"pk": 72, "model": "base.produitvendu", "fields": {"produit": 7, "contient": [70], "dishes": [], "made_with": null, "prix": "0", "sauces": [], "date": "2013-12-30T14:20:01.478Z", "sent": false, "cuisson": null}}, {"pk": 73, "model": "base.produitvendu", "fields": {"produit": 4, "contient": [], "dishes": [], "made_with": 3, "prix": "3.4", "sauces": [], "date": "2013-12-30T14:20:02.328Z", "sent": false, "cuisson": null}}, {"pk": 74, "model": "base.produitvendu", "fields": {"produit": 4, "contient": [], "dishes": [], "made_with": 3, "prix": "3.4", "sauces": [], "date": "2013-12-30T14:20:02.639Z", "sent": false, "cuisson": null}}, {"pk": 75, "model": "base.produitvendu", "fields": {"produit": 4, "contient": [], "dishes": [], "made_with": 3, "prix": "3.4", "sauces": [], "date": "2013-12-30T14:20:02.876Z", "sent": false, "cuisson": null}}, {"pk": 76, "model": "base.produitvendu", "fields": {"produit": 5, "contient": [], "dishes": [], "made_with": 3, "prix": "6.4", "sauces": [], "date": "2013-12-30T14:20:03.071Z", "sent": false, "cuisson": null}}, {"pk": 77, "model": "base.produitvendu", "fields": {"produit": 5, "contient": [], "dishes": [], "made_with": 3, "prix": "6.4", "sauces": [], "date": "2013-12-30T14:20:03.346Z", "sent": false, "cuisson": null}}, {"pk": 78, "model": "base.produitvendu", "fields": {"produit": 5, "contient": [], "dishes": [], "made_with": 3, "prix": "6.4", "sauces": [], "date": "2013-12-30T14:20:03.609Z", "sent": false, "cuisson": null}}, {"pk": 79, "model": "base.produitvendu", "fields": {"produit": 6, "contient": [], "dishes": [], "made_with": 4, "prix": "8.4", "sauces": [], "date": "2013-12-30T14:20:03.818Z", "sent": false, "cuisson": null}}, {"pk": 80, "model": "base.produitvendu", "fields": {"produit": 6, "contient": [], "dishes": [], "made_with": 4, "prix": "8.4", "sauces": [], "date": "2013-12-30T14:20:04.153Z", "sent": false, "cuisson": null}}, {"pk": 81, "model": "base.produitvendu", "fields": {"produit": 6, "contient": [], "dishes": [], "made_with": 4, "prix": "8.4", "sauces": [], "date": "2013-12-30T14:20:04.443Z", "sent": false, "cuisson": null}}, {"pk": 82, "model": "base.produitvendu", "fields": {"produit": 7, "contient": [], "dishes": [], "made_with": 4, "prix": "9.4", "sauces": [], "date": "2013-12-30T14:20:04.707Z", "sent": false, "cuisson": null}}, {"pk": 83, "model": "base.produitvendu", "fields": {"produit": 7, "contient": [], "dishes": [], "made_with": 4, "prix": "9.4", "sauces": [], "date": "2013-12-30T14:20:05.103Z", "sent": false, "cuisson": null}}, {"pk": 84, "model": "base.produitvendu", "fields": {"produit": 7, "contient": [], "dishes": [], "made_with": 4, "prix": "9.4", "sauces": [], "date": "2013-12-30T14:20:05.427Z", "sent": false, "cuisson": null}}, {"pk": 85, "model": "base.produitvendu", "fields": {"produit": 3, "contient": [], "dishes": [], "made_with": 2, "prix": "2.8", "sauces": [], "date": "2013-12-30T14:20:05.768Z", "sent": false, "cuisson": null}}, {"pk": 86, "model": "base.produitvendu", "fields": {"produit": 3, "contient": [], "dishes": [], "made_with": 2, "prix": "2.8", "sauces": [], "date": "2013-12-30T14:20:06.239Z", "sent": false, "cuisson": null}}, {"pk": 87, "model": "base.produitvendu", "fields": {"produit": 3, "contient": [], "dishes": [], "made_with": 2, "prix": "2.8", "sauces": [], "date": "2013-12-30T14:20:06.598Z", "sent": false, "cuisson": null}}, {"pk": 88, "model": "base.produitvendu", "fields": {"produit": 8, "contient": [89, 90], "dishes": [], "made_with": null, "prix": "0", "sauces": [], "date": "2013-12-30T14:20:07.021Z", "sent": false, "cuisson": null}}, {"pk": 89, "model": "base.produitvendu", "fields": {"produit": 4, "contient": [88], "dishes": [], "made_with": null, "prix": "0", "sauces": [], "date": "2013-12-30T14:20:07.051Z", "sent": false, "cuisson": null}}, {"pk": 90, "model": "base.produitvendu", "fields": {"produit": 7, "contient": [88], "dishes": [], "made_with": null, "prix": "0", "sauces": [], "date": "2013-12-30T14:20:07.134Z", "sent": false, "cuisson": null}}, {"pk": 91, "model": "base.produitvendu", "fields": {"produit": 4, "contient": [], "dishes": [], "made_with": 3, "prix": "3.4", "sauces": [], "date": "2013-12-30T14:20:07.249Z", "sent": true, "cuisson": null}}, {"pk": 92, "model": "base.produitvendu", "fields": {"produit": 4, "contient": [], "dishes": [], "made_with": 3, "prix": "3.4", "sauces": [], "date": "2013-12-30T14:20:07.573Z", "sent": true, "cuisson": null}}, {"pk": 93, "model": "base.produitvendu", "fields": {"produit": 4, "contient": [], "dishes": [], "made_with": 3, "prix": "3.4", "sauces": [], "date": "2013-12-30T14:20:07.792Z", "sent": true, "cuisson": null}}, {"pk": 94, "model": "base.produitvendu", "fields": {"produit": 5, "contient": [], "dishes": [], "made_with": 3, "prix": "6.4", "sauces": [], "date": "2013-12-30T14:20:08.036Z", "sent": true, "cuisson": null}}, {"pk": 95, "model": "base.produitvendu", "fields": {"produit": 5, "contient": [], "dishes": [], "made_with": 3, "prix": "6.4", "sauces": [], "date": "2013-12-30T14:20:08.266Z", "sent": true, "cuisson": null}}, {"pk": 96, "model": "base.produitvendu", "fields": {"produit": 5, "contient": [], "dishes": [], "made_with": 3, "prix": "6.4", "sauces": [], "date": "2013-12-30T14:20:08.524Z", "sent": true, "cuisson": null}}, {"pk": 97, "model": "base.produitvendu", "fields": {"produit": 6, "contient": [], "dishes": [], "made_with": 4, "prix": "8.4", "sauces": [], "date": "2013-12-30T14:20:08.827Z", "sent": false, "cuisson": null}}, {"pk": 98, "model": "base.produitvendu", "fields": {"produit": 6, "contient": [], "dishes": [], "made_with": 4, "prix": "8.4", "sauces": [], "date": "2013-12-30T14:20:09.079Z", "sent": false, "cuisson": null}}, {"pk": 99, "model": "base.produitvendu", "fields": {"produit": 6, "contient": [], "dishes": [], "made_with": 4, "prix": "8.4", "sauces": [], "date": "2013-12-30T14:20:09.390Z", "sent": false, "cuisson": null}}, {"pk": 100, "model": "base.produitvendu", "fields": {"produit": 7, "contient": [], "dishes": [], "made_with": 4, "prix": "9.4", "sauces": [], "date": "2013-12-30T14:20:09.739Z", "sent": false, "cuisson": null}}, {"pk": 101, "model": "base.produitvendu", "fields": {"produit": 7, "contient": [], "dishes": [], "made_with": 4, "prix": "9.4", "sauces": [], "date": "2013-12-30T14:20:10.014Z", "sent": false, "cuisson": null}}, {"pk": 102, "model": "base.produitvendu", "fields": {"produit": 7, "contient": [], "dishes": [], "made_with": 4, "prix": "9.4", "sauces": [], "date": "2013-12-30T14:20:10.403Z", "sent": false, "cuisson": null}}, {"pk": 103, "model": "base.produitvendu", "fields": {"produit": 3, "contient": [], "dishes": [], "made_with": 2, "prix": "2.8", "sauces": [], "date": "2013-12-30T14:20:10.767Z", "sent": false, "cuisson": null}}, {"pk": 104, "model": "base.produitvendu", "fields": {"produit": 3, "contient": [], "dishes": [], "made_with": 2, "prix": "2.8", "sauces": [], "date": "2013-12-30T14:20:11.142Z", "sent": false, "cuisson": null}}, {"pk": 105, "model": "base.produitvendu", "fields": {"produit": 3, "contient": [], "dishes": [], "made_with": 2, "prix": "2.8", "sauces": [], "date": "2013-12-30T14:20:11.575Z", "sent": false, "cuisson": null}}, {"pk": 106, "model": "base.produitvendu", "fields": {"produit": 8, "contient": [107, 108], "dishes": [], "made_with": null, "prix": "0", "sauces": [], "date": "2013-12-30T14:20:11.937Z", "sent": false, "cuisson": null}}, {"pk": 107, "model": "base.produitvendu", "fields": {"produit": 4, "contient": [106], "dishes": [], "made_with": null, "prix": "0", "sauces": [], "date": "2013-12-30T14:20:11.950Z", "sent": false, "cuisson": null}}, {"pk": 108, "model": "base.produitvendu", "fields": {"produit": 7, "contient": [106], "dishes": [], "made_with": null, "prix": "0", "sauces": [], "date": "2013-12-30T14:20:12.014Z", "sent": false, "cuisson": null}}, {"pk": 109, "model": "base.produitvendu", "fields": {"produit": 4, "contient": [], "dishes": [], "made_with": 3, "prix": "3.4", "sauces": [], "date": "2013-12-30T14:20:12.935Z", "sent": false, "cuisson": null}}, {"pk": 110, "model": "base.produitvendu", "fields": {"produit": 4, "contient": [], "dishes": [], "made_with": 3, "prix": "3.4", "sauces": [], "date": "2013-12-30T14:20:13.299Z", "sent": false, "cuisson": null}}, {"pk": 111, "model": "base.produitvendu", "fields": {"produit": 4, "contient": [], "dishes": [], "made_with": 3, "prix": "3.4", "sauces": [], "date": "2013-12-30T14:20:13.539Z", "sent": false, "cuisson": null}}, {"pk": 112, "model": "base.produitvendu", "fields": {"produit": 5, "contient": [], "dishes": [], "made_with": 3, "prix": "6.4", "sauces": [], "date": "2013-12-30T14:20:13.800Z", "sent": false, "cuisson": null}}, {"pk": 113, "model": "base.produitvendu", "fields": {"produit": 5, "contient": [], "dishes": [], "made_with": 3, "prix": "6.4", "sauces": [], "date": "2013-12-30T14:20:14.070Z", "sent": false, "cuisson": null}}, {"pk": 114, "model": "base.produitvendu", "fields": {"produit": 5, "contient": [], "dishes": [], "made_with": 3, "prix": "6.4", "sauces": [], "date": "2013-12-30T14:20:14.313Z", "sent": false, "cuisson": null}}, {"pk": 115, "model": "base.produitvendu", "fields": {"produit": 6, "contient": [], "dishes": [], "made_with": 4, "prix": "8.4", "sauces": [], "date": "2013-12-30T14:20:14.655Z", "sent": false, "cuisson": null}}, {"pk": 116, "model": "base.produitvendu", "fields": {"produit": 6, "contient": [], "dishes": [], "made_with": 4, "prix": "8.4", "sauces": [], "date": "2013-12-30T14:20:14.923Z", "sent": false, "cuisson": null}}, {"pk": 117, "model": "base.produitvendu", "fields": {"produit": 6, "contient": [], "dishes": [], "made_with": 4, "prix": "8.4", "sauces": [], "date": "2013-12-30T14:20:15.257Z", "sent": false, "cuisson": null}}, {"pk": 118, "model": "base.produitvendu", "fields": {"produit": 7, "contient": [], "dishes": [], "made_with": 4, "prix": "9.4", "sauces": [], "date": "2013-12-30T14:20:15.606Z", "sent": false, "cuisson": null}}, {"pk": 119, "model": "base.produitvendu", "fields": {"produit": 7, "contient": [], "dishes": [], "made_with": 4, "prix": "9.4", "sauces": [], "date": "2013-12-30T14:20:15.932Z", "sent": false, "cuisson": null}}, {"pk": 120, "model": "base.produitvendu", "fields": {"produit": 7, "contient": [], "dishes": [], "made_with": 4, "prix": "9.4", "sauces": [], "date": "2013-12-30T14:20:16.381Z", "sent": false, "cuisson": null}}, {"pk": 121, "model": "base.produitvendu", "fields": {"produit": 3, "contient": [], "dishes": [], "made_with": 2, "prix": "2.8", "sauces": [], "date": "2013-12-30T14:20:16.701Z", "sent": false, "cuisson": null}}, {"pk": 122, "model": "base.produitvendu", "fields": {"produit": 3, "contient": [], "dishes": [], "made_with": 2, "prix": "2.8", "sauces": [], "date": "2013-12-30T14:20:17.219Z", "sent": false, "cuisson": null}}, {"pk": 123, "model": "base.produitvendu", "fields": {"produit": 3, "contient": [], "dishes": [], "made_with": 2, "prix": "2.8", "sauces": [], "date": "2013-12-30T14:20:17.571Z", "sent": false, "cuisson": null}}, {"pk": 124, "model": "base.produitvendu", "fields": {"produit": 8, "contient": [125, 126], "dishes": [], "made_with": null, "prix": "0", "sauces": [], "date": "2013-12-30T14:20:18.003Z", "sent": false, "cuisson": null}}, {"pk": 125, "model": "base.produitvendu", "fields": {"produit": 4, "contient": [124], "dishes": [], "made_with": null, "prix": "0", "sauces": [], "date": "2013-12-30T14:20:18.031Z", "sent": false, "cuisson": null}}, {"pk": 126, "model": "base.produitvendu", "fields": {"produit": 7, "contient": [124], "dishes": [], "made_with": null, "prix": "0", "sauces": [], "date": "2013-12-30T14:20:18.116Z", "sent": false, "cuisson": null}}, {"pk": 127, "model": "base.produitvendu", "fields": {"produit": 4, "contient": [], "dishes": [], "made_with": 3, "prix": "3.4", "sauces": [], "date": "2013-12-30T14:20:18.214Z", "sent": true, "cuisson": null}}, {"pk": 128, "model": "base.produitvendu", "fields": {"produit": 4, "contient": [], "dishes": [], "made_with": 3, "prix": "3.4", "sauces": [], "date": "2013-12-30T14:20:18.560Z", "sent": true, "cuisson": null}}, {"pk": 129, "model": "base.produitvendu", "fields": {"produit": 4, "contient": [], "dishes": [], "made_with": 3, "prix": "3.4", "sauces": [], "date": "2013-12-30T14:20:18.779Z", "sent": true, "cuisson": null}}, {"pk": 130, "model": "base.produitvendu", "fields": {"produit": 5, "contient": [], "dishes": [], "made_with": 3, "prix": "6.4", "sauces": [], "date": "2013-12-30T14:20:19.008Z", "sent": true, "cuisson": null}}, {"pk": 131, "model": "base.produitvendu", "fields": {"produit": 5, "contient": [], "dishes": [], "made_with": 3, "prix": "6.4", "sauces": [], "date": "2013-12-30T14:20:19.257Z", "sent": true, "cuisson": null}}, {"pk": 132, "model": "base.produitvendu", "fields": {"produit": 5, "contient": [], "dishes": [], "made_with": 3, "prix": "6.4", "sauces": [], "date": "2013-12-30T14:20:19.502Z", "sent": true, "cuisson": null}}, {"pk": 133, "model": "base.produitvendu", "fields": {"produit": 6, "contient": [], "dishes": [], "made_with": 4, "prix": "8.4", "sauces": [], "date": "2013-12-30T14:20:19.778Z", "sent": false, "cuisson": null}}, {"pk": 134, "model": "base.produitvendu", "fields": {"produit": 6, "contient": [], "dishes": [], "made_with": 4, "prix": "8.4", "sauces": [], "date": "2013-12-30T14:20:20.050Z", "sent": false, "cuisson": null}}, {"pk": 135, "model": "base.produitvendu", "fields": {"produit": 6, "contient": [], "dishes": [], "made_with": 4, "prix": "8.4", "sauces": [], "date": "2013-12-30T14:20:20.364Z", "sent": false, "cuisson": null}}, {"pk": 136, "model": "base.produitvendu", "fields": {"produit": 7, "contient": [], "dishes": [], "made_with": 4, "prix": "9.4", "sauces": [], "date": "2013-12-30T14:20:20.675Z", "sent": false, "cuisson": null}}, {"pk": 137, "model": "base.produitvendu", "fields": {"produit": 7, "contient": [], "dishes": [], "made_with": 4, "prix": "9.4", "sauces": [], "date": "2013-12-30T14:20:20.971Z", "sent": false, "cuisson": null}}, {"pk": 138, "model": "base.produitvendu", "fields": {"produit": 7, "contient": [], "dishes": [], "made_with": 4, "prix": "9.4", "sauces": [], "date": "2013-12-30T14:20:21.348Z", "sent": false, "cuisson": null}}, {"pk": 139, "model": "base.produitvendu", "fields": {"produit": 3, "contient": [], "dishes": [], "made_with": 2, "prix": "2.8", "sauces": [], "date": "2013-12-30T14:20:21.692Z", "sent": false, "cuisson": null}}, {"pk": 140, "model": "base.produitvendu", "fields": {"produit": 3, "contient": [], "dishes": [], "made_with": 2, "prix": "2.8", "sauces": [], "date": "2013-12-30T14:20:22.086Z", "sent": false, "cuisson": null}}, {"pk": 141, "model": "base.produitvendu", "fields": {"produit": 3, "contient": [], "dishes": [], "made_with": 2, "prix": "2.8", "sauces": [], "date": "2013-12-30T14:20:22.510Z", "sent": false, "cuisson": null}}, {"pk": 142, "model": "base.produitvendu", "fields": {"produit": 8, "contient": [143, 144], "dishes": [], "made_with": null, "prix": "0", "sauces": [], "date": "2013-12-30T14:20:22.846Z", "sent": false, "cuisson": null}}, {"pk": 143, "model": "base.produitvendu", "fields": {"produit": 4, "contient": [142], "dishes": [], "made_with": null, "prix": "0", "sauces": [], "date": "2013-12-30T14:20:22.860Z", "sent": false, "cuisson": null}}, {"pk": 144, "model": "base.produitvendu", "fields": {"produit": 7, "contient": [142], "dishes": [], "made_with": null, "prix": "0", "sauces": [], "date": "2013-12-30T14:20:22.923Z", "sent": false, "cuisson": null}}, {"pk": 145, "model": "base.produitvendu", "fields": {"produit": 4, "contient": [], "dishes": [], "made_with": 3, "prix": "3.4", "sauces": [], "date": "2013-12-30T14:20:23.776Z", "sent": false, "cuisson": null}}, {"pk": 146, "model": "base.produitvendu", "fields": {"produit": 4, "contient": [], "dishes": [], "made_with": 3, "prix": "3.4", "sauces": [], "date": "2013-12-30T14:20:24.118Z", "sent": false, "cuisson": null}}, {"pk": 147, "model": "base.produitvendu", "fields": {"produit": 4, "contient": [], "dishes": [], "made_with": 3, "prix": "3.4", "sauces": [], "date": "2013-12-30T14:20:24.294Z", "sent": false, "cuisson": null}}, {"pk": 148, "model": "base.produitvendu", "fields": {"produit": 5, "contient": [], "dishes": [], "made_with": 3, "prix": "6.4", "sauces": [], "date": "2013-12-30T14:20:24.565Z", "sent": false, "cuisson": null}}, {"pk": 149, "model": "base.produitvendu", "fields": {"produit": 5, "contient": [], "dishes": [], "made_with": 3, "prix": "6.4", "sauces": [], "date": "2013-12-30T14:20:24.791Z", "sent": false, "cuisson": null}}, {"pk": 150, "model": "base.produitvendu", "fields": {"produit": 5, "contient": [], "dishes": [], "made_with": 3, "prix": "6.4", "sauces": [], "date": "2013-12-30T14:20:25.042Z", "sent": false, "cuisson": null}}, {"pk": 151, "model": "base.produitvendu", "fields": {"produit": 6, "contient": [], "dishes": [], "made_with": 4, "prix": "8.4", "sauces": [], "date": "2013-12-30T14:20:25.325Z", "sent": false, "cuisson": null}}, {"pk": 152, "model": "base.produitvendu", "fields": {"produit": 6, "contient": [], "dishes": [], "made_with": 4, "prix": "8.4", "sauces": [], "date": "2013-12-30T14:20:25.594Z", "sent": false, "cuisson": null}}, {"pk": 153, "model": "base.produitvendu", "fields": {"produit": 6, "contient": [], "dishes": [], "made_with": 4, "prix": "8.4", "sauces": [], "date": "2013-12-30T14:20:25.902Z", "sent": false, "cuisson": null}}, {"pk": 154, "model": "base.produitvendu", "fields": {"produit": 7, "contient": [], "dishes": [], "made_with": 4, "prix": "9.4", "sauces": [], "date": "2013-12-30T14:20:26.225Z", "sent": false, "cuisson": null}}, {"pk": 155, "model": "base.produitvendu", "fields": {"produit": 7, "contient": [], "dishes": [], "made_with": 4, "prix": "9.4", "sauces": [], "date": "2013-12-30T14:20:26.562Z", "sent": false, "cuisson": null}}, {"pk": 156, "model": "base.produitvendu", "fields": {"produit": 7, "contient": [], "dishes": [], "made_with": 4, "prix": "9.4", "sauces": [], "date": "2013-12-30T14:20:26.911Z", "sent": false, "cuisson": null}}, {"pk": 157, "model": "base.produitvendu", "fields": {"produit": 3, "contient": [], "dishes": [], "made_with": 2, "prix": "2.8", "sauces": [], "date": "2013-12-30T14:20:27.262Z", "sent": false, "cuisson": null}}, {"pk": 158, "model": "base.produitvendu", "fields": {"produit": 3, "contient": [], "dishes": [], "made_with": 2, "prix": "2.8", "sauces": [], "date": "2013-12-30T14:20:27.719Z", "sent": false, "cuisson": null}}, {"pk": 159, "model": "base.produitvendu", "fields": {"produit": 3, "contient": [], "dishes": [], "made_with": 2, "prix": "2.8", "sauces": [], "date": "2013-12-30T14:20:28.081Z", "sent": false, "cuisson": null}}, {"pk": 160, "model": "base.produitvendu", "fields": {"produit": 8, "contient": [161, 162], "dishes": [], "made_with": null, "prix": "0", "sauces": [], "date": "2013-12-30T14:20:28.496Z", "sent": false, "cuisson": null}}, {"pk": 161, "model": "base.produitvendu", "fields": {"produit": 4, "contient": [160], "dishes": [], "made_with": null, "prix": "0", "sauces": [], "date": "2013-12-30T14:20:28.525Z", "sent": false, "cuisson": null}}, {"pk": 162, "model": "base.produitvendu", "fields": {"produit": 7, "contient": [160], "dishes": [], "made_with": null, "prix": "0", "sauces": [], "date": "2013-12-30T14:20:28.614Z", "sent": false, "cuisson": null}}, {"pk": 163, "model": "base.produitvendu", "fields": {"produit": 4, "contient": [], "dishes": [], "made_with": 3, "prix": "3.4", "sauces": [], "date": "2013-12-30T14:20:28.719Z", "sent": true, "cuisson": null}}, {"pk": 164, "model": "base.produitvendu", "fields": {"produit": 4, "contient": [], "dishes": [], "made_with": 3, "prix": "3.4", "sauces": [], "date": "2013-12-30T14:20:29.040Z", "sent": true, "cuisson": null}}, {"pk": 165, "model": "base.produitvendu", "fields": {"produit": 4, "contient": [], "dishes": [], "made_with": 3, "prix": "3.4", "sauces": [], "date": "2013-12-30T14:20:29.284Z", "sent": true, "cuisson": null}}, {"pk": 166, "model": "base.produitvendu", "fields": {"produit": 5, "contient": [], "dishes": [], "made_with": 3, "prix": "6.4", "sauces": [], "date": "2013-12-30T14:20:29.455Z", "sent": true, "cuisson": null}}, {"pk": 167, "model": "base.produitvendu", "fields": {"produit": 5, "contient": [], "dishes": [], "made_with": 3, "prix": "6.4", "sauces": [], "date": "2013-12-30T14:20:29.748Z", "sent": true, "cuisson": null}}, {"pk": 168, "model": "base.produitvendu", "fields": {"produit": 5, "contient": [], "dishes": [], "made_with": 3, "prix": "6.4", "sauces": [], "date": "2013-12-30T14:20:30.053Z", "sent": true, "cuisson": null}}, {"pk": 169, "model": "base.produitvendu", "fields": {"produit": 6, "contient": [], "dishes": [], "made_with": 4, "prix": "8.4", "sauces": [], "date": "2013-12-30T14:20:30.303Z", "sent": false, "cuisson": null}}, {"pk": 170, "model": "base.produitvendu", "fields": {"produit": 6, "contient": [], "dishes": [], "made_with": 4, "prix": "8.4", "sauces": [], "date": "2013-12-30T14:20:30.564Z", "sent": false, "cuisson": null}}, {"pk": 171, "model": "base.produitvendu", "fields": {"produit": 6, "contient": [], "dishes": [], "made_with": 4, "prix": "8.4", "sauces": [], "date": "2013-12-30T14:20:30.858Z", "sent": false, "cuisson": null}}, {"pk": 172, "model": "base.produitvendu", "fields": {"produit": 7, "contient": [], "dishes": [], "made_with": 4, "prix": "9.4", "sauces": [], "date": "2013-12-30T14:20:31.156Z", "sent": false, "cuisson": null}}, {"pk": 173, "model": "base.produitvendu", "fields": {"produit": 7, "contient": [], "dishes": [], "made_with": 4, "prix": "9.4", "sauces": [], "date": "2013-12-30T14:20:31.510Z", "sent": false, "cuisson": null}}, {"pk": 174, "model": "base.produitvendu", "fields": {"produit": 7, "contient": [], "dishes": [], "made_with": 4, "prix": "9.4", "sauces": [], "date": "2013-12-30T14:20:31.856Z", "sent": false, "cuisson": null}}, {"pk": 175, "model": "base.produitvendu", "fields": {"produit": 3, "contient": [], "dishes": [], "made_with": 2, "prix": "2.8", "sauces": [], "date": "2013-12-30T14:20:32.222Z", "sent": false, "cuisson": null}}, {"pk": 176, "model": "base.produitvendu", "fields": {"produit": 3, "contient": [], "dishes": [], "made_with": 2, "prix": "2.8", "sauces": [], "date": "2013-12-30T14:20:32.653Z", "sent": false, "cuisson": null}}, {"pk": 177, "model": "base.produitvendu", "fields": {"produit": 3, "contient": [], "dishes": [], "made_with": 2, "prix": "2.8", "sauces": [], "date": "2013-12-30T14:20:33.059Z", "sent": false, "cuisson": null}}, {"pk": 178, "model": "base.produitvendu", "fields": {"produit": 8, "contient": [179, 180], "dishes": [], "made_with": null, "prix": "0", "sauces": [], "date": "2013-12-30T14:20:33.448Z", "sent": false, "cuisson": null}}, {"pk": 179, "model": "base.produitvendu", "fields": {"produit": 4, "contient": [178], "dishes": [], "made_with": null, "prix": "0", "sauces": [], "date": "2013-12-30T14:20:33.462Z", "sent": false, "cuisson": null}}, {"pk": 180, "model": "base.produitvendu", "fields": {"produit": 7, "contient": [178], "dishes": [], "made_with": null, "prix": "0", "sauces": [], "date": "2013-12-30T14:20:33.531Z", "sent": false, "cuisson": null}}, {"pk": 181, "model": "base.produitvendu", "fields": {"produit": 4, "contient": [], "dishes": [], "made_with": 3, "prix": "3.4", "sauces": [], "date": "2013-12-30T14:20:34.388Z", "sent": false, "cuisson": null}}, {"pk": 182, "model": "base.produitvendu", "fields": {"produit": 4, "contient": [], "dishes": [], "made_with": 3, "prix": "3.4", "sauces": [], "date": "2013-12-30T14:20:34.758Z", "sent": false, "cuisson": null}}, {"pk": 183, "model": "base.produitvendu", "fields": {"produit": 4, "contient": [], "dishes": [], "made_with": 3, "prix": "3.4", "sauces": [], "date": "2013-12-30T14:20:34.920Z", "sent": false, "cuisson": null}}, {"pk": 184, "model": "base.produitvendu", "fields": {"produit": 5, "contient": [], "dishes": [], "made_with": 3, "prix": "6.4", "sauces": [], "date": "2013-12-30T14:20:35.191Z", "sent": false, "cuisson": null}}, {"pk": 185, "model": "base.produitvendu", "fields": {"produit": 5, "contient": [], "dishes": [], "made_with": 3, "prix": "6.4", "sauces": [], "date": "2013-12-30T14:20:35.432Z", "sent": false, "cuisson": null}}, {"pk": 186, "model": "base.produitvendu", "fields": {"produit": 5, "contient": [], "dishes": [], "made_with": 3, "prix": "6.4", "sauces": [], "date": "2013-12-30T14:20:35.642Z", "sent": false, "cuisson": null}}, {"pk": 187, "model": "base.produitvendu", "fields": {"produit": 6, "contient": [], "dishes": [], "made_with": 4, "prix": "8.4", "sauces": [], "date": "2013-12-30T14:20:35.966Z", "sent": false, "cuisson": null}}, {"pk": 188, "model": "base.produitvendu", "fields": {"produit": 6, "contient": [], "dishes": [], "made_with": 4, "prix": "8.4", "sauces": [], "date": "2013-12-30T14:20:36.237Z", "sent": false, "cuisson": null}}, {"pk": 189, "model": "base.produitvendu", "fields": {"produit": 6, "contient": [], "dishes": [], "made_with": 4, "prix": "8.4", "sauces": [], "date": "2013-12-30T14:20:36.509Z", "sent": false, "cuisson": null}}, {"pk": 190, "model": "base.produitvendu", "fields": {"produit": 7, "contient": [], "dishes": [], "made_with": 4, "prix": "9.4", "sauces": [], "date": "2013-12-30T14:20:36.859Z", "sent": false, "cuisson": null}}, {"pk": 191, "model": "base.produitvendu", "fields": {"produit": 7, "contient": [], "dishes": [], "made_with": 4, "prix": "9.4", "sauces": [], "date": "2013-12-30T14:20:37.170Z", "sent": false, "cuisson": null}}, {"pk": 192, "model": "base.produitvendu", "fields": {"produit": 7, "contient": [], "dishes": [], "made_with": 4, "prix": "9.4", "sauces": [], "date": "2013-12-30T14:20:37.503Z", "sent": false, "cuisson": null}}, {"pk": 193, "model": "base.produitvendu", "fields": {"produit": 3, "contient": [], "dishes": [], "made_with": 2, "prix": "2.8", "sauces": [], "date": "2013-12-30T14:20:37.872Z", "sent": false, "cuisson": null}}, {"pk": 194, "model": "base.produitvendu", "fields": {"produit": 3, "contient": [], "dishes": [], "made_with": 2, "prix": "2.8", "sauces": [], "date": "2013-12-30T14:20:38.281Z", "sent": false, "cuisson": null}}, {"pk": 195, "model": "base.produitvendu", "fields": {"produit": 3, "contient": [], "dishes": [], "made_with": 2, "prix": "2.8", "sauces": [], "date": "2013-12-30T14:20:38.657Z", "sent": false, "cuisson": null}}, {"pk": 196, "model": "base.produitvendu", "fields": {"produit": 8, "contient": [197, 198], "dishes": [], "made_with": null, "prix": "0", "sauces": [], "date": "2013-12-30T14:20:39.052Z", "sent": false, "cuisson": null}}, {"pk": 197, "model": "base.produitvendu", "fields": {"produit": 4, "contient": [196], "dishes": [], "made_with": null, "prix": "0", "sauces": [], "date": "2013-12-30T14:20:39.072Z", "sent": false, "cuisson": null}}, {"pk": 198, "model": "base.produitvendu", "fields": {"produit": 7, "contient": [196], "dishes": [], "made_with": null, "prix": "0", "sauces": [], "date": "2013-12-30T14:20:39.154Z", "sent": false, "cuisson": null}}, {"pk": 199, "model": "base.produitvendu", "fields": {"produit": 4, "contient": [], "dishes": [], "made_with": 3, "prix": "3.4", "sauces": [], "date": "2013-12-30T14:20:39.284Z", "sent": true, "cuisson": null}}, {"pk": 200, "model": "base.produitvendu", "fields": {"produit": 4, "contient": [], "dishes": [], "made_with": 3, "prix": "3.4", "sauces": [], "date": "2013-12-30T14:20:39.589Z", "sent": true, "cuisson": null}}, {"pk": 201, "model": "base.produitvendu", "fields": {"produit": 4, "contient": [], "dishes": [], "made_with": 3, "prix": "3.4", "sauces": [], "date": "2013-12-30T14:20:39.840Z", "sent": true, "cuisson": null}}, {"pk": 202, "model": "base.produitvendu", "fields": {"produit": 5, "contient": [], "dishes": [], "made_with": 3, "prix": "6.4", "sauces": [], "date": "2013-12-30T14:20:40.043Z", "sent": true, "cuisson": null}}, {"pk": 203, "model": "base.produitvendu", "fields": {"produit": 5, "contient": [], "dishes": [], "made_with": 3, "prix": "6.4", "sauces": [], "date": "2013-12-30T14:20:40.282Z", "sent": true, "cuisson": null}}, {"pk": 204, "model": "base.produitvendu", "fields": {"produit": 5, "contient": [], "dishes": [], "made_with": 3, "prix": "6.4", "sauces": [], "date": "2013-12-30T14:20:40.589Z", "sent": true, "cuisson": null}}, {"pk": 205, "model": "base.produitvendu", "fields": {"produit": 6, "contient": [], "dishes": [], "made_with": 4, "prix": "8.4", "sauces": [], "date": "2013-12-30T14:20:40.824Z", "sent": false, "cuisson": null}}, {"pk": 206, "model": "base.produitvendu", "fields": {"produit": 6, "contient": [], "dishes": [], "made_with": 4, "prix": "8.4", "sauces": [], "date": "2013-12-30T14:20:41.133Z", "sent": false, "cuisson": null}}, {"pk": 207, "model": "base.produitvendu", "fields": {"produit": 6, "contient": [], "dishes": [], "made_with": 4, "prix": "8.4", "sauces": [], "date": "2013-12-30T14:20:41.471Z", "sent": false, "cuisson": null}}, {"pk": 208, "model": "base.produitvendu", "fields": {"produit": 7, "contient": [], "dishes": [], "made_with": 4, "prix": "9.4", "sauces": [], "date": "2013-12-30T14:20:41.728Z", "sent": false, "cuisson": null}}, {"pk": 209, "model": "base.produitvendu", "fields": {"produit": 7, "contient": [], "dishes": [], "made_with": 4, "prix": "9.4", "sauces": [], "date": "2013-12-30T14:20:42.084Z", "sent": false, "cuisson": null}}, {"pk": 210, "model": "base.produitvendu", "fields": {"produit": 7, "contient": [], "dishes": [], "made_with": 4, "prix": "9.4", "sauces": [], "date": "2013-12-30T14:20:42.442Z", "sent": false, "cuisson": null}}, {"pk": 211, "model": "base.produitvendu", "fields": {"produit": 3, "contient": [], "dishes": [], "made_with": 2, "prix": "2.8", "sauces": [], "date": "2013-12-30T14:20:42.739Z", "sent": false, "cuisson": null}}, {"pk": 212, "model": "base.produitvendu", "fields": {"produit": 3, "contient": [], "dishes": [], "made_with": 2, "prix": "2.8", "sauces": [], "date": "2013-12-30T14:20:43.204Z", "sent": false, "cuisson": null}}, {"pk": 213, "model": "base.produitvendu", "fields": {"produit": 3, "contient": [], "dishes": [], "made_with": 2, "prix": "2.8", "sauces": [], "date": "2013-12-30T14:20:43.562Z", "sent": false, "cuisson": null}}, {"pk": 214, "model": "base.produitvendu", "fields": {"produit": 8, "contient": [215, 216], "dishes": [], "made_with": null, "prix": "0", "sauces": [], "date": "2013-12-30T14:20:43.944Z", "sent": false, "cuisson": null}}, {"pk": 215, "model": "base.produitvendu", "fields": {"produit": 4, "contient": [214], "dishes": [], "made_with": null, "prix": "0", "sauces": [], "date": "2013-12-30T14:20:43.974Z", "sent": false, "cuisson": null}}, {"pk": 216, "model": "base.produitvendu", "fields": {"produit": 7, "contient": [214], "dishes": [], "made_with": null, "prix": "0", "sauces": [], "date": "2013-12-30T14:20:44.065Z", "sent": false, "cuisson": null}}, {"pk": 217, "model": "base.produitvendu", "fields": {"produit": 4, "contient": [], "dishes": [], "made_with": 3, "prix": "3.4", "sauces": [], "date": "2013-12-30T14:20:44.911Z", "sent": false, "cuisson": null}}, {"pk": 218, "model": "base.produitvendu", "fields": {"produit": 4, "contient": [], "dishes": [], "made_with": 3, "prix": "3.4", "sauces": [], "date": "2013-12-30T14:20:45.170Z", "sent": false, "cuisson": null}}, {"pk": 219, "model": "base.produitvendu", "fields": {"produit": 4, "contient": [], "dishes": [], "made_with": 3, "prix": "3.4", "sauces": [], "date": "2013-12-30T14:20:45.384Z", "sent": false, "cuisson": null}}, {"pk": 220, "model": "base.produitvendu", "fields": {"produit": 5, "contient": [], "dishes": [], "made_with": 3, "prix": "6.4", "sauces": [], "date": "2013-12-30T14:20:45.609Z", "sent": false, "cuisson": null}}, {"pk": 221, "model": "base.produitvendu", "fields": {"produit": 5, "contient": [], "dishes": [], "made_with": 3, "prix": "6.4", "sauces": [], "date": "2013-12-30T14:20:45.875Z", "sent": false, "cuisson": null}}, {"pk": 222, "model": "base.produitvendu", "fields": {"produit": 5, "contient": [], "dishes": [], "made_with": 3, "prix": "6.4", "sauces": [], "date": "2013-12-30T14:20:46.115Z", "sent": false, "cuisson": null}}, {"pk": 223, "model": "base.produitvendu", "fields": {"produit": 6, "contient": [], "dishes": [], "made_with": 4, "prix": "8.4", "sauces": [], "date": "2013-12-30T14:20:46.379Z", "sent": false, "cuisson": null}}, {"pk": 224, "model": "base.produitvendu", "fields": {"produit": 6, "contient": [], "dishes": [], "made_with": 4, "prix": "8.4", "sauces": [], "date": "2013-12-30T14:20:46.703Z", "sent": false, "cuisson": null}}, {"pk": 225, "model": "base.produitvendu", "fields": {"produit": 6, "contient": [], "dishes": [], "made_with": 4, "prix": "8.4", "sauces": [], "date": "2013-12-30T14:20:46.970Z", "sent": false, "cuisson": null}}, {"pk": 226, "model": "base.produitvendu", "fields": {"produit": 7, "contient": [], "dishes": [], "made_with": 4, "prix": "9.4", "sauces": [], "date": "2013-12-30T14:20:47.292Z", "sent": false, "cuisson": null}}, {"pk": 227, "model": "base.produitvendu", "fields": {"produit": 7, "contient": [], "dishes": [], "made_with": 4, "prix": "9.4", "sauces": [], "date": "2013-12-30T14:20:47.664Z", "sent": false, "cuisson": null}}, {"pk": 228, "model": "base.produitvendu", "fields": {"produit": 7, "contient": [], "dishes": [], "made_with": 4, "prix": "9.4", "sauces": [], "date": "2013-12-30T14:20:47.963Z", "sent": false, "cuisson": null}}, {"pk": 229, "model": "base.produitvendu", "fields": {"produit": 3, "contient": [], "dishes": [], "made_with": 2, "prix": "2.8", "sauces": [], "date": "2013-12-30T14:20:48.336Z", "sent": false, "cuisson": null}}, {"pk": 230, "model": "base.produitvendu", "fields": {"produit": 3, "contient": [], "dishes": [], "made_with": 2, "prix": "2.8", "sauces": [], "date": "2013-12-30T14:20:48.768Z", "sent": false, "cuisson": null}}, {"pk": 231, "model": "base.produitvendu", "fields": {"produit": 3, "contient": [], "dishes": [], "made_with": 2, "prix": "2.8", "sauces": [], "date": "2013-12-30T14:20:49.095Z", "sent": false, "cuisson": null}}, {"pk": 232, "model": "base.produitvendu", "fields": {"produit": 8, "contient": [233, 234], "dishes": [], "made_with": null, "prix": "0", "sauces": [], "date": "2013-12-30T14:20:49.545Z", "sent": false, "cuisson": null}}, {"pk": 233, "model": "base.produitvendu", "fields": {"produit": 4, "contient": [232], "dishes": [], "made_with": null, "prix": "0", "sauces": [], "date": "2013-12-30T14:20:49.571Z", "sent": false, "cuisson": null}}, {"pk": 234, "model": "base.produitvendu", "fields": {"produit": 7, "contient": [232], "dishes": [], "made_with": null, "prix": "0", "sauces": [], "date": "2013-12-30T14:20:49.643Z", "sent": false, "cuisson": null}}, {"pk": 235, "model": "base.produitvendu", "fields": {"produit": 4, "contient": [], "dishes": [], "made_with": 3, "prix": "3.4", "sauces": [], "date": "2013-12-30T14:20:49.769Z", "sent": true, "cuisson": null}}, {"pk": 236, "model": "base.produitvendu", "fields": {"produit": 4, "contient": [], "dishes": [], "made_with": 3, "prix": "3.4", "sauces": [], "date": "2013-12-30T14:20:50.114Z", "sent": true, "cuisson": null}}, {"pk": 237, "model": "base.produitvendu", "fields": {"produit": 4, "contient": [], "dishes": [], "made_with": 3, "prix": "3.4", "sauces": [], "date": "2013-12-30T14:20:50.272Z", "sent": true, "cuisson": null}}, {"pk": 238, "model": "base.produitvendu", "fields": {"produit": 5, "contient": [], "dishes": [], "made_with": 3, "prix": "6.4", "sauces": [], "date": "2013-12-30T14:20:50.479Z", "sent": true, "cuisson": null}}, {"pk": 239, "model": "base.produitvendu", "fields": {"produit": 5, "contient": [], "dishes": [], "made_with": 3, "prix": "6.4", "sauces": [], "date": "2013-12-30T14:20:50.749Z", "sent": true, "cuisson": null}}, {"pk": 240, "model": "base.produitvendu", "fields": {"produit": 5, "contient": [], "dishes": [], "made_with": 3, "prix": "6.4", "sauces": [], "date": "2013-12-30T14:20:50.993Z", "sent": true, "cuisson": null}}, {"pk": 241, "model": "base.produitvendu", "fields": {"produit": 6, "contient": [], "dishes": [], "made_with": 4, "prix": "8.4", "sauces": [], "date": "2013-12-30T14:20:51.261Z", "sent": false, "cuisson": null}}, {"pk": 242, "model": "base.produitvendu", "fields": {"produit": 6, "contient": [], "dishes": [], "made_with": 4, "prix": "8.4", "sauces": [], "date": "2013-12-30T14:20:51.557Z", "sent": false, "cuisson": null}}, {"pk": 243, "model": "base.produitvendu", "fields": {"produit": 6, "contient": [], "dishes": [], "made_with": 4, "prix": "8.4", "sauces": [], "date": "2013-12-30T14:20:51.856Z", "sent": false, "cuisson": null}}, {"pk": 244, "model": "base.produitvendu", "fields": {"produit": 7, "contient": [], "dishes": [], "made_with": 4, "prix": "9.4", "sauces": [], "date": "2013-12-30T14:20:52.177Z", "sent": false, "cuisson": null}}, {"pk": 245, "model": "base.produitvendu", "fields": {"produit": 7, "contient": [], "dishes": [], "made_with": 4, "prix": "9.4", "sauces": [], "date": "2013-12-30T14:20:52.497Z", "sent": false, "cuisson": null}}, {"pk": 246, "model": "base.produitvendu", "fields": {"produit": 7, "contient": [], "dishes": [], "made_with": 4, "prix": "9.4", "sauces": [], "date": "2013-12-30T14:20:52.856Z", "sent": false, "cuisson": null}}, {"pk": 247, "model": "base.produitvendu", "fields": {"produit": 3, "contient": [], "dishes": [], "made_with": 2, "prix": "2.8", "sauces": [], "date": "2013-12-30T14:20:53.231Z", "sent": false, "cuisson": null}}, {"pk": 248, "model": "base.produitvendu", "fields": {"produit": 3, "contient": [], "dishes": [], "made_with": 2, "prix": "2.8", "sauces": [], "date": "2013-12-30T14:20:53.639Z", "sent": false, "cuisson": null}}, {"pk": 249, "model": "base.produitvendu", "fields": {"produit": 3, "contient": [], "dishes": [], "made_with": 2, "prix": "2.8", "sauces": [], "date": "2013-12-30T14:20:54.060Z", "sent": false, "cuisson": null}}, {"pk": 250, "model": "base.produitvendu", "fields": {"produit": 8, "contient": [251, 252], "dishes": [], "made_with": null, "prix": "0", "sauces": [], "date": "2013-12-30T14:20:54.433Z", "sent": false, "cuisson": null}}, {"pk": 251, "model": "base.produitvendu", "fields": {"produit": 4, "contient": [250], "dishes": [], "made_with": null, "prix": "0", "sauces": [], "date": "2013-12-30T14:20:54.446Z", "sent": false, "cuisson": null}}, {"pk": 252, "model": "base.produitvendu", "fields": {"produit": 7, "contient": [250], "dishes": [], "made_with": null, "prix": "0", "sauces": [], "date": "2013-12-30T14:20:54.518Z", "sent": false, "cuisson": null}}, {"pk": 253, "model": "base.produitvendu", "fields": {"produit": 4, "contient": [], "dishes": [], "made_with": 3, "prix": "3.4", "sauces": [], "date": "2013-12-30T14:20:55.369Z", "sent": false, "cuisson": null}}, {"pk": 254, "model": "base.produitvendu", "fields": {"produit": 4, "contient": [], "dishes": [], "made_with": 3, "prix": "3.4", "sauces": [], "date": "2013-12-30T14:20:55.731Z", "sent": false, "cuisson": null}}, {"pk": 255, "model": "base.produitvendu", "fields": {"produit": 4, "contient": [], "dishes": [], "made_with": 3, "prix": "3.4", "sauces": [], "date": "2013-12-30T14:20:55.901Z", "sent": false, "cuisson": null}}, {"pk": 256, "model": "base.produitvendu", "fields": {"produit": 5, "contient": [], "dishes": [], "made_with": 3, "prix": "6.4", "sauces": [], "date": "2013-12-30T14:20:56.189Z", "sent": false, "cuisson": null}}, {"pk": 257, "model": "base.produitvendu", "fields": {"produit": 5, "contient": [], "dishes": [], "made_with": 3, "prix": "6.4", "sauces": [], "date": "2013-12-30T14:20:56.409Z", "sent": false, "cuisson": null}}, {"pk": 258, "model": "base.produitvendu", "fields": {"produit": 5, "contient": [], "dishes": [], "made_with": 3, "prix": "6.4", "sauces": [], "date": "2013-12-30T14:20:56.632Z", "sent": false, "cuisson": null}}, {"pk": 259, "model": "base.produitvendu", "fields": {"produit": 6, "contient": [], "dishes": [], "made_with": 4, "prix": "8.4", "sauces": [], "date": "2013-12-30T14:20:56.952Z", "sent": false, "cuisson": null}}, {"pk": 260, "model": "base.produitvendu", "fields": {"produit": 6, "contient": [], "dishes": [], "made_with": 4, "prix": "8.4", "sauces": [], "date": "2013-12-30T14:20:57.214Z", "sent": false, "cuisson": null}}, {"pk": 261, "model": "base.produitvendu", "fields": {"produit": 6, "contient": [], "dishes": [], "made_with": 4, "prix": "8.4", "sauces": [], "date": "2013-12-30T14:20:57.508Z", "sent": false, "cuisson": null}}, {"pk": 262, "model": "base.produitvendu", "fields": {"produit": 7, "contient": [], "dishes": [], "made_with": 4, "prix": "9.4", "sauces": [], "date": "2013-12-30T14:20:57.842Z", "sent": false, "cuisson": null}}, {"pk": 263, "model": "base.produitvendu", "fields": {"produit": 7, "contient": [], "dishes": [], "made_with": 4, "prix": "9.4", "sauces": [], "date": "2013-12-30T14:20:58.148Z", "sent": false, "cuisson": null}}, {"pk": 264, "model": "base.produitvendu", "fields": {"produit": 7, "contient": [], "dishes": [], "made_with": 4, "prix": "9.4", "sauces": [], "date": "2013-12-30T14:20:58.498Z", "sent": false, "cuisson": null}}, {"pk": 265, "model": "base.produitvendu", "fields": {"produit": 3, "contient": [], "dishes": [], "made_with": 2, "prix": "2.8", "sauces": [], "date": "2013-12-30T14:20:58.852Z", "sent": false, "cuisson": null}}, {"pk": 266, "model": "base.produitvendu", "fields": {"produit": 3, "contient": [], "dishes": [], "made_with": 2, "prix": "2.8", "sauces": [], "date": "2013-12-30T14:20:59.269Z", "sent": false, "cuisson": null}}, {"pk": 267, "model": "base.produitvendu", "fields": {"produit": 3, "contient": [], "dishes": [], "made_with": 2, "prix": "2.8", "sauces": [], "date": "2013-12-30T14:20:59.625Z", "sent": false, "cuisson": null}}, {"pk": 268, "model": "base.produitvendu", "fields": {"produit": 8, "contient": [269, 270], "dishes": [], "made_with": null, "prix": "0", "sauces": [], "date": "2013-12-30T14:21:00.018Z", "sent": false, "cuisson": null}}, {"pk": 269, "model": "base.produitvendu", "fields": {"produit": 4, "contient": [268], "dishes": [], "made_with": null, "prix": "0", "sauces": [], "date": "2013-12-30T14:21:00.047Z", "sent": false, "cuisson": null}}, {"pk": 270, "model": "base.produitvendu", "fields": {"produit": 7, "contient": [268], "dishes": [], "made_with": null, "prix": "0", "sauces": [], "date": "2013-12-30T14:21:00.140Z", "sent": false, "cuisson": null}}, {"pk": 1, "model": "base.follow", "fields": {"category": 3, "date": "2013-12-30T14:19:51.144Z", "produits": [22, 23, 24, 19, 20, 21]}}, {"pk": 2, "model": "base.follow", "fields": {"category": 3, "date": "2013-12-30T14:20:01.569Z", "produits": [58, 59, 60, 55, 56, 57]}}, {"pk": 3, "model": "base.follow", "fields": {"category": 3, "date": "2013-12-30T14:20:12.139Z", "produits": [94, 95, 96, 91, 92, 93]}}, {"pk": 4, "model": "base.follow", "fields": {"category": 3, "date": "2013-12-30T14:20:23.062Z", "produits": [130, 131, 132, 127, 128, 129]}}, {"pk": 5, "model": "base.follow", "fields": {"category": 3, "date": "2013-12-30T14:20:33.631Z", "produits": [166, 167, 168, 163, 164, 165]}}, {"pk": 6, "model": "base.follow", "fields": {"category": 3, "date": "2013-12-30T14:20:44.163Z", "produits": [202, 203, 204, 199, 200, 201]}}, {"pk": 7, "model": "base.follow", "fields": {"category": 3, "date": "2013-12-30T14:20:54.645Z", "produits": [238, 239, 240, 235, 236, 237]}}, {"pk": 1, "model": "base.paiementtype", "fields": {"nom": "AMEX", "fixed_value": false}}, {"pk": 2, "model": "base.paiementtype", "fields": {"nom": "ANCV", "fixed_value": true}}, {"pk": 3, "model": "base.paiementtype", "fields": {"nom": "CB", "fixed_value": false}}, {"pk": 4, "model": "base.paiementtype", "fields": {"nom": "Cheque", "fixed_value": false}}, {"pk": 5, "model": "base.paiementtype", "fields": {"nom": "Espece", "fixed_value": false}}, {"pk": 6, "model": "base.paiementtype", "fields": {"nom": "Tic. Resto.", "fixed_value": true}}, {"pk": 1, "model": "base.paiement", "fields": {"date": "2013-12-30T14:21:00.239Z", "nb_tickets": 0, "valeur_unitaire": "1", "type": 3, "montant": "91.2"}}, {"pk": 1, "model": "base.facture", "fields": {"onsite": true, "vats": [1, 2], "paiements": [], "total_ttc": "91.2", "category_to_follow": 3, "produits": [13, 14, 15, 4, 5, 6, 1, 2, 3, 7, 8, 9, 10, 11, 12], "following": [], "couverts": 6, "restant_a_payer": "91.2", "table": 16, "saved_in_stats": false, "date_creation": "2013-12-30T14:19:41.384Z", "surcharge": true}}, {"pk": 2, "model": "base.facture", "fields": {"onsite": true, "vats": [3, 4], "paiements": [], "total_ttc": "91.2", "category_to_follow": 4, "produits": [31, 32, 33, 22, 23, 24, 19, 20, 21, 25, 26, 27, 28, 29, 30], "following": [1], "couverts": 2, "restant_a_payer": "91.2", "table": 15, "saved_in_stats": false, "date_creation": "2013-12-30T14:19:46.455Z", "surcharge": false}}, {"pk": 3, "model": "base.facture", "fields": {"onsite": true, "vats": [5, 6], "paiements": [], "total_ttc": "91.2", "category_to_follow": 3, "produits": [49, 50, 51, 40, 41, 42, 37, 38, 39, 43, 44, 45, 46, 47, 48], "following": [], "couverts": 12, "restant_a_payer": "91.2", "table": 24, "saved_in_stats": false, "date_creation": "2013-12-30T14:19:51.892Z", "surcharge": true}}, {"pk": 4, "model": "base.facture", "fields": {"onsite": true, "vats": [7, 8], "paiements": [], "total_ttc": "91.2", "category_to_follow": 4, "produits": [67, 68, 69, 58, 59, 60, 55, 56, 57, 61, 62, 63, 64, 65, 66], "following": [2], "couverts": 12, "restant_a_payer": "91.2", "table": 14, "saved_in_stats": false, "date_creation": "2013-12-30T14:19:56.788Z", "surcharge": false}}, {"pk": 5, "model": "base.facture", "fields": {"onsite": true, "vats": [9, 10], "paiements": [], "total_ttc": "91.2", "category_to_follow": 3, "produits": [85, 86, 87, 76, 77, 78, 73, 74, 75, 79, 80, 81, 82, 83, 84], "following": [], "couverts": 7, "restant_a_payer": "91.2", "table": 19, "saved_in_stats": false, "date_creation": "2013-12-30T14:20:02.348Z", "surcharge": true}}, {"pk": 6, "model": "base.facture", "fields": {"onsite": true, "vats": [11, 12], "paiements": [], "total_ttc": "91.2", "category_to_follow": 4, "produits": [103, 104, 105, 94, 95, 96, 91, 92, 93, 97, 98, 99, 100, 101, 102], "following": [3], "couverts": 8, "restant_a_payer": "91.2", "table": 18, "saved_in_stats": false, "date_creation": "2013-12-30T14:20:07.269Z", "surcharge": true}}, {"pk": 7, "model": "base.facture", "fields": {"onsite": true, "vats": [13, 14], "paiements": [], "total_ttc": "91.2", "category_to_follow": 3, "produits": [121, 122, 123, 112, 113, 114, 109, 110, 111, 115, 116, 117, 118, 119, 120], "following": [], "couverts": 4, "restant_a_payer": "91.2", "table": 18, "saved_in_stats": false, "date_creation": "2013-12-30T14:20:12.973Z", "surcharge": true}}, {"pk": 8, "model": "base.facture", "fields": {"onsite": true, "vats": [15, 16], "paiements": [], "total_ttc": "91.2", "category_to_follow": 4, "produits": [139, 140, 141, 130, 131, 132, 127, 128, 129, 133, 134, 135, 136, 137, 138], "following": [4], "couverts": 2, "restant_a_payer": "91.2", "table": 19, "saved_in_stats": false, "date_creation": "2013-12-30T14:20:18.229Z", "surcharge": true}}, {"pk": 9, "model": "base.facture", "fields": {"onsite": true, "vats": [17, 18], "paiements": [], "total_ttc": "91.2", "category_to_follow": 3, "produits": [157, 158, 159, 148, 149, 150, 145, 146, 147, 151, 152, 153, 154, 155, 156], "following": [], "couverts": 15, "restant_a_payer": "91.2", "table": 17, "saved_in_stats": false, "date_creation": "2013-12-30T14:20:23.807Z", "surcharge": true}}, {"pk": 10, "model": "base.facture", "fields": {"onsite": true, "vats": [19, 20], "paiements": [], "total_ttc": "91.2", "category_to_follow": 4, "produits": [175, 176, 177, 166, 167, 168, 163, 164, 165, 169, 170, 171, 172, 173, 174], "following": [5], "couverts": 13, "restant_a_payer": "91.2", "table": 22, "saved_in_stats": false, "date_creation": "2013-12-30T14:20:28.735Z", "surcharge": true}}, {"pk": 11, "model": "base.facture", "fields": {"onsite": true, "vats": [21, 22], "paiements": [], "total_ttc": "91.2", "category_to_follow": 3, "produits": [193, 194, 195, 184, 185, 186, 181, 182, 183, 187, 188, 189, 190, 191, 192], "following": [], "couverts": 7, "restant_a_payer": "91.2", "table": 18, "saved_in_stats": false, "date_creation": "2013-12-30T14:20:34.415Z", "surcharge": true}}, {"pk": 12, "model": "base.facture", "fields": {"onsite": true, "vats": [23, 24], "paiements": [], "total_ttc": "91.2", "category_to_follow": 4, "produits": [211, 212, 213, 202, 203, 204, 199, 200, 201, 205, 206, 207, 208, 209, 210], "following": [6], "couverts": 13, "restant_a_payer": "91.2", "table": 16, "saved_in_stats": false, "date_creation": "2013-12-30T14:20:39.306Z", "surcharge": true}}, {"pk": 13, "model": "base.facture", "fields": {"onsite": true, "vats": [25, 26], "paiements": [], "total_ttc": "91.2", "category_to_follow": 3, "produits": [229, 230, 231, 220, 221, 222, 217, 218, 219, 223, 224, 225, 226, 227, 228], "following": [], "couverts": 15, "restant_a_payer": "91.2", "table": 15, "saved_in_stats": false, "date_creation": "2013-12-30T14:20:44.936Z", "surcharge": false}}, {"pk": 14, "model": "base.facture", "fields": {"onsite": true, "vats": [27, 28], "paiements": [], "total_ttc": "91.2", "category_to_follow": 4, "produits": [247, 248, 249, 238, 239, 240, 235, 236, 237, 241, 242, 243, 244, 245, 246], "following": [7], "couverts": 5, "restant_a_payer": "91.2", "table": 24, "saved_in_stats": false, "date_creation": "2013-12-30T14:20:49.793Z", "surcharge": true}}, {"pk": 15, "model": "base.facture", "fields": {"onsite": true, "vats": [29, 30], "paiements": [1], "total_ttc": "91.2", "category_to_follow": 3, "produits": [265, 266, 267, 256, 257, 258, 253, 254, 255, 259, 260, 261, 262, 263, 264], "following": [], "couverts": 13, "restant_a_payer": "0", "table": 25, "saved_in_stats": false, "date_creation": "2013-12-30T14:20:55.402Z", "surcharge": true}}, {"pk": 1, "model": "base.monthlystat", "fields": {"month": 1, "value": "100", "key": "total_ttc", "year": 2013}}, {"pk": 2, "model": "base.monthlystat", "fields": {"month": 1, "value": "40", "key": "bar_total_ttc", "year": 2013}}, {"pk": 3, "model": "base.monthlystat", "fields": {"month": 1, "value": "60", "key": "guests_total_ttc", "year": 2013}}, {"pk": 4, "model": "base.monthlystat", "fields": {"month": 1, "value": "192", "key": "nb_bills", "year": 2013}}, {"pk": 5, "model": "base.monthlystat", "fields": {"month": 1, "value": "466", "key": "guests_nb", "year": 2013}}, {"pk": 6, "model": "base.monthlystat", "fields": {"month": 1, "value": "377", "key": "guests_average", "year": 2013}}, {"pk": 7, "model": "base.monthlystat", "fields": {"month": 1, "value": "53", "key": "bar_nb", "year": 2013}}, {"pk": 8, "model": "base.monthlystat", "fields": {"month": 1, "value": "107", "key": "bar_average", "year": 2013}}, {"pk": 9, "model": "base.monthlystat", "fields": {"month": 2, "value": "200", "key": "total_ttc", "year": 2013}}, {"pk": 10, "model": "base.monthlystat", "fields": {"month": 2, "value": "80", "key": "bar_total_ttc", "year": 2013}}, {"pk": 11, "model": "base.monthlystat", "fields": {"month": 2, "value": "120", "key": "guests_total_ttc", "year": 2013}}, {"pk": 12, "model": "base.monthlystat", "fields": {"month": 2, "value": "464", "key": "nb_bills", "year": 2013}}, {"pk": 13, "model": "base.monthlystat", "fields": {"month": 2, "value": "143", "key": "guests_nb", "year": 2013}}, {"pk": 14, "model": "base.monthlystat", "fields": {"month": 2, "value": "320", "key": "guests_average", "year": 2013}}, {"pk": 15, "model": "base.monthlystat", "fields": {"month": 2, "value": "322", "key": "bar_nb", "year": 2013}}, {"pk": 16, "model": "base.monthlystat", "fields": {"month": 2, "value": "77", "key": "bar_average", "year": 2013}}, {"pk": 17, "model": "base.monthlystat", "fields": {"month": 3, "value": "300", "key": "total_ttc", "year": 2013}}, {"pk": 18, "model": "base.monthlystat", "fields": {"month": 3, "value": "120", "key": "bar_total_ttc", "year": 2013}}, {"pk": 19, "model": "base.monthlystat", "fields": {"month": 3, "value": "180", "key": "guests_total_ttc", "year": 2013}}, {"pk": 20, "model": "base.monthlystat", "fields": {"month": 3, "value": "379", "key": "nb_bills", "year": 2013}}, {"pk": 21, "model": "base.monthlystat", "fields": {"month": 3, "value": "71", "key": "guests_nb", "year": 2013}}, {"pk": 22, "model": "base.monthlystat", "fields": {"month": 3, "value": "466", "key": "guests_average", "year": 2013}}, {"pk": 23, "model": "base.monthlystat", "fields": {"month": 3, "value": "370", "key": "bar_nb", "year": 2013}}, {"pk": 24, "model": "base.monthlystat", "fields": {"month": 3, "value": "185", "key": "bar_average", "year": 2013}}, {"pk": 25, "model": "base.monthlystat", "fields": {"month": 4, "value": "400", "key": "total_ttc", "year": 2013}}, {"pk": 26, "model": "base.monthlystat", "fields": {"month": 4, "value": "160", "key": "bar_total_ttc", "year": 2013}}, {"pk": 27, "model": "base.monthlystat", "fields": {"month": 4, "value": "240", "key": "guests_total_ttc", "year": 2013}}, {"pk": 28, "model": "base.monthlystat", "fields": {"month": 4, "value": "460", "key": "nb_bills", "year": 2013}}, {"pk": 29, "model": "base.monthlystat", "fields": {"month": 4, "value": "126", "key": "guests_nb", "year": 2013}}, {"pk": 30, "model": "base.monthlystat", "fields": {"month": 4, "value": "185", "key": "guests_average", "year": 2013}}, {"pk": 31, "model": "base.monthlystat", "fields": {"month": 4, "value": "371", "key": "bar_nb", "year": 2013}}, {"pk": 32, "model": "base.monthlystat", "fields": {"month": 4, "value": "95", "key": "bar_average", "year": 2013}}, {"pk": 33, "model": "base.monthlystat", "fields": {"month": 5, "value": "500", "key": "total_ttc", "year": 2013}}, {"pk": 34, "model": "base.monthlystat", "fields": {"month": 5, "value": "200", "key": "bar_total_ttc", "year": 2013}}, {"pk": 35, "model": "base.monthlystat", "fields": {"month": 5, "value": "300", "key": "guests_total_ttc", "year": 2013}}, {"pk": 36, "model": "base.monthlystat", "fields": {"month": 5, "value": "172", "key": "nb_bills", "year": 2013}}, {"pk": 37, "model": "base.monthlystat", "fields": {"month": 5, "value": "434", "key": "guests_nb", "year": 2013}}, {"pk": 38, "model": "base.monthlystat", "fields": {"month": 5, "value": "98", "key": "guests_average", "year": 2013}}, {"pk": 39, "model": "base.monthlystat", "fields": {"month": 5, "value": "234", "key": "bar_nb", "year": 2013}}, {"pk": 40, "model": "base.monthlystat", "fields": {"month": 5, "value": "310", "key": "bar_average", "year": 2013}}, {"pk": 41, "model": "base.monthlystat", "fields": {"month": 6, "value": "600", "key": "total_ttc", "year": 2013}}, {"pk": 42, "model": "base.monthlystat", "fields": {"month": 6, "value": "240", "key": "bar_total_ttc", "year": 2013}}, {"pk": 43, "model": "base.monthlystat", "fields": {"month": 6, "value": "360", "key": "guests_total_ttc", "year": 2013}}, {"pk": 44, "model": "base.monthlystat", "fields": {"month": 6, "value": "275", "key": "nb_bills", "year": 2013}}, {"pk": 45, "model": "base.monthlystat", "fields": {"month": 6, "value": "482", "key": "guests_nb", "year": 2013}}, {"pk": 46, "model": "base.monthlystat", "fields": {"month": 6, "value": "455", "key": "guests_average", "year": 2013}}, {"pk": 47, "model": "base.monthlystat", "fields": {"month": 6, "value": "91", "key": "bar_nb", "year": 2013}}, {"pk": 48, "model": "base.monthlystat", "fields": {"month": 6, "value": "254", "key": "bar_average", "year": 2013}}, {"pk": 49, "model": "base.monthlystat", "fields": {"month": 7, "value": "700", "key": "total_ttc", "year": 2013}}, {"pk": 50, "model": "base.monthlystat", "fields": {"month": 7, "value": "280", "key": "bar_total_ttc", "year": 2013}}, {"pk": 51, "model": "base.monthlystat", "fields": {"month": 7, "value": "420", "key": "guests_total_ttc", "year": 2013}}, {"pk": 52, "model": "base.monthlystat", "fields": {"month": 7, "value": "74", "key": "nb_bills", "year": 2013}}, {"pk": 53, "model": "base.monthlystat", "fields": {"month": 7, "value": "256", "key": "guests_nb", "year": 2013}}, {"pk": 54, "model": "base.monthlystat", "fields": {"month": 7, "value": "353", "key": "guests_average", "year": 2013}}, {"pk": 55, "model": "base.monthlystat", "fields": {"month": 7, "value": "240", "key": "bar_nb", "year": 2013}}, {"pk": 56, "model": "base.monthlystat", "fields": {"month": 7, "value": "307", "key": "bar_average", "year": 2013}}, {"pk": 57, "model": "base.monthlystat", "fields": {"month": 8, "value": "800", "key": "total_ttc", "year": 2013}}, {"pk": 58, "model": "base.monthlystat", "fields": {"month": 8, "value": "320", "key": "bar_total_ttc", "year": 2013}}, {"pk": 59, "model": "base.monthlystat", "fields": {"month": 8, "value": "480", "key": "guests_total_ttc", "year": 2013}}, {"pk": 60, "model": "base.monthlystat", "fields": {"month": 8, "value": "218", "key": "nb_bills", "year": 2013}}, {"pk": 61, "model": "base.monthlystat", "fields": {"month": 8, "value": "164", "key": "guests_nb", "year": 2013}}, {"pk": 62, "model": "base.monthlystat", "fields": {"month": 8, "value": "223", "key": "guests_average", "year": 2013}}, {"pk": 63, "model": "base.monthlystat", "fields": {"month": 8, "value": "359", "key": "bar_nb", "year": 2013}}, {"pk": 64, "model": "base.monthlystat", "fields": {"month": 8, "value": "110", "key": "bar_average", "year": 2013}}, {"pk": 65, "model": "base.monthlystat", "fields": {"month": 9, "value": "900", "key": "total_ttc", "year": 2013}}, {"pk": 66, "model": "base.monthlystat", "fields": {"month": 9, "value": "360", "key": "bar_total_ttc", "year": 2013}}, {"pk": 67, "model": "base.monthlystat", "fields": {"month": 9, "value": "540", "key": "guests_total_ttc", "year": 2013}}, {"pk": 68, "model": "base.monthlystat", "fields": {"month": 9, "value": "272", "key": "nb_bills", "year": 2013}}, {"pk": 69, "model": "base.monthlystat", "fields": {"month": 9, "value": "368", "key": "guests_nb", "year": 2013}}, {"pk": 70, "model": "base.monthlystat", "fields": {"month": 9, "value": "166", "key": "guests_average", "year": 2013}}, {"pk": 71, "model": "base.monthlystat", "fields": {"month": 9, "value": "462", "key": "bar_nb", "year": 2013}}, {"pk": 72, "model": "base.monthlystat", "fields": {"month": 9, "value": "215", "key": "bar_average", "year": 2013}}, {"pk": 73, "model": "base.monthlystat", "fields": {"month": 10, "value": "1000", "key": "total_ttc", "year": 2013}}, {"pk": 74, "model": "base.monthlystat", "fields": {"month": 10, "value": "400", "key": "bar_total_ttc", "year": 2013}}, {"pk": 75, "model": "base.monthlystat", "fields": {"month": 10, "value": "600", "key": "guests_total_ttc", "year": 2013}}, {"pk": 76, "model": "base.monthlystat", "fields": {"month": 10, "value": "493", "key": "nb_bills", "year": 2013}}, {"pk": 77, "model": "base.monthlystat", "fields": {"month": 10, "value": "162", "key": "guests_nb", "year": 2013}}, {"pk": 78, "model": "base.monthlystat", "fields": {"month": 10, "value": "88", "key": "guests_average", "year": 2013}}, {"pk": 79, "model": "base.monthlystat", "fields": {"month": 10, "value": "361", "key": "bar_nb", "year": 2013}}, {"pk": 80, "model": "base.monthlystat", "fields": {"month": 10, "value": "136", "key": "bar_average", "year": 2013}}, {"pk": 81, "model": "base.monthlystat", "fields": {"month": 11, "value": "1100", "key": "total_ttc", "year": 2013}}, {"pk": 82, "model": "base.monthlystat", "fields": {"month": 11, "value": "440", "key": "bar_total_ttc", "year": 2013}}, {"pk": 83, "model": "base.monthlystat", "fields": {"month": 11, "value": "660", "key": "guests_total_ttc", "year": 2013}}, {"pk": 84, "model": "base.monthlystat", "fields": {"month": 11, "value": "258", "key": "nb_bills", "year": 2013}}, {"pk": 85, "model": "base.monthlystat", "fields": {"month": 11, "value": "436", "key": "guests_nb", "year": 2013}}, {"pk": 86, "model": "base.monthlystat", "fields": {"month": 11, "value": "113", "key": "guests_average", "year": 2013}}, {"pk": 87, "model": "base.monthlystat", "fields": {"month": 11, "value": "192", "key": "bar_nb", "year": 2013}}, {"pk": 88, "model": "base.monthlystat", "fields": {"month": 11, "value": "273", "key": "bar_average", "year": 2013}}, {"pk": 89, "model": "base.monthlystat", "fields": {"month": 12, "value": "1200", "key": "total_ttc", "year": 2013}}, {"pk": 90, "model": "base.monthlystat", "fields": {"month": 12, "value": "480", "key": "bar_total_ttc", "year": 2013}}, {"pk": 91, "model": "base.monthlystat", "fields": {"month": 12, "value": "720", "key": "guests_total_ttc", "year": 2013}}, {"pk": 92, "model": "base.monthlystat", "fields": {"month": 12, "value": "305", "key": "nb_bills", "year": 2013}}, {"pk": 93, "model": "base.monthlystat", "fields": {"month": 12, "value": "310", "key": "guests_nb", "year": 2013}}, {"pk": 94, "model": "base.monthlystat", "fields": {"month": 12, "value": "274", "key": "guests_average", "year": 2013}}, {"pk": 95, "model": "base.monthlystat", "fields": {"month": 12, "value": "375", "key": "bar_nb", "year": 2013}}, {"pk": 96, "model": "base.monthlystat", "fields": {"month": 12, "value": "309", "key": "bar_average", "year": 2013}}, {"pk": 1, "model": "base.dailystat", "fields": {"date": "2013-10-01", "value": "234", "key": "total_ttc"}}, {"pk": 1, "model": "base.zone", "fields": {"nom": "Bar", "surtaxe": false}}, {"pk": 2, "model": "base.zone", "fields": {"nom": "Rez de chaussee", "surtaxe": false}}, {"pk": 3, "model": "base.zone", "fields": {"nom": "Terrasse", "surtaxe": true}}, {"pk": 1, "model": "base.table", "fields": {"nom": "T--", "zone": 1}}, {"pk": 2, "model": "base.table", "fields": {"nom": "T01", "zone": 2}}, {"pk": 3, "model": "base.table", "fields": {"nom": "T02", "zone": 2}}, {"pk": 4, "model": "base.table", "fields": {"nom": "T03", "zone": 2}}, {"pk": 5, "model": "base.table", "fields": {"nom": "T04", "zone": 2}}, {"pk": 6, "model": "base.table", "fields": {"nom": "T05", "zone": 2}}, {"pk": 7, "model": "base.table", "fields": {"nom": "T06", "zone": 2}}, {"pk": 8, "model": "base.table", "fields": {"nom": "T07", "zone": 2}}, {"pk": 9, "model": "base.table", "fields": {"nom": "T08", "zone": 2}}, {"pk": 10, "model": "base.table", "fields": {"nom": "T09", "zone": 2}}, {"pk": 11, "model": "base.table", "fields": {"nom": "T10", "zone": 2}}, {"pk": 12, "model": "base.table", "fields": {"nom": "T11", "zone": 2}}, {"pk": 13, "model": "base.table", "fields": {"nom": "T12", "zone": 2}}, {"pk": 14, "model": "base.table", "fields": {"nom": "T13", "zone": 2}}, {"pk": 15, "model": "base.table", "fields": {"nom": "T14", "zone": 2}}, {"pk": 16, "model": "base.table", "fields": {"nom": "T15", "zone": 3}}, {"pk": 17, "model": "base.table", "fields": {"nom": "T16", "zone": 3}}, {"pk": 18, "model": "base.table", "fields": {"nom": "T17", "zone": 3}}, {"pk": 19, "model": "base.table", "fields": {"nom": "T18", "zone": 3}}, {"pk": 20, "model": "base.table", "fields": {"nom": "T19", "zone": 3}}, {"pk": 21, "model": "base.table", "fields": {"nom": "T20", "zone": 3}}, {"pk": 22, "model": "base.table", "fields": {"nom": "T21", "zone": 3}}, {"pk": 23, "model": "base.table", "fields": {"nom": "T22", "zone": 3}}, {"pk": 24, "model": "base.table", "fields": {"nom": "T23", "zone": 3}}, {"pk": 25, "model": "base.table", "fields": {"nom": "T24", "zone": 3}}, {"pk": 26, "model": "base.table", "fields": {"nom": "T25", "zone": 3}}, {"pk": 1, "model": "base.vatonbill", "fields": {"total": "5.4", "vat": 2}}, {"pk": 2, "model": "base.vatonbill", "fields": {"total": "1.38", "vat": 1}}, {"pk": 3, "model": "base.vatonbill", "fields": {"total": "5.4", "vat": 2}}, {"pk": 4, "model": "base.vatonbill", "fields": {"total": "1.38", "vat": 1}}, {"pk": 5, "model": "base.vatonbill", "fields": {"total": "5.4", "vat": 2}}, {"pk": 6, "model": "base.vatonbill", "fields": {"total": "1.38", "vat": 1}}, {"pk": 7, "model": "base.vatonbill", "fields": {"total": "5.4", "vat": 2}}, {"pk": 8, "model": "base.vatonbill", "fields": {"total": "1.38", "vat": 1}}, {"pk": 9, "model": "base.vatonbill", "fields": {"total": "5.4", "vat": 2}}, {"pk": 10, "model": "base.vatonbill", "fields": {"total": "1.38", "vat": 1}}, {"pk": 11, "model": "base.vatonbill", "fields": {"total": "5.4", "vat": 2}}, {"pk": 12, "model": "base.vatonbill", "fields": {"total": "1.38", "vat": 1}}, {"pk": 13, "model": "base.vatonbill", "fields": {"total": "5.4", "vat": 2}}, {"pk": 14, "model": "base.vatonbill", "fields": {"total": "1.38", "vat": 1}}, {"pk": 15, "model": "base.vatonbill", "fields": {"total": "5.4", "vat": 2}}, {"pk": 16, "model": "base.vatonbill", "fields": {"total": "1.38", "vat": 1}}, {"pk": 17, "model": "base.vatonbill", "fields": {"total": "5.4", "vat": 2}}, {"pk": 18, "model": "base.vatonbill", "fields": {"total": "1.38", "vat": 1}}, {"pk": 19, "model": "base.vatonbill", "fields": {"total": "5.4", "vat": 2}}, {"pk": 20, "model": "base.vatonbill", "fields": {"total": "1.38", "vat": 1}}, {"pk": 21, "model": "base.vatonbill", "fields": {"total": "5.4", "vat": 2}}, {"pk": 22, "model": "base.vatonbill", "fields": {"total": "1.38", "vat": 1}}, {"pk": 23, "model": "base.vatonbill", "fields": {"total": "5.4", "vat": 2}}, {"pk": 24, "model": "base.vatonbill", "fields": {"total": "1.38", "vat": 1}}, {"pk": 25, "model": "base.vatonbill", "fields": {"total": "5.4", "vat": 2}}, {"pk": 26, "model": "base.vatonbill", "fields": {"total": "1.38", "vat": 1}}, {"pk": 27, "model": "base.vatonbill", "fields": {"total": "5.4", "vat": 2}}, {"pk": 28, "model": "base.vatonbill", "fields": {"total": "1.38", "vat": 1}}, {"pk": 29, "model": "base.vatonbill", "fields": {"total": "5.4", "vat": 2}}, {"pk": 30, "model": "base.vatonbill", "fields": {"total": "1.38", "vat": 1}}]