[
{
  "pk": 1, 
  "model": "base.vat", 
  "fields": {
    "tax": "5.5", 
    "name": "TVA normal", 
    "value": "1.055"
  }
},
{
  "pk": 2, 
  "model": "base.vat", 
  "fields": {
    "tax": "19.6", 
    "name": "TVA alcool", 
    "value": "1.196"
  }
},
{
  "pk": 3, 
  "model": "base.vat", 
  "fields": {
    "tax": "3", 
    "name": "TVA \u00e0 emporter", 
    "value": "1.03"
  }
},
{
  "pk": 1, 
  "model": "base.vatonbill", 
  "fields": {
    "total": "0", 
    "vat": 2
  }
},
{
  "pk": 2, 
  "model": "base.vatonbill", 
  "fields": {
    "total": "0", 
    "vat": 3
  }
},
{
  "pk": 3, 
  "model": "base.vatonbill", 
  "fields": {
    "total": "0.2", 
    "vat": 3
  }
},
{
  "pk": 4, 
  "model": "base.vatonbill", 
  "fields": {
    "total": "1.42", 
    "vat": 1
  }
},
{
  "pk": 5, 
  "model": "base.vatonbill", 
  "fields": {
    "total": "0", 
    "vat": 3
  }
},
{
  "pk": 6, 
  "model": "base.vatonbill", 
  "fields": {
    "total": "1.36", 
    "vat": 1
  }
},
{
  "pk": 7, 
  "model": "base.vatonbill", 
  "fields": {
    "total": "0", 
    "vat": 3
  }
},
{
  "pk": 8, 
  "model": "base.vatonbill", 
  "fields": {
    "total": "3.08", 
    "vat": 1
  }
},
{
  "pk": 1, 
  "model": "base.etat", 
  "fields": {
    "nom": "apero", 
    "priorite": 10
  }
},
{
  "pk": 2, 
  "model": "base.etat", 
  "fields": {
    "nom": "entree", 
    "priorite": 15
  }
},
{
  "pk": 3, 
  "model": "base.etat", 
  "fields": {
    "nom": "plat", 
    "priorite": 20
  }
},
{
  "pk": 4, 
  "model": "base.etat", 
  "fields": {
    "nom": "dessert", 
    "priorite": 25
  }
},
{
  "pk": 5, 
  "model": "base.etat", 
  "fields": {
    "nom": "cafe", 
    "priorite": 30
  }
},
{
  "pk": 6, 
  "model": "base.etat", 
  "fields": {
    "nom": "solde", 
    "priorite": 35
  }
},
{
  "pk": 1, 
  "model": "base.logtype", 
  "fields": {
    "nom": "Possum Facturation System: ready", 
    "description": ""
  }
},
{
  "pk": 2, 
  "model": "base.logtype", 
  "fields": {
    "nom": "Possum Facturation System: shutting down", 
    "description": ""
  }
},
{
  "pk": 3, 
  "model": "base.logtype", 
  "fields": {
    "nom": "Database initialized", 
    "description": ""
  }
},
{
  "pk": 4, 
  "model": "base.logtype", 
  "fields": {
    "nom": "Rapport generated", 
    "description": ""
  }
},
{
  "pk": 5, 
  "model": "base.logtype", 
  "fields": {
    "nom": "Warning", 
    "description": ""
  }
},
{
  "pk": 6, 
  "model": "base.logtype", 
  "fields": {
    "nom": "Critical", 
    "description": ""
  }
},
{
  "pk": 7, 
  "model": "base.logtype", 
  "fields": {
    "nom": "Nouveau Montant", 
    "description": ""
  }
},
{
  "pk": 8, 
  "model": "base.logtype", 
  "fields": {
    "nom": "Version", 
    "description": ""
  }
},
{
  "pk": 9, 
  "model": "base.logtype", 
  "fields": {
    "nom": "nb_couverts", 
    "description": "Nombre de couverts"
  }
},
{
  "pk": 10, 
  "model": "base.logtype", 
  "fields": {
    "nom": "nb_factures", 
    "description": "Nombre de factures"
  }
},
{
  "pk": 11, 
  "model": "base.logtype", 
  "fields": {
    "nom": "nb_bar", 
    "description": "Nombre de factures pour le bar"
  }
},
{
  "pk": 12, 
  "model": "base.logtype", 
  "fields": {
    "nom": "ca_resto", 
    "description": "CA restauration"
  }
},
{
  "pk": 13, 
  "model": "base.logtype", 
  "fields": {
    "nom": "ca_bar", 
    "description": "CA bar"
  }
},
{
  "pk": 14, 
  "model": "base.logtype", 
  "fields": {
    "nom": "montant_alcool", 
    "description": "Montant Alcool"
  }
},
{
  "pk": 15, 
  "model": "base.logtype", 
  "fields": {
    "nom": "maj_stats", 
    "description": "61982"
  }
},
{
  "pk": 16, 
  "model": "base.logtype", 
  "fields": {
    "nom": "montant_normal", 
    "description": "Montant Normal"
  }
},
{
  "pk": 17, 
  "model": "base.logtype", 
  "fields": {
    "nom": "tm_resto", 
    "description": "TM restauration"
  }
},
{
  "pk": 18, 
  "model": "base.logtype", 
  "fields": {
    "nom": "ca", 
    "description": "CA TTC"
  }
},
{
  "pk": 19, 
  "model": "base.logtype", 
  "fields": {
    "nom": "tm_bar", 
    "description": "TM bar"
  }
},
{
  "pk": 20, 
  "model": "base.logtype", 
  "fields": {
    "nom": "tva_alcool", 
    "description": "TVA Alcool"
  }
},
{
  "pk": 21, 
  "model": "base.logtype", 
  "fields": {
    "nom": "tva_normal", 
    "description": "TVA Normal"
  }
},
{
  "pk": 1, 
  "model": "base.couleur", 
  "fields": {
    "blue": 0, 
    "nom": "", 
    "green": 159, 
    "red": 255
  }
},
{
  "pk": 2, 
  "model": "base.couleur", 
  "fields": {
    "blue": 153, 
    "nom": "", 
    "green": 204, 
    "red": 102
  }
},
{
  "pk": 3, 
  "model": "base.couleur", 
  "fields": {
    "blue": 50, 
    "nom": "", 
    "green": 200, 
    "red": 255
  }
},
{
  "pk": 4, 
  "model": "base.couleur", 
  "fields": {
    "blue": 189, 
    "nom": "", 
    "green": 159, 
    "red": 166
  }
},
{
  "pk": 5, 
  "model": "base.couleur", 
  "fields": {
    "blue": 42, 
    "nom": "", 
    "green": 218, 
    "red": 184
  }
},
{
  "pk": 6, 
  "model": "base.couleur", 
  "fields": {
    "blue": 0, 
    "nom": "", 
    "green": 161, 
    "red": 201
  }
},
{
  "pk": 7, 
  "model": "base.couleur", 
  "fields": {
    "blue": 108, 
    "nom": "", 
    "green": 224, 
    "red": 69
  }
},
{
  "pk": 8, 
  "model": "base.couleur", 
  "fields": {
    "blue": 160, 
    "nom": "", 
    "green": 249, 
    "red": 255
  }
},
{
  "pk": 9, 
  "model": "base.couleur", 
  "fields": {
    "blue": 78, 
    "nom": "", 
    "green": 249, 
    "red": 255
  }
},
{
  "pk": 10, 
  "model": "base.couleur", 
  "fields": {
    "blue": 255, 
    "nom": "", 
    "green": 166, 
    "red": 148
  }
},
{
  "pk": 11, 
  "model": "base.couleur", 
  "fields": {
    "blue": 33, 
    "nom": "", 
    "green": 225, 
    "red": 255
  }
},
{
  "pk": 12, 
  "model": "base.couleur", 
  "fields": {
    "blue": 220, 
    "nom": "", 
    "green": 179, 
    "red": 68
  }
},
{
  "pk": 13, 
  "model": "base.couleur", 
  "fields": {
    "blue": 149, 
    "nom": "", 
    "green": 101, 
    "red": 234
  }
},
{
  "pk": 14, 
  "model": "base.couleur", 
  "fields": {
    "blue": 109, 
    "nom": "", 
    "green": 90, 
    "red": 255
  }
},
{
  "pk": 15, 
  "model": "base.couleur", 
  "fields": {
    "blue": 181, 
    "nom": "", 
    "green": 151, 
    "red": 234
  }
},
{
  "pk": 16, 
  "model": "base.couleur", 
  "fields": {
    "blue": 149, 
    "nom": "", 
    "green": 135, 
    "red": 255
  }
},
{
  "pk": 17, 
  "model": "base.couleur", 
  "fields": {
    "blue": 165, 
    "nom": "", 
    "green": 255, 
    "red": 29
  }
},
{
  "pk": 18, 
  "model": "base.couleur", 
  "fields": {
    "blue": 96, 
    "nom": "", 
    "green": 53, 
    "red": 255
  }
},
{
  "pk": 19, 
  "model": "base.couleur", 
  "fields": {
    "blue": 39, 
    "nom": "", 
    "green": 240, 
    "red": 136
  }
},
{
  "pk": 20, 
  "model": "base.couleur", 
  "fields": {
    "blue": 172, 
    "nom": "", 
    "green": 164, 
    "red": 63
  }
},
{
  "pk": 21, 
  "model": "base.couleur", 
  "fields": {
    "blue": 5, 
    "nom": "", 
    "green": 159, 
    "red": 255
  }
},
{
  "pk": 22, 
  "model": "base.couleur", 
  "fields": {
    "blue": 3, 
    "nom": "", 
    "green": 159, 
    "red": 255
  }
},
{
  "pk": 1, 
  "model": "base.cuisson", 
  "fields": {
    "nom_facture": "B", 
    "nom": "bleu", 
    "priorite": 10, 
    "couleur": 1
  }
},
{
  "pk": 2, 
  "model": "base.cuisson", 
  "fields": {
    "nom_facture": "S", 
    "nom": "saignant", 
    "priorite": 15, 
    "couleur": 1
  }
},
{
  "pk": 3, 
  "model": "base.cuisson", 
  "fields": {
    "nom_facture": "BC", 
    "nom": "bien cuit", 
    "priorite": 20, 
    "couleur": 1
  }
},
{
  "pk": 1, 
  "model": "base.sauce", 
  "fields": {
    "couleur": null, 
    "nom": "bearnaise"
  }
},
{
  "pk": 2, 
  "model": "base.sauce", 
  "fields": {
    "couleur": null, 
    "nom": "poivre"
  }
},
{
  "pk": 1, 
  "model": "base.accompagnement", 
  "fields": {
    "couleur": null, 
    "nom": "frites"
  }
},
{
  "pk": 2, 
  "model": "base.accompagnement", 
  "fields": {
    "couleur": null, 
    "nom": "haricots verts"
  }
},
{
  "pk": 3, 
  "model": "base.accompagnement", 
  "fields": {
    "couleur": null, 
    "nom": "gratin dauphinois"
  }
},
{
  "pk": 1, 
  "model": "base.paiementtype", 
  "fields": {
    "nom": "Espece", 
    "fixed_value": false
  }
},
{
  "pk": 2, 
  "model": "base.paiementtype", 
  "fields": {
    "nom": "Cheque", 
    "fixed_value": false
  }
},
{
  "pk": 3, 
  "model": "base.paiementtype", 
  "fields": {
    "nom": "Tic. Resto.", 
    "fixed_value": true
  }
},
{
  "pk": 5, 
  "model": "base.paiementtype", 
  "fields": {
    "nom": "ANCV", 
    "fixed_value": true
  }
},
{
  "pk": 7, 
  "model": "base.paiementtype", 
  "fields": {
    "nom": "AMEX", 
    "fixed_value": false
  }
},
{
  "pk": 8, 
  "model": "base.paiementtype", 
  "fields": {
    "nom": "CB", 
    "fixed_value": false
  }
},
{
  "pk": 1, 
  "model": "base.paiement", 
  "fields": {
    "date": "2013-09-14T15:53:46.031", 
    "nb_tickets": 0, 
    "valeur_unitaire": "1", 
    "type": 8, 
    "montant": "26.38"
  }
},
{
  "pk": 2, 
  "model": "base.zone", 
  "fields": {
    "nom": "Terrasse", 
    "prix_surtaxe": "0.2", 
    "surtaxe": true
  }
},
{
  "pk": 3, 
  "model": "base.zone", 
  "fields": {
    "nom": "Rez de chaussee", 
    "prix_surtaxe": "0.2", 
    "surtaxe": false
  }
},
{
  "pk": 6, 
  "model": "base.zone", 
  "fields": {
    "nom": "Bar", 
    "prix_surtaxe": "0.2", 
    "surtaxe": false
  }
},
{
  "pk": 2, 
  "model": "base.table", 
  "fields": {
    "nom": "T01", 
    "zone": 2
  }
},
{
  "pk": 3, 
  "model": "base.table", 
  "fields": {
    "nom": "T02", 
    "zone": 2
  }
},
{
  "pk": 4, 
  "model": "base.table", 
  "fields": {
    "nom": "T03", 
    "zone": 2
  }
},
{
  "pk": 5, 
  "model": "base.table", 
  "fields": {
    "nom": "T04", 
    "zone": 2
  }
},
{
  "pk": 6, 
  "model": "base.table", 
  "fields": {
    "nom": "T05", 
    "zone": 2
  }
},
{
  "pk": 7, 
  "model": "base.table", 
  "fields": {
    "nom": "T06", 
    "zone": 2
  }
},
{
  "pk": 8, 
  "model": "base.table", 
  "fields": {
    "nom": "T07", 
    "zone": 2
  }
},
{
  "pk": 9, 
  "model": "base.table", 
  "fields": {
    "nom": "T08", 
    "zone": 2
  }
},
{
  "pk": 10, 
  "model": "base.table", 
  "fields": {
    "nom": "T09", 
    "zone": 2
  }
},
{
  "pk": 11, 
  "model": "base.table", 
  "fields": {
    "nom": "T10", 
    "zone": 2
  }
},
{
  "pk": 12, 
  "model": "base.table", 
  "fields": {
    "nom": "T11", 
    "zone": 2
  }
},
{
  "pk": 13, 
  "model": "base.table", 
  "fields": {
    "nom": "T12", 
    "zone": 2
  }
},
{
  "pk": 14, 
  "model": "base.table", 
  "fields": {
    "nom": "T20", 
    "zone": 3
  }
},
{
  "pk": 15, 
  "model": "base.table", 
  "fields": {
    "nom": "T21", 
    "zone": 3
  }
},
{
  "pk": 16, 
  "model": "base.table", 
  "fields": {
    "nom": "T22", 
    "zone": 3
  }
},
{
  "pk": 17, 
  "model": "base.table", 
  "fields": {
    "nom": "T23", 
    "zone": 3
  }
},
{
  "pk": 18, 
  "model": "base.table", 
  "fields": {
    "nom": "T24", 
    "zone": 3
  }
},
{
  "pk": 19, 
  "model": "base.table", 
  "fields": {
    "nom": "T25", 
    "zone": 3
  }
},
{
  "pk": 20, 
  "model": "base.table", 
  "fields": {
    "nom": "T26", 
    "zone": 3
  }
},
{
  "pk": 21, 
  "model": "base.table", 
  "fields": {
    "nom": "T27", 
    "zone": 3
  }
},
{
  "pk": 22, 
  "model": "base.table", 
  "fields": {
    "nom": "T28", 
    "zone": 3
  }
},
{
  "pk": 23, 
  "model": "base.table", 
  "fields": {
    "nom": "T29", 
    "zone": 3
  }
},
{
  "pk": 54, 
  "model": "base.table", 
  "fields": {
    "nom": "T--", 
    "zone": 6
  }
}
]
